idx,date,bvid,title,length,play,video_review,typename,aid,created_ts,url
1,2026-09-02,BV1xWtJ6iEGs,【梗百科】松针大油边是啥梗？,02:08,1051283,382,,117200631436935,1788340093,https://www.bilibili.com/video/BV1xWtJ6iEGs
2,2026-08-29,BV1ii4C6QEk8,【梗百科】闹吃VS古振兴是啥梗？真人HIM？,03:52,829802,609,,117178368137288,1788000141,https://www.bilibili.com/video/BV1ii4C6QEk8
3,2026-08-28,BV13ptA6AEAW,【梗百科】大葱哥是咋回事？,02:30,341829,144,,117172428937362,1787909621,https://www.bilibili.com/video/BV13ptA6AEAW
4,2026-08-24,BV11whN6NE6T,【梗百科】我是爷们是啥梗？！,02:13,435009,363,,117149746075598,1787563555,https://www.bilibili.com/video/BV11whN6NE6T
5,2026-08-22,BV1a9816ZER9,【梗百科】胆子真是肥嘟嘟的是啥梗？,01:44,1015703,393,,117137817474825,1787381370,https://www.bilibili.com/video/BV1a9816ZER9
6,2026-08-21,BV1vQ8i6uEYf,【梗百科】老叟戏顽童是啥梗？泥肘！！？,02:28,6420895,892,,117132952213682,1787307356,https://www.bilibili.com/video/BV1vQ8i6uEYf
7,2026-08-20,BV16Sbo6TEBX,【梗百科】突然出现的章鱼哥的美妙音乐啥梗？,03:35,1393107,241,,117125704392658,1787220000,https://www.bilibili.com/video/BV16Sbo6TEBX
8,2026-08-17,BV1g4be69Edh,【梗百科】隔壁班转来了个XX是啥梗？正太扭腰？,02:40,359455,356,,117110386727801,1786962977,https://www.bilibili.com/video/BV1g4be69Edh
9,2026-08-15,BV1Lqby6oE7i,【梗百科】牛来是啥梗？,01:24,1594049,490,,117099347318410,1786794449,https://www.bilibili.com/video/BV1Lqby6oE7i
10,2026-08-14,BV1i5gN6eEMW,【梗百科】野生狗奶是啥梗？,02:35,6714288,718,,117092854535456,1786695286,https://www.bilibili.com/video/BV1i5gN6eEMW
11,2026-08-13,BV1PkgE69EoL,【梗百科】熊大回眸是啥梗？轻松绷住！？,02:28,913234,607,,117086160622814,1786593316,https://www.bilibili.com/video/BV1PkgE69EoL
12,2026-08-11,BV1cVuq6aEeK,【梗百科】X姆？长月老贼是啥梗？【B萌应援】,02:44,241629,1118,,117076228381527,1786441669,https://www.bilibili.com/video/BV1cVuq6aEeK
13,2026-08-09,BV1yxum6AEfC,【梗百科】直到XX变成XX是啥梗？,01:32,625073,389,,117065172128115,1786272972,https://www.bilibili.com/video/BV1yxum6AEfC
14,2026-08-08,BV1xRuu6fEeA,【梗百科】不X你们X什么是啥梗？！,02:04,1559748,1751,,117058796785986,1786175641,https://www.bilibili.com/video/BV1xRuu6fEeA
15,2026-08-05,BV1h6My6AEvN,【梗百科】霸之意志是啥梗？,01:51,722018,244,,117042506174946,1785927208,https://www.bilibili.com/video/BV1h6My6AEvN
16,2026-08-04,BV1Xsuc67E8r,【梗百科】你会XXX吗是啥梗？瓦哩师徒杯名场面！？,02:16,1141236,178,,117036734814389,1785839732,https://www.bilibili.com/video/BV1Xsuc67E8r
17,2026-08-01,BV1vwG369EkM,【梗百科】XX人吃到美食是啥梗？,02:27,466047,920,,117019286444641,1785572821,https://www.bilibili.com/video/BV1vwG369EkM
18,2026-07-31,BV1P8Gw6yEjS,【梗百科】许愿柳是啥梗？,01:56,1547967,895,,117014219789683,1785495648,https://www.bilibili.com/video/BV1P8Gw6yEjS
19,2026-07-27,BV1Ut3F6VE5x,【梗百科】六人定律是啥梗？光头强认识川普？,02:22,734180,362,,116991285271810,1785145622,https://www.bilibili.com/video/BV1Ut3F6VE5x
20,2026-07-26,BV1YV3E6iE8T,【梗百科】中国人能飞是啥梗？,02:40,2185667,1399,,116985799184698,1785061758,https://www.bilibili.com/video/BV1YV3E6iE8T
21,2026-07-23,BV1dogD6aEpG,【梗百科】大阪和摄政王是啥梗？,02:13,1324968,787,,116968686361939,1784800861,https://www.bilibili.com/video/BV1dogD6aEpG
22,2026-07-22,BV18egC6NEfr,【梗百科】成吉思鸡是啥？你说的一点都对？！,02:08,1639267,626,,116963133103845,1784716162,https://www.bilibili.com/video/BV18egC6NEfr
23,2026-07-18,BV1BiKP6dEPr,【梗百科】AVGN舞？双子木马？近期人气外网meme都有啥？,02:19,276017,676,,116940601364671,1784372253,https://www.bilibili.com/video/BV1BiKP6dEPr
24,2026-07-17,BV1ScKn69Enz,【梗百科】宗主第二招是啥？,01:56,1571229,374,,116934712497861,1784282411,https://www.bilibili.com/video/BV1ScKn69Enz
25,2026-07-16,BV1DsKG6KE6q,【梗百科】干瘪瘪的芝士球是啥梗？,01:20,1543315,238,,116929041865493,1784195672,https://www.bilibili.com/video/BV1DsKG6KE6q
26,2026-07-11,BV1usN46zEq8,【梗百科】OMG你吓到我了是啥梗？,02:21,2024975,208,,116899664960034,1783747518,https://www.bilibili.com/video/BV1usN46zEq8
27,2026-07-09,BV1ysME67Em9,【梗百科】大狗叫是啥梗？这只狗哪里来的？！,03:28,4296690,2097,,116889430856783,1783591334,https://www.bilibili.com/video/BV1ysME67Em9
28,2026-07-08,BV1cyMi6tEKw,【梗百科】佛得角门神是啥梗？,02:44,928484,349,,116882686351377,1783488335,https://www.bilibili.com/video/BV1cyMi6tEKw
29,2026-07-04,BV1DKMA6LEVL,【梗百科】蛤蟆电音是咋回事？呱呱呱呱呱呱呱呱？！,01:48,1162246,124,,116861094270758,1783159045,https://www.bilibili.com/video/BV1DKMA6LEVL
30,2026-07-02,BV11UTL6gECb,【梗百科】睾酮打到XX上了是啥梗？,02:35,1047459,882,,116849752677931,1782985879,https://www.bilibili.com/video/BV11UTL6gECb
31,2026-06-30,BV17LTF6mErp,【梗百科】被生活磨平了妙脆角是啥梗？,01:44,3531450,480,,116838478387761,1782813926,https://www.bilibili.com/video/BV17LTF6mErp
32,2026-06-29,BV1weKQ6YE3D,【梗百科】爹系男友是啥？,01:56,1225181,618,,116832790910876,1782727229,https://www.bilibili.com/video/BV1weKQ6YE3D
33,2026-06-28,BV1ZgTT6PEP7,【梗百科】我只是在做自己的事情是啥梗？DU BIST GUT GENUG？,02:55,1121453,689,,116825694148194,1782618795,https://www.bilibili.com/video/BV1ZgTT6PEP7
34,2026-06-27,BV14k7p69Eds,【梗百科】走个面儿是啥梗？,03:02,908436,637,,116821080414199,1782548564,https://www.bilibili.com/video/BV14k7p69Eds
35,2026-06-24,BV1LvjR6dEVk,【梗百科】超级变色龙是啥？捉迷藏游戏火爆了？！,01:57,523538,290,,116804722761404,1782298994,https://www.bilibili.com/video/BV1LvjR6dEVk
36,2026-06-21,BV124jb6NEUD,【梗百科】你是龙子你是虾子是啥梗？骂人是错误行为！？,01:54,420139,193,,116786603233608,1782022353,https://www.bilibili.com/video/BV124jb6NEUD
37,2026-06-18,BV1BojA6UEB9,【梗百科】青蛙教练是啥梗？,02:05,416250,136,,116770530661929,1781777051,https://www.bilibili.com/video/BV1BojA6UEB9
38,2026-06-17,BV1PxLX6cEH8,【梗百科】严肃脸是啥梗？,01:44,789350,341,,116764826476188,1781690094,https://www.bilibili.com/video/BV1PxLX6cEH8
39,2026-06-14,BV15KJw61EuV,【梗百科】香港究竟有几个区是啥梗？,01:53,848299,1071,,116747730425876,1781429106,https://www.bilibili.com/video/BV15KJw61EuV
40,2026-06-12,BV1QpE16fENZ,【梗百科】“鹅”腿阿姨是咋回事？,02:18,5060807,1394,,116736842011889,1781263163,https://www.bilibili.com/video/BV1QpE16fENZ
41,2026-06-11,BV14oEq6eEvS,【梗百科】肉肉肉是啥梗？,01:50,558178,69,,116730919656831,1781172810,https://www.bilibili.com/video/BV14oEq6eEvS
42,2026-06-10,BV1NuE96rEh6,【梗百科】PixPix是啥梗？,01:51,2342793,278,,116725299288108,1781086932,https://www.bilibili.com/video/BV1NuE96rEh6
43,2026-06-09,BV1eDEE6dEGo,【梗百科】萨尔下是啥梗？,03:03,926419,501,,116719175669384,1780998355,https://www.bilibili.com/video/BV1eDEE6dEGo
44,2026-06-08,BV14uEg6XETC,【梗百科】为高考静音是啥梗？,01:44,607811,271,,116713874201579,1780912747,https://www.bilibili.com/video/BV14uEg6XETC
45,2026-06-07,BV1QeEb67EYc,【梗百科】高考当天免费XX是咋回事？,02:04,735148,210,,116708236923226,1780826593,https://www.bilibili.com/video/BV1QeEb67EYc
46,2026-06-02,BV1BiVB6uETY,【梗百科】月薪喵是啥？这个“散味舞”怎么来的？,02:05,2936891,1031,,116680051135929,1780396577,https://www.bilibili.com/video/BV1BiVB6uETY
47,2026-06-01,BV1XHVZ6nEJm,【梗百科】XX的实力并不强是啥梗？我读书少！你不要骗我？！,02:12,1302234,359,,116674246286083,1780307823,https://www.bilibili.com/video/BV1XHVZ6nEJm
48,2026-05-30,BV1iXVG6aEHq,【梗百科】星光坏事做尽是啥梗？,02:07,643073,253,,116662183402177,1780124022,https://www.bilibili.com/video/BV1iXVG6aEHq
49,2026-05-28,BV18AVp62ETL,【梗百科】幼年形态已经很完美了是啥梗？,01:33,1519209,584,,116651597044650,1779962373,https://www.bilibili.com/video/BV18AVp62ETL
50,2026-05-24,BV1WzG769EFM,【梗百科】百万英镑是啥？这得花不少钱？！,03:47,2591232,1622,,116628461393983,1779609249,https://www.bilibili.com/video/BV1WzG769EFM
51,2026-05-23,BV1ZAGi6FEjh,【梗百科】你喝过特么百事可乐吗是啥梗？,01:52,561690,419,,116623226706677,1779529563,https://www.bilibili.com/video/BV1ZAGi6FEjh
52,2026-05-22,BV1JpLv6uEfj,【梗百科】我真求你了天猫是啥梗？申请查询天猫精神状态？！,01:42,597777,121,,116616767542581,1779440400,https://www.bilibili.com/video/BV1JpLv6uEfj
53,2026-05-18,BV1BNLw6rE3X,【梗百科】外网爆火的二乔VS栏杆是啥梗？,03:35,793187,417,,116595007428654,1779098782,https://www.bilibili.com/video/BV1BNLw6rE3X
54,2026-05-17,BV1twLH6LE4R,【梗百科】误闯天嘉是啥梗？,01:47,857293,164,,116589085070950,1779012000,https://www.bilibili.com/video/BV1twLH6LE4R
55,2026-05-16,BV18EL369EQ7,【梗百科】调查兵团存在的意义是啥梗？没有这个地方！？,02:16,857736,437,,116582844012034,1778913122,https://www.bilibili.com/video/BV18EL369EQ7
56,2026-05-14,BV1Eh596QEgQ,【梗百科】选择大于努力？78sensei？近期名场面盘点？！,04:41,984992,442,,116572324632309,1778752850,https://www.bilibili.com/video/BV1Eh596QEgQ
57,2026-05-13,BV1es5169EHt,【梗百科】中奖概率倍儿高是啥梗？,02:41,7502379,676,,116566905656954,1778670073,https://www.bilibili.com/video/BV1es5169EHt
58,2026-05-11,BV1Hv5x6LEPM,【梗百科】找到失传媒体？中头奖是啥外网梗？坐杀博徒再出江湖？,04:39,361505,568,,116555715187751,1778499232,https://www.bilibili.com/video/BV1Hv5x6LEPM
59,2026-05-09,BV1krR9BxE51,【梗百科】曾经的王是啥梗？成为王的代价！？,02:26,1194970,662,,116544004689951,1778320613,https://www.bilibili.com/video/BV1krR9BxE51
60,2026-05-06,BV1wSRxB7E2x,【梗百科】看到过去的自己是啥梗？,02:04,686636,127,,116527344983616,1778066421,https://www.bilibili.com/video/BV1wSRxB7E2x
61,2026-05-05,BV1fhR1BcEkB,【梗百科】娜塔莎是啥梗？,02:21,786338,603,,116521456180576,1777976511,https://www.bilibili.com/video/BV1fhR1BcEkB
62,2026-05-03,BV1Wq9fB6EY6,【梗百科】没想降维打击是啥梗？,02:14,1447606,647,,116510114715840,1777803518,https://www.bilibili.com/video/BV1Wq9fB6EY6
63,2026-05-02,BV1GoRMBUErJ,【梗百科】法老为啥是魔兽梦男？！,02:32,628031,197,,116499763240320,1777698000,https://www.bilibili.com/video/BV1GoRMBUErJ
64,2026-04-25,BV1TxoXBvEc6,【梗百科】燃烧我的卡路里咋又火了？,02:15,2588400,1344,,116464732345734,1777111012,https://www.bilibili.com/video/BV1TxoXBvEc6
65,2026-04-20,BV1WToKBwE15,【梗百科】我早已麻痹是啥梗？,01:47,2419788,1317,,116436429247705,1776679254,https://www.bilibili.com/video/BV1WToKBwE15
66,2026-04-19,BV1aRddBEE5R,【梗百科】依旧果冻人是啥梗？因为长得太像表情包成梗的男人？,04:32,1073390,709,,116429315641670,1776570646,https://www.bilibili.com/video/BV1aRddBEE5R
67,2026-04-17,BV17udjB2EqL,【梗百科】Coke高招是啥梗？这火影玩家也太能玩梗了？！,02:54,1192457,225,,116420658599144,1776439448,https://www.bilibili.com/video/BV17udjB2EqL
68,2026-04-16,BV1L6dhBQEdR,【梗百科】老贝榨是啥梗？玩梗还能这么玩？！,02:14,4011918,403,,116413008189270,1776321711,https://www.bilibili.com/video/BV1L6dhBQEdR
69,2026-04-12,BV1EgDQBNEVx,【梗百科】插入Aizo是啥梗？,02:56,2210843,1460,,116391181031968,1775988636,https://www.bilibili.com/video/BV1EgDQBNEVx
70,2026-04-11,BV1bdDCBaEhK,【梗百科】至少穿的像个人是啥梗？,01:49,1016658,115,,116385191697185,1775901592,https://www.bilibili.com/video/BV1bdDCBaEhK
71,2026-04-09,BV17nDWB9EB9,【梗百科】嘎子酸奶战役是啥梗？,02:25,1260833,729,,116374085049249,1775727922,https://www.bilibili.com/video/BV17nDWB9EB9
72,2026-04-08,BV1oUDLBaE8n,【梗百科】唐嘉琦是咋回事？,02:06,7647164,1139,,116368632454033,1775644615,https://www.bilibili.com/video/BV1oUDLBaE8n
73,2026-04-06,BV19NDFB2Ei2,【梗百科】唐毒蛇是啥？用毒蛇的毒毒毒蛇！,02:13,1015953,256,,116357207235160,1775470295,https://www.bilibili.com/video/BV19NDFB2Ei2
74,2026-03-31,BV157XrBqELk,【梗百科】如果XX是你的力量是啥梗？骷髅VS苏格拉底！！？,02:21,843504,196,,116323401142700,1774954500,https://www.bilibili.com/video/BV157XrBqELk
75,2026-03-28,BV1wVXLB5Exm,【梗百科】区是啥梗？,01:51,2098865,1595,,116305701117211,1774684248,https://www.bilibili.com/video/BV1wVXLB5Exm
76,2026-03-25,BV1zmQ2BtEkk,【梗百科】新三吴国+群雄篇？！吃什么？可以称帝了？！,18:35,1394014,4560,,116289343396056,1774435062,https://www.bilibili.com/video/BV1zmQ2BtEkk
77,2026-03-20,BV1a4AnzKEWy,【梗百科】眼睛瞎在XX上是啥梗？,02:12,7005655,917,,116260889173334,1774000554,https://www.bilibili.com/video/BV1a4AnzKEWy
78,2026-03-18,BV17awezjEr4,【梗百科】外国人最近狂玩的DLSS 5 ON梗是啥？,03:32,520235,716,,116249631660997,1773828894,https://www.bilibili.com/video/BV17awezjEr4
79,2026-03-17,BV1YewXzoEjT,【梗百科】顶富熊大快跑是啥梗？,01:49,842051,264,,116243893853940,1773741474,https://www.bilibili.com/video/BV1YewXzoEjT
80,2026-03-14,BV1pKwxzwE2T,【梗百科】国产吉尔伽美什是啥梗？喜悦！！？,02:12,3631388,1092,,116226915308794,1773482311,https://www.bilibili.com/video/BV1pKwxzwE2T
81,2026-03-12,BV1exckzbE86,【梗百科】重大历史机遇！家是本是啥梗？,02:07,1491579,552,,116215674574326,1773310846,https://www.bilibili.com/video/BV1exckzbE86
82,2026-03-11,BV1ogcfzyE85,【梗百科】雪山狐狸酱板鸭是啥梗？,02:25,1348214,371,,116209903408207,1773222647,https://www.bilibili.com/video/BV1ogcfzyE85
83,2026-03-08,BV1MGN3zkEoX,【梗百科】抖肩舞是啥梗？低皮质醇又是啥梗？,03:32,1210338,823,,116192958291402,1772964175,https://www.bilibili.com/video/BV1MGN3zkEoX
84,2026-03-06,BV1wAPszAEwM,【梗百科】忧郁程度是啥梗？,02:11,1247986,743,,116181600116151,1772790941,https://www.bilibili.com/video/BV1wAPszAEwM
85,2026-03-04,BV19yPNzaEX4,【梗百科】新三蜀国篇？！自刎归天？龙可是帝王之证啊？！,14:48,2015250,4642,,116170258716027,1772617665,https://www.bilibili.com/video/BV19yPNzaEX4
86,2026-02-28,BV1XHA8zbEEf,【梗百科】没有人知道碰它的后果是什么是啥梗？,01:22,1144875,583,,116147660002514,1772272984,https://www.bilibili.com/video/BV1XHA8zbEEf
87,2026-02-27,BV17mAUzxEFu,【梗百科】低音炮丹尼尔是啥梗？辛巴巴巴噜比啦！？,02:11,3120962,453,,116142072929934,1772188035,https://www.bilibili.com/video/BV17mAUzxEFu
88,2026-02-25,BV17dftBRE9C,【梗百科】秀芹多吃点怎么了是啥？,02:32,1173724,126,,116131218068805,1772022199,https://www.bilibili.com/video/BV17dftBRE9C
89,2026-02-22,BV1XqfFBPEH2,【梗百科】新三魏国篇？！死是凉爽的夏夜？不可能！绝对不可能！？,11:50,1407478,4029,,116112377319520,1771734447,https://www.bilibili.com/video/BV1XqfFBPEH2
90,2026-02-20,BV1HLfuBgEwy,【梗百科】法国口音是啥梗？我要验牌！！？,02:32,1086622,267,,116102478698408,1771583528,https://www.bilibili.com/video/BV1HLfuBgEwy
91,2026-02-19,BV1wSZYB3ExD,【梗百科】撒贝宁老鼠干是啥梗？,01:51,7738147,2757,,116095281272704,1771473593,https://www.bilibili.com/video/BV1wSZYB3ExD
92,2026-02-17,BV1jBZCBbE2D,【梗百科】机器孙子团是啥？今年春晚有啥梗？！,02:24,1294964,1411,,116084543853000,1771309962,https://www.bilibili.com/video/BV1jBZCBbE2D
93,2026-02-15,BV1NsZsBxEoR,【梗百科】牛巴里巴是啥？,02:41,940083,382,,116072615255452,1771127790,https://www.bilibili.com/video/BV1NsZsBxEoR
94,2026-02-13,BV1LRcLzREG9,【梗百科】我的刀盾和哔哔拉布是啥梗？,02:42,9030866,1575,,116062699986587,1770976557,https://www.bilibili.com/video/BV1LRcLzREG9
95,2026-02-11,BV1yBc4zNE8Z,【梗百科】我是L名场面是啥梗？智斗の小曲？！,02:09,1181334,638,,116051375298485,1770803712,https://www.bilibili.com/video/BV1yBc4zNE8Z
96,2026-02-08,BV17kcFzmEqQ,【梗百科】食猴鹰怎么火了？达尔文事变怎么回事？！,02:53,3136172,2546,,116034363200869,1770544079,https://www.bilibili.com/video/BV17kcFzmEqQ
97,2026-02-07,BV1G2FWzuEDR,【梗百科】我们的配音很像陈千语？最初为什么做梗百科！？,05:32,2850139,3107,,116029111934540,1770463894,https://www.bilibili.com/video/BV1G2FWzuEDR
98,2026-02-06,BV15uFzzSEzr,【梗百科】偷菜是啥？这梗重出江湖了？,02:31,1308083,315,,116022082279511,1770373800,https://www.bilibili.com/video/BV15uFzzSEzr
99,2026-02-04,BV1K3foBEEjx,【梗百科】别入坑绝区零是咋回事？水熊肘击是啥梗？,02:56,1134928,1447,,116012200498666,1770206079,https://www.bilibili.com/video/BV1K3foBEEjx
100,2026-01-31,BV15y61BHEkw,【梗百科】I can't wait 是啥梗？,01:51,1037119,2405,,115989182223655,1769854576,https://www.bilibili.com/video/BV15y61BHEkw
101,2026-01-29,BV1sn6FBgEtD,【梗百科】XX+XX等于什么颜色是啥梗？颜色混合！,02:10,832275,314,,115977790429796,1769680804,https://www.bilibili.com/video/BV1sn6FBgEtD
102,2026-01-27,BV1dZ6gBREHw,【梗百科】老子才是老大是啥梗？,02:12,822151,396,,115966516272767,1769508801,https://www.bilibili.com/video/BV1dZ6gBREHw
103,2026-01-24,BV1GLzCBzE6S,【梗百科】XX做了噩梦是啥梗？万物皆可做噩梦？！,02:06,1462366,210,,115949353046029,1769246803,https://www.bilibili.com/video/BV1GLzCBzE6S
104,2026-01-21,BV1fXzLBzEwD,【梗百科】你已急哭是啥梗？,02:04,6617723,1522,,115932575833842,1768991025,https://www.bilibili.com/video/BV1fXzLBzEwD
105,2026-01-20,BV1Twk7BPEdP,【梗百科】疯狂的鸽子是啥梗？,01:44,1395211,255,,115926871580039,1768903928,https://www.bilibili.com/video/BV1Twk7BPEdP
106,2026-01-17,BV1h8rDBFELA,【梗百科】节奏挑战？惹怒上司？咒术回战拨刘海火爆全网？,04:38,442523,604,,115909607821386,1768640413,https://www.bilibili.com/video/BV1h8rDBFELA
107,2026-01-16,BV1b7rkBKEuy,【梗百科】我也要死吗是啥梗？,02:23,5423722,1421,,115904188782750,1768558995,https://www.bilibili.com/video/BV1b7rkBKEuy
108,2026-01-13,BV1J1r5BVE6i,【梗百科】去酒吧看看是啥梗？新玩法是什么情况？,02:42,3438469,1882,,115887310903414,1768300233,https://www.bilibili.com/video/BV1J1r5BVE6i
109,2026-01-11,BV1XA6RBgE21,【梗百科】我的身材很曼妙是啥梗？,01:47,974675,256,,115874409223537,1768103351,https://www.bilibili.com/video/BV1XA6RBgE21
110,2026-01-08,BV1eMiRBAEwd,【梗百科】火爆全网的蕾塞舞是啥梗？骑鲨鱼、泳池？！,02:31,420871,191,,115858923919485,1767867096,https://www.bilibili.com/video/BV1eMiRBAEwd
111,2026-01-06,BV12fqwB3EF1,【梗百科】这XX有力气是啥梗？,02:00,6114448,1450,,115847599298131,1767694224,https://www.bilibili.com/video/BV12fqwB3EF1
112,2026-01-04,BV1DSirBREDy,【梗百科】2026北极熊是啥梗？新年第一梗？,01:56,5991093,665,,115834781700714,1767498674,https://www.bilibili.com/video/BV1DSirBREDy
113,2026-01-03,BV1ZPieB5EK7,【梗百科】奶龙大笑是啥梗？变异奶龙？！,01:54,1717591,1383,,115829144293958,1767412748,https://www.bilibili.com/video/BV1ZPieB5EK7
114,2025-12-31,BV121igBFENT,【梗百科】2025年热梗总结！啥梗有1300+万播放？！,06:12,1384169,775,,115813927556198,1767180544,https://www.bilibili.com/video/BV121igBFENT
115,2025-12-27,BV1FUBrBLESX,【梗百科】Be water是啥梗？,02:35,504673,360,,115791143900352,1766832907,https://www.bilibili.com/video/BV1FUBrBLESX
116,2025-12-26,BV176BYBUEcG,【梗百科】弹丸论破手势舞是啥梗？,02:54,1896456,1308,,115785406157033,1766746129,https://www.bilibili.com/video/BV176BYBUEcG
117,2025-12-24,BV1Q7B5BDEKU,【梗百科】萝卜纸巾猫是啥梗？真棒！,02:18,1100617,358,,115773913698832,1766569787,https://www.bilibili.com/video/BV1Q7B5BDEKU
118,2025-12-21,BV14FqUBME5b,【梗百科】爱你老己是啥梗？,01:52,675267,259,,115756096362187,1766298090,https://www.bilibili.com/video/BV14FqUBME5b
119,2025-12-19,BV1YWqZBkEJk,【梗百科】不许P圣诞帽是咋回事？,02:05,2675649,848,,115745627313300,1766138345,https://www.bilibili.com/video/BV1YWqZBkEJk
120,2025-12-16,BV1bWqhBZEAs,【梗百科】绝望的蛋小黄是啥梗？这个表情包出自哪里？,02:15,3430376,1318,,115728665615101,1765879585,https://www.bilibili.com/video/BV1bWqhBZEAs
121,2025-12-15,BV1J4mCB6Emw,【梗百科】XXX你被捕了是啥梗？,02:19,910339,416,,115721988217545,1765792800,https://www.bilibili.com/video/BV1J4mCB6Emw
122,2025-12-14,BV1PUmqBwEr3,【梗百科】关羽之歌是啥梗？,03:07,1790201,1479,,115717374481584,1765707249,https://www.bilibili.com/video/BV1PUmqBwEr3
123,2025-12-10,BV1RumbBdEo1,【梗百科】阿米嘎蒂朵喵喵是啥梗？火爆外网的破碎面具？,04:24,537145,1346,,115694926700109,1765364618,https://www.bilibili.com/video/BV1RumbBdEo1
124,2025-12-09,BV1SV2DBzEYV,【梗百科】那个L啊是啥梗？顶级智斗！,02:21,1090491,293,,115689037894134,1765274941,https://www.bilibili.com/video/BV1SV2DBzEYV
125,2025-12-07,BV1nSmcBREh6,【梗百科】我们不说XX，但可以说XX是啥梗？,02:01,4365550,1169,,115677780318832,1765103019,https://www.bilibili.com/video/BV1nSmcBREh6
126,2025-12-06,BV1a62WBKENT,【梗百科】你16年注册过CFM吗是啥梗？,01:44,1497295,484,,115671723677918,1765011011,https://www.bilibili.com/video/BV1a62WBKENT
127,2025-12-04,BV1gA2vBwEkS,【梗百科】主人不在家，我XXX是啥梗？嘠悠嘠悠～,01:46,3282789,316,,115660684401593,1764842275,https://www.bilibili.com/video/BV1gA2vBwEkS
128,2025-12-03,BV1nN24BoEyq,【梗百科】狮子吼小猫头鹰是啥梗？兄弟我错了...,02:15,2270718,237,,115655097458241,1764756831,https://www.bilibili.com/video/BV1nN24BoEyq
129,2025-11-29,BV17SSFBXEi9,【梗百科】你刚刚说了XX是啥梗？还有比XX更有趣的事情吗？,02:07,4003364,782,,115632431439397,1764410988,https://www.bilibili.com/video/BV17SSFBXEi9
130,2025-11-27,BV1rjSMB7Edb,【梗百科】因为你已经爱上我了是啥梗？出处并非你以为的那个？,01:51,1185554,1364,,115621106818043,1764238425,https://www.bilibili.com/video/BV1rjSMB7Edb
131,2025-11-26,BV1J1UUBoEfo,【梗百科】当你的朋友说开车来接你是啥梗？,02:01,859682,133,,115609631331358,1764150900,https://www.bilibili.com/video/BV1J1UUBoEfo
132,2025-11-23,BV1HwUNBTE6r,【梗百科】Papa小孩是啥梗？他带着秀才火到国外了？,02:21,1140213,368,,115597148953169,1763872697,https://www.bilibili.com/video/BV1HwUNBTE6r
133,2025-11-22,BV1woUpBWEV9,【梗百科】外网爆火的芙莉莲仰视是啥梗？透视实在是太简单啦！,02:14,1086726,691,,115591562203565,1763807400,https://www.bilibili.com/video/BV1woUpBWEV9
134,2025-11-21,BV1omyMBtEFS,【梗百科】外卖教练是啥梗？,02:41,919587,269,,115585824330399,1763719200,https://www.bilibili.com/video/BV1omyMBtEFS
135,2025-11-20,BV1tgywB8EeA,【梗百科】他是我们这里最没天赋的人是啥梗？另一个世界的我？,02:14,968693,494,,115581378436394,1763631976,https://www.bilibili.com/video/BV1tgywB8EeA
136,2025-11-16,BV1C1C9BYE6i,【梗百科】我赚钱啦赚钱啦是啥梗？这梗小时候抱过我？！,03:16,4416678,876,,115558259366650,1763279480,https://www.bilibili.com/video/BV1C1C9BYE6i
137,2025-11-13,BV1zAC4B7ERC,【梗百科】企鹅跳舞是啥梗？高松灯为何绑定企鹅？！,03:11,1724809,617,,115541767364167,1763027584,https://www.bilibili.com/video/BV1zAC4B7ERC
138,2025-11-12,BV1UGCEBuEuj,【梗百科】Galgame里面不是这样的是啥梗？你们谁有安装包啊？,03:48,1864320,1221,,115536113507013,1762941409,https://www.bilibili.com/video/BV1UGCEBuEuj
139,2025-11-11,BV1wFkCBhEz2,【梗百科】非洲十二少是啥梗？这黑人小孩哪来的？,01:32,1105296,173,,115530442742298,1762854827,https://www.bilibili.com/video/BV1wFkCBhEz2
140,2025-11-07,BV1R323BqEcv,【梗百科】谁有多余XX是啥梗？行业DJ火了？,03:32,4833413,459,,115507843899163,1762509935,https://www.bilibili.com/video/BV1R323BqEcv
141,2025-11-06,BV1Av2FBpEc1,【梗百科】雷霆坐姿是啥梗？搁那儿一坐就成梗了！？,01:59,1320392,591,,115501988651001,1762420776,https://www.bilibili.com/video/BV1Av2FBpEc1
142,2025-11-04,BV1Qs1rBjEjn,【梗百科】噔→噔→噔→噔 ↗噔→噔↘是啥梗？,03:53,1558585,616,,115490563364839,1762253227,https://www.bilibili.com/video/BV1Qs1rBjEjn
143,2025-11-02,BV1rkydBTEyG,【梗百科】没建模没经济的我是啥梗？出处原来是这样？干嘛...,02:27,2712618,1485,,115478383039945,1762060703,https://www.bilibili.com/video/BV1rkydBTEyG
144,2025-10-28,BV1AGyrBaE5q,【梗百科】苦命鸳鸯是啥梗？这野史也太野了...,02:28,3524291,2399,,115451187239503,1761645493,https://www.bilibili.com/video/BV1AGyrBaE5q
145,2025-10-27,BV1zzsUz7EEP,【梗百科】X的那边是什么是啥梗？海边三格AI图火了？,02:09,712992,422,,115445533318915,1761559116,https://www.bilibili.com/video/BV1zzsUz7EEP
146,2025-10-26,BV1YzxAzCEKE,【梗百科】狮子朝着苹果吼？这表情包出处原来是这样的？！,01:54,1396923,602,,115438755254821,1761455692,https://www.bilibili.com/video/BV1YzxAzCEKE
147,2025-10-25,BV1NJsdz5E1q,【梗百科】野原广志领域展开是啥梗？XXX的午餐流派？！,03:03,2161683,935,,115432765789227,1761364469,https://www.bilibili.com/video/BV1NJsdz5E1q
148,2025-10-24,BV1tUsJzUER9,【梗百科】爆！CS2锻刀大赛是咋回事？！！,02:14,1132709,445,,115427296549105,1761281114,https://www.bilibili.com/video/BV1tUsJzUER9
149,2025-10-23,BV1qksqz1EzT,【梗百科】平移饿狼是啥梗？一拳超人又出新梗？,02:49,1012342,482,,115422917563768,1761214109,https://www.bilibili.com/video/BV1qksqz1EzT
150,2025-10-22,BV1i8sbzXEzG,【梗百科】智斗天花板是啥梗？这位越南小哥是谁？,02:42,2868713,527,,115417565828359,1761132329,https://www.bilibili.com/video/BV1i8sbzXEzG
151,2025-10-19,BV1wgswzQEPC,【梗百科】你是AI生成的吗\大东北我的家乡是啥梗？,03:55,1572332,597,,115400151011537,1760866977,https://www.bilibili.com/video/BV1wgswzQEPC
152,2025-10-16,BV1fKWvzBEto,【梗百科】活力大湾区魅力新广州是啥梗？,01:39,1114079,694,,115383172339034,1760607796,https://www.bilibili.com/video/BV1fKWvzBEto
153,2025-10-15,BV1oB4izjExH,【梗百科】玩家老了，丁亮翻遍硬盘都没找到这集是啥梗？,03:36,1007522,582,,115377551972976,1760521993,https://www.bilibili.com/video/BV1oB4izjExH
154,2025-10-13,BV1NH4mzZEsq,【梗百科】何意味是啥梗？,02:13,2619373,1222,,115366210638915,1760348824,https://www.bilibili.com/video/BV1NH4mzZEsq
155,2025-10-12,BV1mK4uzWEBo,【梗百科】朵拉智斗是咋回事？,02:28,959539,417,,115360539877362,1760262569,https://www.bilibili.com/video/BV1mK4uzWEBo
156,2025-10-11,BV1964FzuEP5,【梗百科】企鹅表情包是啥梗？原来出自这里？高雅人士品鉴中？！！,01:34,1225145,451,,115355137610821,1760179905,https://www.bilibili.com/video/BV1964FzuEP5
157,2025-10-10,BV1Kb4JzJEeg,【梗百科】我是最棒的小羊是啥梗？,01:52,865965,197,,115349232099247,1760089859,https://www.bilibili.com/video/BV1Kb4JzJEeg
158,2025-10-09,BV1eUxCzfEex,【梗百科】怀疑？寻找伪人？67是啥梗？无处不在的赛文原来是外网梗！？,07:44,1156191,2138,,115344064649044,1760010878,https://www.bilibili.com/video/BV1eUxCzfEex
159,2025-10-07,BV1tLxXzVEQg,【梗百科】AI阴湿是啥梗？,02:27,1262246,1097,,115332018609817,1759827331,https://www.bilibili.com/video/BV1tLxXzVEQg
160,2025-10-06,BV1REx7zWEkt,【梗百科】鸡蛋免费抢是啥梗？JO厨又发力了？！,02:26,1200986,361,,115326381465514,1759741125,https://www.bilibili.com/video/BV1REx7zWEkt
161,2025-10-05,BV1Nsxaz2EXT,【梗百科】颗秒！邦↓邦↓邦↓邦↑ 是啥梗？,03:04,3509065,730,,115319536359338,1759636777,https://www.bilibili.com/video/BV1Nsxaz2EXT
162,2025-10-03,BV13xHVzbE3z,【梗百科】技能五子棋是啥梗？,02:34,1230816,1278,,115309402922843,1759482024,https://www.bilibili.com/video/BV13xHVzbE3z
163,2025-10-02,BV18VHNzvEji,【梗百科】村田嵌字是啥梗？一拳超人又出新梗了！？,02:18,1233956,786,,115304051054732,1759400394,https://www.bilibili.com/video/BV18VHNzvEji
164,2025-09-28,BV1fnnozZEGL,【梗百科】鸡排主理人是啥梗？,02:51,1036389,359,,115281301282288,1759053342,https://www.bilibili.com/video/BV1fnnozZEGL
165,2025-09-25,BV132nbzTEYr,【梗百科】王扁是谁？,03:01,4288877,766,,115264389716615,1758795217,https://www.bilibili.com/video/BV132nbzTEYr
166,2025-09-23,BV1UMJCzvEHn,【梗百科】钢塞超人是啥梗？原来是外网传过来的呀！？,02:53,4106825,1889,,115253216090265,1758624834,https://www.bilibili.com/video/BV1UMJCzvEHn
167,2025-09-19,BV1jtW3zTE9M,【梗百科】Speed又爆新梗？外网爆火的无敌战争是啥梗？,05:35,3142638,1305,,115230331967651,1758275595,https://www.bilibili.com/video/BV1jtW3zTE9M
168,2025-09-16,BV1kKpyziESm,【梗百科】听泉记笔记是啥梗？听泉赏宝又出梗啦！？,02:30,2184439,234,,115213537908945,1758019331,https://www.bilibili.com/video/BV1kKpyziESm
169,2025-09-15,BV1b8pMz5E3d,【梗百科】库里之歌是啥梗？火到国外去了？,02:15,2649809,1223,,115208001429503,1757935070,https://www.bilibili.com/video/BV1b8pMz5E3d
170,2025-09-13,BV1sRpjzFEKA,【梗百科】挖掘机里腌萝卜是啥梗？,01:13,1158362,682,,115196374817108,1757757324,https://www.bilibili.com/video/BV1sRpjzFEKA
171,2025-09-10,BV1BCHXzJEpY,【梗百科】XX基础 XX就不基础是啥梗？穿搭要显贵？,02:51,363139,234,,115179379497171,1757498277,https://www.bilibili.com/video/BV1BCHXzJEpY
172,2025-09-08,BV1G2adz3EFP,【梗百科】预瞄小学是啥梗？,01:50,1991409,863,,115168138762087,1757326625,https://www.bilibili.com/video/BV1G2adz3EFP
173,2025-09-06,BV1TVYTzYEHt,【梗百科】去火丝瓜汤是啥梗？,02:37,1449621,612,,115156780588242,1757153316,https://www.bilibili.com/video/BV1TVYTzYEHt
174,2025-09-05,BV1pGabzSEQZ,【梗百科】邪修XX是啥梗？,02:35,877022,302,,115151277727231,1757069389,https://www.bilibili.com/video/BV1pGabzSEQZ
175,2025-09-02,BV1PmaPzSEnB,【梗百科】这个表情包出自哪？XXX的消费态度是啥梗？,02:37,1589158,592,,115134165032454,1756808070,https://www.bilibili.com/video/BV1PmaPzSEnB
176,2025-09-01,BV1F2anzsEEr,【梗百科】九流门是啥梗？,02:13,1158205,75,,115127974173655,1756721160,https://www.bilibili.com/video/BV1F2anzsEEr
177,2025-08-28,BV1bPh1zKEKB,【梗百科】老奶奶打方向盘是啥梗？,01:56,5524892,1298,,115105861737082,1756376239,https://www.bilibili.com/video/BV1bPh1zKEKB
178,2025-08-27,BV1Gse2zpEeH,【梗百科】哈基米山歌是啥梗？这个胖男人居然出自？！哈基米莫南北绿豆～,03:26,2364104,2776,,115100023395924,1756287211,https://www.bilibili.com/video/BV1Gse2zpEeH
179,2025-08-25,BV1hweRzgEWX,【梗百科】一半敖丙一半哪吒是啥梗？,01:47,4169036,1560,,115088916878442,1756117790,https://www.bilibili.com/video/BV1hweRzgEWX
180,2025-08-23,BV1BXevzYEEQ,【梗百科】天使兄弟变身是啥梗？,02:38,2056238,2652,,115077139141873,1755938193,https://www.bilibili.com/video/BV1BXevzYEEQ
181,2025-08-22,BV1DBe8zBEPu,【梗百科】绿冲捡手柄是啥名场面？街霸6小孩翻盘？,02:36,1672743,676,,115071988670102,1755859419,https://www.bilibili.com/video/BV1DBe8zBEPu
182,2025-08-18,BV1z2Y4zrEqt,【梗百科】屋内不许荡秋千、水管冻我爸是啥梗？,03:06,1621384,1992,,115049725170736,1755519638,https://www.bilibili.com/video/BV1z2Y4zrEqt
183,2025-08-17,BV1UwY2zVEDx,【梗百科】第一杯敬自己是啥梗？,02:25,841533,313,,115044121581004,1755434325,https://www.bilibili.com/video/BV1UwY2zVEDx
184,2025-08-16,BV1eMYezDEmV,【梗百科】读大牌是啥梗？,02:14,1359409,685,,115036890600510,1755334800,https://www.bilibili.com/video/BV1eMYezDEmV
185,2025-08-12,BV1EEtozyEvi,【梗百科】印度“3A”游戏是咋回事？神闪避动作爆火？,01:47,3864709,1602,,115015180885900,1754992670,https://www.bilibili.com/video/BV1EEtozyEvi
186,2025-08-11,BV1f4bGzWEQN,【梗百科】隔壁班嘉豪是啥梗？这梗又回温了！？,01:49,7533940,1581,,115009543738830,1754906717,https://www.bilibili.com/video/BV1f4bGzWEQN
187,2025-08-10,BV1mYbwzzEwo,【梗百科】就被管家活活打断了双腿是啥梗？,02:50,8702177,2906,,115002883182728,1754804932,https://www.bilibili.com/video/BV1mYbwzzEwo
188,2025-08-06,BV1AVtwzhEBM,【梗百科】鸽子神是谁？压力の小曲是啥梗？老弟的压压？！,03:04,4654557,2148,,114981240771469,1754474797,https://www.bilibili.com/video/BV1AVtwzhEBM
189,2025-08-05,BV14ZtJzpEL2,【梗百科】画他的奶奶是啥梗？,02:20,4428402,1026,,114975838311440,1754392196,https://www.bilibili.com/video/BV14ZtJzpEL2
190,2025-08-04,BV1fRtuzyEPo,【梗百科】Jet2 Holiday是啥梗？外网爆火的洗脑广告词？,04:10,1843132,1225,,114969815424848,1754300316,https://www.bilibili.com/video/BV1fRtuzyEPo
191,2025-07-31,BV1oV8kzBE3P,【梗百科】万年灵乳是咋回事？,02:25,1499072,371,,114946075533165,1753952940,https://www.bilibili.com/video/BV1oV8kzBE3P
192,2025-07-30,BV1c1hAzMEFr,【梗百科】老鹅是谁？鹅鸭之争是咋回事？,01:25,887806,223,,114940924925559,1753866330,https://www.bilibili.com/video/BV1c1hAzMEFr
193,2025-07-28,BV1J187z6EwF,【梗百科】抽象作诗是啥梗？,02:12,1554855,869,,114929063433731,1753678461,https://www.bilibili.com/video/BV1J187z6EwF
194,2025-07-26,BV1ee8tzZEuu,【梗百科】美美桑内是啥梗？,02:02,2833880,1201,,114918326015356,1753514804,https://www.bilibili.com/video/BV1ee8tzZEuu
195,2025-07-25,BV1whbDzKEZW,【梗百科】我没要求你永远XXX是啥梗？八岐大蛇出轨论？！,02:27,2998619,2329,,114911866786724,1753416198,https://www.bilibili.com/video/BV1whbDzKEZW
196,2025-07-24,BV1VobCzNEhd,【梗百科】不是我喜欢的XX，直接XX是啥梗？15头身并排站？,01:51,2973616,3917,,114907655705493,1753351982,https://www.bilibili.com/video/BV1VobCzNEhd
197,2025-07-23,BV1Bj8czxEco,【梗百科】Oh 有timing是啥梗？,02:36,1196707,906,,114901230099894,1753264800,https://www.bilibili.com/video/BV1Bj8czxEco
198,2025-07-22,BV12ignzyE47,【梗百科】富豪演唱会偷情成梗了？！,02:31,877590,279,,114894854692842,1753156740,https://www.bilibili.com/video/BV12ignzyE47
199,2025-07-21,BV1ffgVz1EsP,【梗百科】KPOP表情包？中场休息？赛马娘海外突发爆火？,05:38,4046478,2683,,114890610056787,1753091726,https://www.bilibili.com/video/BV1ffgVz1EsP
200,2025-07-16,BV11pu4zREnk,【梗百科】东方明珠防御塔是啥梗？上海规则怪谈？！,01:55,2426685,2462,,114862290243794,1752659796,https://www.bilibili.com/video/BV11pu4zREnk
201,2025-07-15,BV1XauEz1EXf,【梗百科】古风小生是啥梗？,01:43,2074328,433,,114856636190872,1752573438,https://www.bilibili.com/video/BV1XauEz1EXf
202,2025-07-14,BV1XKuBzNE6X,【梗百科】走秀这一块是啥梗？猫步时间到！？,01:53,693409,376,,114850965495142,1752486803,https://www.bilibili.com/video/BV1XKuBzNE6X
203,2025-07-13,BV1ZtuFziE49,【梗百科】小妹妹还没睡呀是啥梗？,01:38,2069942,591,,114845143867323,1752398162,https://www.bilibili.com/video/BV1ZtuFziE49
204,2025-07-12,BV1mvMQzfEhQ,【梗百科】乘不乘是啥梗？,02:38,4043331,1810,,114839573828197,1752312988,https://www.bilibili.com/video/BV1mvMQzfEhQ
205,2025-07-11,BV1JUGgzCEff,【梗百科】对邦是啥？,02:17,1242187,380,,114827225732948,1752206400,https://www.bilibili.com/video/BV1JUGgzCEff
206,2025-07-07,BV1pZ3yzrEue,【梗百科】你抚琵琶奏琴弦是啥梗？秦始皇驾驶北极熊？！,01:34,2600709,1416,,114811320930424,1751882439,https://www.bilibili.com/video/BV1pZ3yzrEue
207,2025-07-06,BV1Sg3qzhEKs,【梗百科】测谎仪是啥梗？,03:31,1231733,827,,114805700695839,1751796065,https://www.bilibili.com/video/BV1Sg3qzhEKs
208,2025-07-05,BV1yt3XzPENz,【梗百科】帝吧是啥梗？,02:05,957135,197,,114799761430687,1751708477,https://www.bilibili.com/video/BV1yt3XzPENz
209,2025-07-04,BV1LH37zHEL1,【梗百科】大胃袋是啥梗？,02:15,2066070,1553,,114794426276221,1751624185,https://www.bilibili.com/video/BV1LH37zHEL1
210,2025-07-03,BV1E63uzTEdH,【梗百科】持有万斯梗图被遣返？求职书跳吓？三角符文新梗来了！？,07:12,775426,1971,,114788805974298,1751538323,https://www.bilibili.com/video/BV1E63uzTEdH
211,2025-06-27,BV1EmKqzqEdo,【梗百科】谁敢想谁敢想是啥梗？,01:58,1278133,916,,114754915933344,1751021278,https://www.bilibili.com/video/BV1EmKqzqEdo
212,2025-06-24,BV1AYKgzAE68,【梗百科】别笑 你试也过不了第二关是啥梗？,02:04,2999743,1018,,114737719284556,1750758795,https://www.bilibili.com/video/BV1AYKgzAE68
213,2025-06-23,BV1oJK8zkEjw,【梗百科】五字神人是啥梗？,02:09,3443814,1372,,114732166026317,1750674160,https://www.bilibili.com/video/BV1oJK8zkEjw
214,2025-06-19,BV1TKNtzDE8Z,【梗百科】抽象孔融让梨是啥梗？,02:06,1713351,1161,,114709416121909,1750327018,https://www.bilibili.com/video/BV1TKNtzDE8Z
215,2025-06-18,BV16zNLzzE3J,【梗百科】蟑螂圣经是啥梗？我的出租屋里真的有很多蟑螂，但我认识的粥批真的没有几个？,03:22,1019139,450,,114701899928870,1750212237,https://www.bilibili.com/video/BV16zNLzzE3J
216,2025-06-17,BV1VVNBzdEVN,【梗百科】如何呢又能怎是啥梗？我本是辅助~今晚来打野~,02:37,1851412,4135,,114698208940208,1750156025,https://www.bilibili.com/video/BV1VVNBzdEVN
217,2025-06-15,BV1ekM8zyEc4,【梗百科】老六是啥梗？,02:30,684226,202,,114687924508859,1749999836,https://www.bilibili.com/video/BV1ekM8zyEc4
218,2025-06-15,BV12GMtz4EqJ,【梗百科】南方见是啥梗？,01:53,2291420,735,,114687219866596,1749988428,https://www.bilibili.com/video/BV12GMtz4EqJ
219,2025-06-14,BV1VbMyzDE3d,【梗百科】狒瘾犯了是啥梗？神秘狒瘾袭击全网？,03:24,856944,219,,114680827813131,1749892466,https://www.bilibili.com/video/BV1VbMyzDE3d
220,2025-06-13,BV1sHMuzBEsJ,【梗百科】蓝豆emoji是啥？王不见王出自哪里？,02:16,2597501,1192,,114675509369920,1749809608,https://www.bilibili.com/video/BV1sHMuzBEsJ
221,2025-06-12,BV1G6TkzrECU,【梗百科】勇士快乐球是啥梗？,02:17,533902,79,,114658077905576,1749722400,https://www.bilibili.com/video/BV1G6TkzrECU
222,2025-06-11,BV1mYM7zAE6K,【梗百科】抱歉长官刚刚没认出你是啥梗？,01:37,2351112,496,,114663698273463,1749636292,https://www.bilibili.com/video/BV1mYM7zAE6K
223,2025-06-09,BV1LETez9EWv,【梗百科】Bro懂我的XX是啥梗？,01:47,1676752,438,,114652759527631,1749462633,https://www.bilibili.com/video/BV1LETez9EWv
224,2025-06-07,BV1gKTyzkER3,【梗百科】觉得自己最XX就跳舞？中国土狗火爆外网？！！,04:09,1704337,944,,114641837494278,1749295756,https://www.bilibili.com/video/BV1gKTyzkER3
225,2025-06-04,BV1kGT7zXEkb,【梗百科】弗雷尔卓德瓶盖是啥梗？,02:11,3186866,790,,114624473079705,1749031078,https://www.bilibili.com/video/BV1kGT7zXEkb
226,2025-05-29,BV1FY7GzcEbr,【梗百科】守护上海？艾莉选角太丑？中国人最让老外敬佩的一集！,06:14,809907,1837,,114590717320627,1748515939,https://www.bilibili.com/video/BV1FY7GzcEbr
227,2025-05-28,BV1bYjqzVEry,【梗百科】那一天的忧郁忧郁起来是啥梗？,02:17,3255852,2610,,114585046618728,1748429318,https://www.bilibili.com/video/BV1bYjqzVEry
228,2025-05-22,BV1vGJJzyEQz,【梗百科】全球爆火的小猫影子是啥梗？出处居然是？,01:54,3974725,925,,114550938538625,1747908851,https://www.bilibili.com/video/BV1vGJJzyEQz
229,2025-05-20,BV1uyJ8zeEfy,【梗百科】你可能不认识我，但XXX是啥梗？居然出现火爆新玩法！,03:07,2037872,1545,,114539731489738,1747737892,https://www.bilibili.com/video/BV1uyJ8zeEfy
230,2025-05-18,BV1jhJuzQEo1,【梗百科】韩国霸总吃饭是啥梗？,01:28,1123509,585,,114527031005225,1747544016,https://www.bilibili.com/video/BV1jhJuzQEo1
231,2025-05-17,BV1z5JAzuEZi,【梗百科】凋零骷髅煤炭是咋回事？,02:13,2175368,1013,,114522769659848,1747479079,https://www.bilibili.com/video/BV1z5JAzuEZi
232,2025-05-16,BV1YCEtzaERK,【梗百科】请支持XXX是啥梗？小高和刚大战中国社交平台？,02:33,1612876,637,,114516847236539,1747388713,https://www.bilibili.com/video/BV1YCEtzaERK
233,2025-05-14,BV1nPEizwEkC,【梗百科】火爆外网！刚买的飞机被打了是啥梗？,01:50,1253424,322,,114505589789679,1747217028,https://www.bilibili.com/video/BV1nPEizwEkC
234,2025-05-13,BV1eQEFzpE2d,【梗百科】好写，太好写了是啥梗？爷们要脸？,02:43,697244,390,,114499919025863,1747130412,https://www.bilibili.com/video/BV1eQEFzpE2d
235,2025-05-12,BV1rGEJzDETn,【梗百科】一勺料汁是啥梗？能不能放过我一次😭👊🏻,02:20,3644998,2299,,114494248326857,1747043887,https://www.bilibili.com/video/BV1rGEJzDETn
236,2025-05-11,BV1hgETzeEui,【梗百科】SSVGG？感受我的痛苦？守望回国服又有了啥梗？,04:19,915940,677,,114487386446806,1746939164,https://www.bilibili.com/video/BV1hgETzeEui
237,2025-05-09,BV1Mf55zgEPT,【梗百科】火爆外网？国内的大运+我更喜欢你传出去了？超大声就完事了！！？,02:28,2621285,499,,114477571773364,1746789422,https://www.bilibili.com/video/BV1Mf55zgEPT
238,2025-05-05,BV1UGV6zCEM5,【梗百科】AI自拍是咋回事？你们看到过这种图吗？,01:25,414184,439,,114454838713521,1746442646,https://www.bilibili.com/video/BV1UGV6zCEM5
239,2025-05-04,BV1fcVczmEr4,【梗百科】资本你赢了是啥梗？动了谁的蛋糕？,02:42,1428991,767,,114447490224789,1746330330,https://www.bilibili.com/video/BV1fcVczmEr4
240,2025-05-02,BV1XYV3ziEUt,【梗百科】外网爆火的冰水泡脸？百人大战猩猩谁会赢？VRCHAT模型在外网爆红？,06:18,619129,893,,114436283044446,1746159289,https://www.bilibili.com/video/BV1XYV3ziEUt
241,2025-05-01,BV1VxGvziE9q,【梗百科】 我本是XXX是啥？,02:58,697617,705,,114431350608083,1746084244,https://www.bilibili.com/video/BV1VxGvziE9q
242,2025-04-30,BV1HAG9zPEz4,【梗百科】XX的梦该醒了是啥梗？,02:07,5754396,1775,,114426300600353,1746006976,https://www.bilibili.com/video/BV1HAG9zPEz4
243,2025-04-27,BV1aWjAzHEU8,【梗百科】来国道试试是啥梗？撞大运是啥？,01:33,5527523,822,,114409305281900,1745747714,https://www.bilibili.com/video/BV1aWjAzHEU8
244,2025-04-26,BV1NALdzXERG,【梗百科】XX这招太狠了是啥梗？！,02:19,1415670,789,,114403315815857,1745656294,https://www.bilibili.com/video/BV1NALdzXERG
245,2025-04-24,BV1CtL3zoEHr,【梗百科】我的世界大电影烂成梗？全网火爆的repo是啥？外网梗合集来咯！,09:30,1664746,2427,,114392679060577,1745494163,https://www.bilibili.com/video/BV1CtL3zoEHr
246,2025-04-19,BV1sr5szaEBA,【梗百科】Doro是啥梗？这表情包究竟哪里来的！,02:12,4198892,1005,,114363822249030,1745053599,https://www.bilibili.com/video/BV1sr5szaEBA
247,2025-04-16,BV16ooTYTEJf,【梗百科】迅速找到你躲藏的地点是啥？,02:18,857652,302,,114347380643696,1744802991,https://www.bilibili.com/video/BV16ooTYTEJf
248,2025-04-14,BV1ngojY8ENv,【梗百科】我更喜欢你是啥梗？,02:35,1743781,1897,,114335737190439,1744625073,https://www.bilibili.com/video/BV1ngojY8ENv
249,2025-04-12,BV1K5d8Y3EBy,【梗百科】AI山海经是啥梗？Tung Tung Sahur是啥？耐克鲨鱼？,03:36,13389503,3199,,114324496455750,1744453557,https://www.bilibili.com/video/BV1K5d8Y3EBy
250,2025-04-11,BV1VvdUYzE4L,【梗百科】gogogo出发咯是啥梗？,02:40,1999318,906,,114318825756268,1744367071,https://www.bilibili.com/video/BV1VvdUYzE4L
251,2025-04-09,BV123dNYKEP8,【梗百科】甲亢哥SPEED中国行梗盘点来咯！,12:06,1254865,4734,,114308004450370,1744202164,https://www.bilibili.com/video/BV123dNYKEP8
252,2025-04-08,BV1wudHYkEu8,【梗百科】i love you so❤️是啥梗？,01:52,1839034,1031,,114301880766684,1744108641,https://www.bilibili.com/video/BV1wudHYkEu8
253,2025-04-06,BV1S5RqY8EuQ,【梗百科】四川芬达是啥？没座！,02:23,892952,683,,114289247523583,1743915855,https://www.bilibili.com/video/BV1S5RqY8EuQ
254,2025-04-05,BV14YRRY3EPR,【梗百科】⚡谁说瘸子不能跑步⚡是啥梗？,01:42,983140,486,,114283996254982,1743835446,https://www.bilibili.com/video/BV14YRRY3EPR
255,2025-04-01,BV1CeZtYiEv6,【梗百科】评论区老发的俳句是啥？最上川是啥梗？,01:24,1557274,482,,114262068434672,1743501121,https://www.bilibili.com/video/BV1CeZtYiEv6
256,2025-03-30,BV1hJZzY1Enb,【梗百科】甲亢哥Speed是谁？都有啥梗呢？,10:10,1555393,3545,,114250911586167,1743330888,https://www.bilibili.com/video/BV1hJZzY1Enb
257,2025-03-27,BV1gGZGYiE5u,【梗百科】假药？蜘蛛侠？包寿司？Mujica你这家伙？！！！,09:41,1402974,2100,,114233765271182,1743069299,https://www.bilibili.com/video/BV1gGZGYiE5u
258,2025-03-26,BV1TRoiYwEae,【梗百科】在这张图里，你看到的一切都是XX是啥梗？出处找到了？,01:21,540258,417,,114228295964344,1742985821,https://www.bilibili.com/video/BV1TRoiYwEae
259,2025-03-22,BV1ayXpYdEvF,【梗百科】我们赢，你们输是啥梗？,02:37,3160812,1219,,114204254149995,1742618944,https://www.bilibili.com/video/BV1ayXpYdEvF
260,2025-03-20,BV1TwXNYaEJx,【梗百科】并非XX是啥梗？原来有出处的啊？,01:20,1102096,485,,114194405924576,1742468666,https://www.bilibili.com/video/BV1TwXNYaEJx
261,2025-03-19,BV1JsQZYYEeQ,【梗百科】好好学吧小子！会变强的！是啥梗？,02:27,2100451,420,,114188282239363,1742382000,https://www.bilibili.com/video/BV1JsQZYYEeQ
262,2025-03-15,BV1DsQmYXEK7,【梗百科】Hamburger↗↘？点赞剪衣服？无敌少侠OC？外网梗合集再次袭来！,05:11,742783,1520,,114164576165586,1742013539,https://www.bilibili.com/video/BV1DsQmYXEK7
263,2025-03-14,BV1eKQrYrE7h,【梗百科】回答我是啥梗？采一朵花是咋回事？Look in my eyes！！？,03:09,4901297,1467,,114160398571879,1741949760,https://www.bilibili.com/video/BV1eKQrYrE7h
264,2025-03-11,BV1MtQVYXE9U,【梗百科】刘佳小区是啥情况？卖房妲己？,01:19,849168,176,,114143453516676,1741691122,https://www.bilibili.com/video/BV1MtQVYXE9U
265,2025-03-09,BV1itRhY4E64,【梗百科】卖掉了是啥梗？本期含“莓”量很大？,01:46,1669065,922,,114131910795079,1741519390,https://www.bilibili.com/video/BV1itRhY4E64
266,2025-03-07,BV1mm9mY9Eyq,【梗百科】咕咕嘎嘎是啥梗？gugugaga！,02:56,5050146,1905,,114120670057921,1741343776,https://www.bilibili.com/video/BV1mm9mY9Eyq
267,2025-02-27,BV1Dj9cYbEB8,【梗百科】探索洞穴？中国带货在外网火了？外网梗合集来啦！,06:25,779043,1253,,114075388353208,1740652504,https://www.bilibili.com/video/BV1Dj9cYbEB8
268,2025-02-26,BV1EQP5euEwX,【梗百科】哈基X，你这家伙！是啥梗？,01:46,2114190,748,,114069851870508,1740567885,https://www.bilibili.com/video/BV1EQP5euEwX
269,2025-02-21,BV1tNPFe5Ev1,【梗百科】守望先锋近期有什么热梗？,02:43,879142,505,,114041229939575,1740132205,https://www.bilibili.com/video/BV1tNPFe5Ev1
270,2025-02-18,BV1WHAaefEps,【梗百科】我老爸得了MVP是啥梗？,03:48,7956050,4374,,114024335284979,1739873567,https://www.bilibili.com/video/BV1WHAaefEps
271,2025-02-17,BV1o3woeUEVZ,【梗百科】又幻想了是啥梗？,02:12,996490,918,,114018580700565,1739785673,https://www.bilibili.com/video/BV1o3woeUEVZ
272,2025-02-16,BV1ipAGe4ETZ,【梗百科】绝望的鸟是啥梗？,01:30,927811,495,,114012977109809,1739700080,https://www.bilibili.com/video/BV1ipAGe4ETZ
273,2025-02-15,BV1eQAPevEqC,【梗百科】来财是啥梗？这歌怎么火的？,03:39,2930170,3572,,114007373585149,1739614777,https://www.bilibili.com/video/BV1eQAPevEqC
274,2025-02-14,BV1HAKKeoEnF,【梗百科】老鼠舞是啥梗？,02:01,1764806,829,,114001702821599,1739528277,https://www.bilibili.com/video/BV1HAKKeoEnF
275,2025-02-12,BV13cK5ewEfN,【梗百科】权威是啥梗？,01:44,1287952,965,,113990244111168,1739353273,https://www.bilibili.com/video/BV13cK5ewEfN
276,2025-02-11,BV1sMNBeSEvV,【梗百科】不管了，加钠！是啥梗？,02:41,7110443,1389,,113984942379994,1739272531,https://www.bilibili.com/video/BV1sMNBeSEvV
277,2025-02-09,BV1k8N2eqEGK,【梗百科】迷茫的时候，不妨听听XXX的话是啥梗？,01:53,1110736,627,,113973282279945,1739094335,https://www.bilibili.com/video/BV1k8N2eqEGK
278,2025-02-07,BV17TN8eEEvQ,【梗百科】灵感菇？金山银山前路有？严肃过头？2025第一期外网梗合集！,05:43,1158888,2580,,113962628682929,1738932171,https://www.bilibili.com/video/BV17TN8eEEvQ
279,2025-02-04,BV1CsNceVEN2,【梗百科】XX不语只是一味的XX是啥梗？啥faker？,02:40,2789941,2188,,113944307963076,1738652428,https://www.bilibili.com/video/BV1CsNceVEN2
280,2025-01-31,BV1oTFQeFEaK,【梗百科】白蛇？赛博扭秧歌？2025春晚都有啥梗？,03:40,1617853,1471,,113922296321571,1738316436,https://www.bilibili.com/video/BV1oTFQeFEaK
281,2025-01-30,BV1nhFVeFEjq,【梗百科】难绷的小曲是啥梗？配上这个啥都搞笑？,02:02,947944,584,,113915988022479,1738220436,https://www.bilibili.com/video/BV1nhFVeFEjq
282,2025-01-28,BV1KZFpeYELN,【梗百科】大学生春晚这么玩梗？,02:29,906516,154,,113905686878168,1738064239,https://www.bilibili.com/video/BV1KZFpeYELN
283,2025-01-27,BV12Df2YhEeE,【梗百科】小头爸爸这个赛季太强了是啥梗？,06:10,1653656,4900,,113898741045211,1737957297,https://www.bilibili.com/video/BV12Df2YhEeE
284,2025-01-26,BV1Daf6YJE5r,【梗百科】玉面手雷王是啥梗？,02:29,2376204,2120,,113893959537179,1737884093,https://www.bilibili.com/video/BV1Daf6YJE5r
285,2025-01-25,BV1Z1foYyEZ2,【梗百科】零胜冠军是啥梗？柯洁第三天究竟为何退赛？,02:41,1076884,482,,113887936517902,1737792049,https://www.bilibili.com/video/BV1Z1foYyEZ2
286,2025-01-23,BV1dZfBY9Eir,【梗百科】不如举手是咋回事？柯洁判负为何让人如此不爽？,01:45,3135267,1959,,113875722769269,1737605803,https://www.bilibili.com/video/BV1dZfBY9Eir
287,2025-01-22,BV1iBftYoEjS,【梗百科】贾君鹏你妈妈喊你回家吃饭是啥梗？这梗重出江湖了？,02:21,2779523,694,,113869615797023,1737518894,https://www.bilibili.com/video/BV1iBftYoEjS
288,2025-01-21,BV1KcwbeXErZ,【梗百科】健美圈传来噩耗是啥梗？,01:41,3222248,1123,,113864884624755,1737440510,https://www.bilibili.com/video/BV1KcwbeXErZ
289,2025-01-20,BV1NQwHevE11,【梗百科】特辣的海藻是啥梗？,01:32,6136430,1694,,113860337999283,1737371207,https://www.bilibili.com/video/BV1NQwHevE11
290,2025-01-15,BV1XrcBepEgp,【梗百科】猫税是啥梗？赛博难民涌入国内？,01:11,4167236,849,,113831984566669,1736938571,https://www.bilibili.com/video/BV1XrcBepEgp
291,2025-01-14,BV1cActezEcV,【梗百科】文明中国人是啥梗？,02:21,2018658,703,,113826078989808,1736848425,https://www.bilibili.com/video/BV1cActezEcV
292,2025-01-13,BV1DEc2egEQ1,【梗百科】简单又强势的英雄是啥梗？牢九门又是啥？,03:12,1354371,823,,113820475331375,1736762768,https://www.bilibili.com/video/BV1DEc2egEQ1
293,2025-01-08,BV1SBrYYnEmN,【梗百科】XX，跪下！是啥梗？咱别跪了，先坐着吧！,01:34,2259932,1739,,113792155390842,1736330666,https://www.bilibili.com/video/BV1SBrYYnEmN
294,2025-01-05,BV1FTrKYZEex,【梗百科】社交的手腕是啥梗？,02:43,8185813,2505,,113775260800344,1736072955,https://www.bilibili.com/video/BV1FTrKYZEex
295,2025-01-04,BV1mprpYDEKE,【梗百科】晓艳劝学是啥梗？,02:33,3192538,687,,113768616958581,1735971543,https://www.bilibili.com/video/BV1mprpYDEKE
296,2025-01-01,BV1C66RYvEHc,【梗百科】赛博女鬼？米塔进行曲？米塔都有什么梗？,03:10,1607394,1750,,113751789412240,1735714888,https://www.bilibili.com/video/BV1C66RYvEHc
297,2024-12-31,BV1wJ6JYPEqt,【梗百科】独攀是啥梗？,01:36,4473144,871,,113746420834080,1735640100,https://www.bilibili.com/video/BV1wJ6JYPEqt
298,2024-12-28,BV15EC8YsEoK,【梗百科】人脸痞老板是啥梗？啊～～,01:55,3727556,1041,,113728670405167,1735362236,https://www.bilibili.com/video/BV15EC8YsEoK
299,2024-12-26,BV1N9CBYYEbs,【梗百科】00后废话全剪掉是啥梗？原来是外网梗啊！？,01:27,2946979,273,,113718738293215,1735210497,https://www.bilibili.com/video/BV1N9CBYYEbs
300,2024-12-24,BV1NqkdY5EnU,【梗百科】解冻尼禄是啥梗？解冻三人组凑齐啦！？,01:58,986928,369,,113707178790912,1735033894,https://www.bilibili.com/video/BV1NqkdY5EnU
301,2024-12-22,BV1wMkqYHE1x,【梗百科】那我问你？头顶尖尖的？常熟阿诺都有啥梗？,04:04,1060019,1250,,113696021942842,1734863830,https://www.bilibili.com/video/BV1wMkqYHE1x
302,2024-12-20,BV1jXkyYeEDh,【梗百科】2024年 度 热 梗 总 结 ！ ！,05:08,1753654,1453,,113684428887595,1734688938,https://www.bilibili.com/video/BV1jXkyYeEDh
303,2024-12-18,BV12ekcYoEnm,【梗百科】江南宝宝是啥梗？,02:36,1623801,406,,113673339147593,1734517667,https://www.bilibili.com/video/BV12ekcYoEnm
304,2024-12-17,BV1YqknY4EVK,【梗百科】初生史蒂夫是啥梗？坏事做尽啦！,01:46,2769083,289,,113667551007827,1734429308,https://www.bilibili.com/video/BV1YqknY4EVK
305,2024-12-14,BV1TPBjYfE9n,【梗百科】常熟阿诺金句PV是啥梗？这就是阿诺文学？,02:29,815697,408,,113650941566619,1734175957,https://www.bilibili.com/video/BV1TPBjYfE9n
306,2024-12-13,BV19EBMYjENw,【梗百科】抽象TGA！宇宙机器人怎么把大伙都逗乐了？！,02:42,1060534,965,,113645304421519,1734090004,https://www.bilibili.com/video/BV19EBMYjENw
307,2024-12-11,BV1Q2qUYxEZ7,【梗百科】XX糟糕透了是啥梗？这首诗精彩极了！,01:25,442001,561,,113633577147962,1733910886,https://www.bilibili.com/video/BV1Q2qUYxEZ7
308,2024-12-10,BV1E6qrY7Ezw,【梗百科】剪头刺客刺不到我是啥梗？,01:50,412080,279,,113627839340517,1733823511,https://www.bilibili.com/video/BV1E6qrY7Ezw
309,2024-12-09,BV1n4qAYkEWe,【梗百科】迷途之子角色PV是啥梗？,02:41,475387,452,,113622202194132,1733737627,https://www.bilibili.com/video/BV1n4qAYkEWe
310,2024-12-07,BV1baqLYoEZG,【梗百科】返场龙腾之力玩偶是啥梗？,02:44,1923739,2247,,113611850652495,1733580093,https://www.bilibili.com/video/BV1baqLYoEZG
311,2024-12-05,BV1gYiRYiELm,【梗百科】Passion是啥梗？,03:01,901819,476,,113599401959311,1733394060,https://www.bilibili.com/video/BV1gYiRYiELm
312,2024-12-04,BV1Nbi2YTEFb,【梗百科】吹牛X呢！俄罗斯大贝塔是啥？,03:05,1893901,1323,,113593966140499,1733306650,https://www.bilibili.com/video/BV1Nbi2YTEFb
313,2024-12-03,BV1VqzmYhEdc,【梗百科】凌驾是啥梗？,01:40,2248839,1469,,113588261887130,1733219540,https://www.bilibili.com/video/BV1VqzmYhEdc
314,2024-12-01,BV1BVztYLEJP,【梗百科】Chill Guy？AI猫猫剧场？布料模拟？外网爆火新梗来袭！,06:25,835409,906,,113575561533653,1733025858,https://www.bilibili.com/video/BV1BVztYLEJP
315,2024-11-30,BV1f5zEYXExV,【梗百科】多绝望才能跳出这样的舞步是啥梗？,02:08,1766939,1020,,113570712918152,1732951780,https://www.bilibili.com/video/BV1f5zEYXExV
316,2024-11-29,BV1HKzzYSE4g,【梗百科】自己吓自己是啥梗？美人鱼的夏天重磅来袭！,03:46,2938230,1819,,113565931411929,1732878963,https://www.bilibili.com/video/BV1HKzzYSE4g
317,2024-11-27,BV1LBBXYGEF3,【梗百科】Queen never cry是啥梗？,01:47,2808601,1653,,113554590078636,1732705847,https://www.bilibili.com/video/BV1LBBXYGEF3
318,2024-11-26,BV1CqzGYCEK1,【梗百科】还有谁要XXX是啥梗？这些脸都出自哪？,03:06,4115269,1550,,113548634100123,1732614882,https://www.bilibili.com/video/BV1CqzGYCEK1
319,2024-11-22,BV1aRBiYxEFR,【梗百科】咖啡不断加加加加到厌倦是啥梗？这就是电音咖啡哥？,01:55,1051793,396,,113525984860978,1732269271,https://www.bilibili.com/video/BV1aRBiYxEFR
320,2024-11-19,BV1YLUfYmEF5,【梗百科】业主群闹事头像是啥梗？,01:35,1511436,2002,,113509308373205,1732015143,https://www.bilibili.com/video/BV1YLUfYmEF5
321,2024-11-18,BV1hiUWY7Edc,【梗百科】张嘴喝雨？免费素材细化？近期外网改图梗大盘点！,04:28,637996,985,,113503486810550,1731926011,https://www.bilibili.com/video/BV1hiUWY7Edc
322,2024-11-16,BV117U8YXEkF,【梗百科】熏鸡事变是咋回事？一人之力带动熏鸡销量？！,03:34,877175,455,,113491088250553,1731736818,https://www.bilibili.com/video/BV117U8YXEkF
323,2024-11-12,BV1Jcm8YrEXi,【梗百科】XX仙人是啥梗？米饭仙人又是啥？,01:24,1271299,292,,113469479260566,1731407107,https://www.bilibili.com/video/BV1Jcm8YrEXi
324,2024-11-10,BV1iWmBYZEQs,【梗百科】巴巴博一到底出自哪里？Hawk Tuah？外网热门音效梗！,03:55,2673639,793,,113457265513203,1731220868,https://www.bilibili.com/video/BV1iWmBYZEQs
325,2024-11-08,BV1mHDZYrEC6,【梗百科】APT是啥梗？,02:56,2198726,1702,,113446913904936,1731062628,https://www.bilibili.com/video/BV1mHDZYrEC6
326,2024-11-07,BV1HpDQY2EJ2,【梗百科】八个瑞士卷是咋回事？,01:54,1179446,497,,113441914229388,1730986440,https://www.bilibili.com/video/BV1HpDQY2EJ2
327,2024-11-06,BV1rUD3YvEj5,【梗百科】去皮猕猴桃是啥梗？这代怪猎怎么了？,02:07,819160,355,,113435354603125,1730886294,https://www.bilibili.com/video/BV1rUD3YvEj5
328,2024-11-02,BV1qSSdYDEbD,【梗百科】可怜的小玛丽是啥梗？这张图的出处是？,01:29,543932,277,,113408343088858,1730538000,https://www.bilibili.com/video/BV1qSSdYDEbD
329,2024-10-31,BV17ySJYEE5K,【梗百科】回不去的金色维也纳大厅是啥梗？,01:42,1112193,225,,113401581805357,1730371023,https://www.bilibili.com/video/BV17ySJYEE5K
330,2024-10-24,BV1EFyrYcELu,【梗百科】邪恶栀子花是啥梗？黄磊厨神快收了神通吧！,03:02,938973,523,,113361803089156,1729764010,https://www.bilibili.com/video/BV1EFyrYcELu
331,2024-10-23,BV1N6yfYoE3e,【梗百科】对宁谈墙是咋回事？LOL里有这个英雄？！,04:18,572068,471,,113356367336288,1729681051,https://www.bilibili.com/video/BV1N6yfYoE3e
332,2024-10-21,BV1TSyGYPEyr,【梗百科】宝可梦信息泄露火爆外网？火暴兽得罪谁了？！,03:32,835216,602,,113345210359577,1729510720,https://www.bilibili.com/video/BV1TSyGYPEyr
333,2024-10-19,BV1XTCdYZEiF,【梗百科】模仿向佐是啥梗？向佐向右向前看？,02:08,690899,351,,113332610801233,1729318655,https://www.bilibili.com/video/BV1XTCdYZEiF
334,2024-10-17,BV1B9yPYbEVr,【梗百科】乙游大世界是啥梗？,02:46,1353653,1916,,113322292813557,1729162061,https://www.bilibili.com/video/BV1B9yPYbEVr
335,2024-10-16,BV158mKYeEeG,【梗百科】Doodle摇？欧拉欧拉造小孩？不祥的钟声？近期外网热梗来了！？,06:50,910301,2980,,113316756263021,1729076982,https://www.bilibili.com/video/BV158mKYeEeG
336,2024-10-14,BV1yxm5YuEcf,【梗百科】我是毒液是啥梗？我不是人又是啥梗？！,02:25,7439867,2492,,113305180052332,1728900041,https://www.bilibili.com/video/BV1yxm5YuEcf
337,2024-10-12,BV1sW2hYDEin,【梗百科】三折叠 怎么折都有面是啥梗？这都被玩出花了？,02:02,1779643,707,,113293838522785,1728727118,https://www.bilibili.com/video/BV1sW2hYDEin
338,2024-10-11,BV1f82SYbEBq,【梗百科】炸鱼小学生是咋回事？大一也是一年级？,01:25,1763257,773,,113288402770209,1728643968,https://www.bilibili.com/video/BV1f82SYbEBq
339,2024-10-10,BV1yD23YhEtL,【梗百科】战鹰起飞是啥梗？,01:49,745529,186,,113282597853634,1728557315,https://www.bilibili.com/video/BV1yD23YhEtL
340,2024-10-10,BV1pv2GYhEed,【梗百科】可能和我的家教有关吧是啥梗？,01:15,764198,121,,113282111314051,1728548024,https://www.bilibili.com/video/BV1pv2GYhEed
341,2024-10-09,BV13A2PYnETP,【梗百科】18年前的外星人视频👽火了？真出处我们找到了！？,02:47,1269481,2300,,113277044529901,1728470869,https://www.bilibili.com/video/BV13A2PYnETP
342,2024-10-07,BV1BX1kYqE3v,【梗百科】不跑酷就等死？外网爆火的MC跑酷梗？,04:18,809647,978,,113264243642527,1728275432,https://www.bilibili.com/video/BV1BX1kYqE3v
343,2024-10-04,BV1v54FemEJd,【梗百科】上海堡垒2.0是啥梗？这就是神秘的749局？！,02:46,1456074,775,,113248372330631,1728033336,https://www.bilibili.com/video/BV1v54FemEJd
344,2024-10-03,BV1HxxQeMED5,【梗百科】不要视奸我是啥梗？,02:10,2398017,1409,,113242835850295,1727948708,https://www.bilibili.com/video/BV1HxxQeMED5
345,2024-10-01,BV1vrxheiEy8,【梗百科】15块组乐队是啥梗？是你会怎么玩？,02:45,788163,505,,113230286427328,1727757361,https://www.bilibili.com/video/BV1vrxheiEy8
346,2024-09-28,BV1iZxTeqEmM,【梗百科】沙威玛传奇是啥？让我们说中文！,02:37,4505661,1247,,113214801056635,1727520941,https://www.bilibili.com/video/BV1iZxTeqEmM
347,2024-09-27,BV1pTsZeDEu3,【梗百科】坐忘道是啥梗？,05:00,1794513,2814,,113208375382302,1727431500,https://www.bilibili.com/video/BV1pTsZeDEu3
348,2024-09-27,BV1scsZeREfo,【梗百科】发奶龙的小朋友们你好啊 是啥梗？都是谁在看这个啊！？,02:28,3887696,2136,,113208442491266,1727424009,https://www.bilibili.com/video/BV1scsZeREfo
349,2024-09-26,BV1ANxueQE56,【梗百科】回家打粥是啥梗？这什么梦幻联动？,01:45,778967,245,,113199030476772,1727320800,https://www.bilibili.com/video/BV1ANxueQE56
350,2024-09-25,BV1Qzsre9EYp,【梗百科】男人这辈子要保护的三样东西是啥梗？,02:37,1313215,654,,113197117870213,1727258400,https://www.bilibili.com/video/BV1Qzsre9EYp
351,2024-09-24,BV1aFsae8EEm,【梗百科】“XX年，你...”是啥梗？外网的Doomer表情包在国内火了？,02:50,578741,374,,113190776086493,1727154553,https://www.bilibili.com/video/BV1aFsae8EEm
352,2024-09-23,BV1rNsyeyE79,【梗百科】FPS春晚是啥梗？,02:30,753848,697,,113182639132877,1727065800,https://www.bilibili.com/video/BV1rNsyeyE79
353,2024-09-20,BV1JYtpeoEep,【梗百科】梦幻联动？来自SLG的震撼是咋回事？,03:38,594881,137,,113163781545487,1726826400,https://www.bilibili.com/video/BV1JYtpeoEep
354,2024-09-20,BV1SKtXeoEUx,【梗百科】Cosplay姜老师是啥梗？,01:40,1097906,355,,113164100378188,1726808400,https://www.bilibili.com/video/BV1SKtXeoEUx
355,2024-09-19,BV1MZtpe6EmQ,【梗百科】等一下！怪盗基德！是啥梗？这就是柯南摇？,01:45,1636676,324,,113163513106573,1726738469,https://www.bilibili.com/video/BV1MZtpe6EmQ
356,2024-09-16,BV1i1tse4EKr,【梗百科】爆瘦226斤，骗过全网的鳄梨小哥是怎么回事？,05:36,1146738,2188,,113146970840155,1726486006,https://www.bilibili.com/video/BV1i1tse4EKr
357,2024-09-15,BV1cH4HepE8q,【梗百科】龙族只有前三部是啥梗？,04:46,2175949,1549,,113123180680801,1726373100,https://www.bilibili.com/video/BV1cH4HepE8q
358,2024-09-13,BV1Dh44eDE9f,【梗百科】十三香仙人？总有一种不祥的预感？玉哭无泪的咸鱼梦想家！,03:46,928055,918,,113128314574454,1726201365,https://www.bilibili.com/video/BV1Dh44eDE9f
359,2024-09-11,BV1re4zeTEJJ,【梗百科】白日梦哥布林是啥梗？性感哥布林？,01:50,928072,373,,113118332063794,1726048865,https://www.bilibili.com/video/BV1re4zeTEJJ
360,2024-09-08,BV1vxpie3EW3,【梗百科】陕北XX？炼金丹？金蝉子我又赢了？黑悟空梗合集又来啦！,06:44,582278,851,,113100531440106,1725777526,https://www.bilibili.com/video/BV1vxpie3EW3
361,2024-09-06,BV1GDHQejEXj,【梗百科】国足0比7有啥梗？我上我也行？,02:34,1180936,1313,,113090163120133,1725619048,https://www.bilibili.com/video/BV1GDHQejEXj
362,2024-09-04,BV1W2pwefEPQ,【梗百科】星鸣特攻暴死有啥梗？11天就关服的ZZZQ游戏？,02:09,646742,723,,113079073375125,1725450047,https://www.bilibili.com/video/BV1W2pwefEPQ
363,2024-08-31,BV1P1421b73Y,【梗百科】初音换国籍？三角流水线？怎么这么生气？近期外网热梗总结！,05:27,1787187,1675,,1556606005,1725107714,https://www.bilibili.com/video/BV1P1421b73Y
364,2024-08-29,BV1Sn4y1f7fM,【梗百科】蛋生蛋是啥梗？鸡蛋鸭蛋荷包蛋又是啥？,03:51,4906883,2461,,1056560097,1724927119,https://www.bilibili.com/video/BV1Sn4y1f7fM
365,2024-08-26,BV1GE421c7RH,【梗百科】黑神话广智？冯骥英高？才几天啊这么多梗！？,03:59,1514903,800,,1656639860,1724674960,https://www.bilibili.com/video/BV1GE421c7RH
366,2024-08-23,BV1pZ421K7kP,【梗百科】勇敢去做是啥梗？,02:21,1269678,495,,1156545965,1724407158,https://www.bilibili.com/video/BV1pZ421K7kP
367,2024-08-22,BV1Px4y1x7we,【梗百科】黑神话悟空刚出就有这么多梗？,02:52,1478521,820,,1006575654,1724309375,https://www.bilibili.com/video/BV1Px4y1x7we
368,2024-08-21,BV13E4m1d7WT,【梗百科】站如本的山城恋是啥梗？,02:15,2593906,1349,,1256408386,1724238345,https://www.bilibili.com/video/BV13E4m1d7WT
369,2024-08-18,BV18S411w7YK,【梗百科】硬汉滤镜是啥梗？完美下颚线？,02:45,2890483,1769,,1906264177,1723978120,https://www.bilibili.com/video/BV18S411w7YK
370,2024-08-17,BV1Fw4m1k79a,【梗百科】认亲歌单是啥梗？我是逆蝶？！,02:57,562069,390,,1106294388,1723892105,https://www.bilibili.com/video/BV1Fw4m1k79a
371,2024-08-16,BV1FZ421M77G,【梗百科】懂王同款是啥梗？特朗普给中国带货了？,01:26,1327162,286,,1156297629,1723802902,https://www.bilibili.com/video/BV1FZ421M77G
372,2024-08-13,BV1pZ421N7vm,【梗百科】黑悟空往生咒被玩梗？外国人对西瓜怎么反应这么大！？,03:02,1855525,889,,1156348217,1723546364,https://www.bilibili.com/video/BV1pZ421N7vm
373,2024-08-12,BV1D4421Z77z,【梗百科】秦朝老兵是啥梗？清朝老兵跟不上了吧？！,01:51,1648028,369,,1756458559,1723456800,https://www.bilibili.com/video/BV1D4421Z77z
374,2024-08-11,BV12E421w74q,【梗百科】死侍舞是啥梗？byebyebye~,02:15,898486,296,,1656393655,1723373840,https://www.bilibili.com/video/BV12E421w74q
375,2024-08-09,BV1Cr421M7NA,【梗百科】孤高之人是啥梗？孤高曼波又是啥梗？,03:29,1272565,2052,,1406345142,1723197749,https://www.bilibili.com/video/BV1Cr421M7NA
376,2024-08-07,BV1oy411e7ny,【梗百科】uzi跳枪是啥梗？,02:14,5833956,1550,,1956449692,1723023563,https://www.bilibili.com/video/BV1oy411e7ny
377,2024-08-04,BV1ci421a7Yb,【梗百科】土耳其射手是啥梗？,01:40,1144344,1168,,1456348147,1722747600,https://www.bilibili.com/video/BV1ci421a7Yb
378,2024-08-02,BV1Yz421i7Kk,【梗百科】闹心球是啥梗？前几年的外网梗在国内火了？？！,02:22,984596,891,,1356436646,1722592800,https://www.bilibili.com/video/BV1Yz421i7Kk
379,2024-07-31,BV1Xr421M7rm,【梗百科】赛啵女友是啥梗？赛博情感大瓜！,03:07,1530378,478,,1406377233,1722420900,https://www.bilibili.com/video/BV1Xr421M7rm
380,2024-07-29,BV1KW421R7Bt,【梗百科】松弛感是啥梗？,01:52,936800,1069,,1856483446,1722246003,https://www.bilibili.com/video/BV1KW421R7Bt
381,2024-07-27,BV1Mb421J7zT,【梗百科】啥是没苦硬吃？没福硬享？！,03:04,1988941,598,,1806332864,1722074694,https://www.bilibili.com/video/BV1Mb421J7zT
382,2024-07-27,BV19f421q7pV,谁 是 梗 高 手？,10:26,401734,1096,,1206319602,1722053700,https://www.bilibili.com/video/BV19f421q7pV
383,2024-07-25,BV1am42137YM,【梗百科】你说英语还是西语是啥梗？谁先动谁是给？,03:41,1060417,713,,1606387975,1721901137,https://www.bilibili.com/video/BV1am42137YM
384,2024-07-23,BV1Jz421i73G,【梗百科】赛博皇帝？电子奸臣？这都是啥梗？,03:01,639604,326,,1356423797,1721728074,https://www.bilibili.com/video/BV1Jz421i73G
385,2024-07-22,BV1mS411w7Wd,【梗百科】演的什么玩意这是 是啥梗？一念神魔郭德纲？,02:11,1739832,1167,,1906290415,1721642830,https://www.bilibili.com/video/BV1mS411w7Wd
386,2024-07-21,BV1tn4y1f7we,【梗百科】外网黑星光都成梗了？！ 黑袍纠察队梗太多啦！,02:11,2058691,1655,,1056453170,1721536147,https://www.bilibili.com/video/BV1tn4y1f7we
387,2024-07-19,BV1f4421U7M7,【梗百科】出来XX是啥梗？,01:24,793595,759,,1756295846,1721365130,https://www.bilibili.com/video/BV1f4421U7M7
388,2024-07-18,BV1Tf421B7yJ,【梗百科】⚡通讯兵⚡是啥梗？怎么还没到啊！？,03:42,1694930,567,,1206331422,1721296270,https://www.bilibili.com/video/BV1Tf421B7yJ
389,2024-07-16,BV1nf421z7Bt,【梗百科】你知道刀削面吗？是啥梗？,04:27,1355344,947,,1206076598,1721120400,https://www.bilibili.com/video/BV1nf421z7Bt
390,2024-07-14,BV11T421k7uT,【梗百科】枪击特朗普是啥情况？,02:22,649598,1483,,1706234466,1720956002,https://www.bilibili.com/video/BV11T421k7uT
391,2024-07-14,BV1vT421k7yp,【梗百科】国服第一打野是啥梗？这虎头山能有一百万斤肉？！,03:13,3341246,1787,,1706209231,1720939807,https://www.bilibili.com/video/BV1vT421k7yp
392,2024-07-12,BV1KE421P7m4,【梗百科】看见情侣的火车头是啥梗？创人小曲一响那个男人登场？,03:06,1081265,831,,1656158053,1720760344,https://www.bilibili.com/video/BV1KE421P7m4
393,2024-07-09,BV1wS411P7mw,【梗百科】我怕辣是啥梗？,02:42,1725968,751,,1906038157,1720518804,https://www.bilibili.com/video/BV1wS411P7mw
394,2024-07-08,BV1Dm421G7qM,【梗百科】11号战歌是啥梗？🔥玛卡巴卡🔥！！,02:00,2408486,1247,,1606148527,1720407883,https://www.bilibili.com/video/BV1Dm421G7qM
395,2024-07-07,BV196421Z7UZ,【梗百科】赌核是啥梗？讽刺赌狗的外网热梗？,04:19,1094369,687,,1406031397,1720340177,https://www.bilibili.com/video/BV196421Z7UZ
396,2024-07-05,BV12E421A7qP,【梗百科】幼儿园平均年龄37是啥梗？错的自己都笑了！？,02:26,3163479,1058,,1656091491,1720173477,https://www.bilibili.com/video/BV12E421A7qP
397,2024-07-03,BV1pf421z7J3,【梗百科】乐意效劳是啥梗？外网爆火！能衔接一切的曲子？,03:07,4674952,3118,,1206080074,1720007129,https://www.bilibili.com/video/BV1pf421z7J3
398,2024-07-02,BV1qb421E7kd,【梗百科】AI玩梗热潮来了！？,04:17,584993,778,,1806235931,1719920842,https://www.bilibili.com/video/BV1qb421E7kd
399,2024-06-30,BV16n4y1X74V,【梗百科】脚臭柠檬茶是啥梗？喝过的来说说真的是袜子味？,01:44,659038,625,,1055853022,1719739171,https://www.bilibili.com/video/BV16n4y1X74V
400,2024-06-28,BV1BE421N7uV,【梗百科】藏狐精二立绘是啥梗？,02:25,1145686,633,,1655900168,1719575462,https://www.bilibili.com/video/BV1BE421N7uV
401,2024-06-27,BV1jM4m1m7kF,【梗百科】FUN 2 RHYME是啥梗？寸止挑战？！,02:08,833375,364,,1305802657,1719482811,https://www.bilibili.com/video/BV1jM4m1m7kF
402,2024-06-26,BV1TS411A7TH,【梗百科】宫崎英高小时候/儿子 XXX 是啥梗？,03:27,1373128,707,,1905824964,1719395505,https://www.bilibili.com/video/BV1TS411A7TH
403,2024-06-24,BV1cb421p7kD,【梗百科】小猫就在冰上走走怎么就成梗了？,01:55,3241125,2992,,1805819572,1719224551,https://www.bilibili.com/video/BV1cb421p7kD
404,2024-06-21,BV1cS421o7cn,【梗百科】失重感是啥梗？,01:45,1851012,909,,1505935729,1718963473,https://www.bilibili.com/video/BV1cS421o7cn
405,2024-06-19,BV1qS421d7zv,【梗百科】零帧起手是啥梗？反应不过来了吧！？,01:00,1453986,232,,1505831685,1718793764,https://www.bilibili.com/video/BV1qS421d7zv
406,2024-06-17,BV1wz421z72z,【梗百科】车牌之歌是啥梗？鲁A济南车！鲁B青岛的！,01:53,1329933,475,,1355876683,1718618292,https://www.bilibili.com/video/BV1wz421z72z
407,2024-06-15,BV17142117Kp,【梗百科】“你会用这块空间做什么？”是啥梗？,02:28,1028691,2232,,1555538381,1718446585,https://www.bilibili.com/video/BV17142117Kp
408,2024-06-14,BV1zM4m1S7jW,【梗百科】黑神话悟空破解版是咋回事？！,01:56,777173,705,,1305708436,1718365181,https://www.bilibili.com/video/BV1zM4m1S7jW
409,2024-06-13,BV11i421v76y,【梗百科】七月新番还没出就成梗了？！鹿乃子乃子虎视眈眈？,02:27,2835816,1378,,1455501450,1718273763,https://www.bilibili.com/video/BV11i421v76y
410,2024-06-11,BV13y411z7Jz,【梗百科】怎么滴 卖你同学？是啥梗？同学是你最亲最近的人！,03:18,2277872,535,,1955704187,1718106337,https://www.bilibili.com/video/BV13y411z7Jz
411,2024-06-07,BV1on4y197T7,【梗百科】赛博孟德尔是啥梗？杂交版PVZ大杀四方？！,01:50,1166418,215,,1055605240,1717757399,https://www.bilibili.com/video/BV1on4y197T7
412,2024-06-05,BV1S7421d7qN,【梗百科】谷歌街景拍下的少女们竟成改图热梗？,02:06,2530665,2629,,1655266518,1717584839,https://www.bilibili.com/video/BV1S7421d7qN
413,2024-06-04,BV1HM4m1z7bL,【梗百科】突然爆红的外国女人表情包是啥梗？,01:55,968902,340,,1305306576,1717496458,https://www.bilibili.com/video/BV1HM4m1z7bL
414,2024-06-03,BV1p7421o7wF,【梗百科】永BAN阿狸条约是咋回事？,02:18,726586,753,,1655365647,1717411257,https://www.bilibili.com/video/BV1p7421o7wF
415,2024-05-31,BV1Wb421e7R2,【梗百科】我来驾驶五条悟是啥梗？,03:16,1357738,530,,1805449512,1717152709,https://www.bilibili.com/video/BV1Wb421e7R2
416,2024-05-30,BV1Rx4y1J7Mr,【梗百科】穷哥是啥梗？穷哥语录伴我同行！？,03:08,2117292,574,,1005083023,1717059600,https://www.bilibili.com/video/BV1Rx4y1J7Mr
417,2024-05-28,BV1Gm421N72P,【梗百科】你能在得了痴呆症的情况下通关XXX吗是啥梗？,03:01,795242,457,,1605156597,1716899017,https://www.bilibili.com/video/BV1Gm421N72P
418,2024-05-26,BV1Hi421m7Nm,【梗百科】国内装修视频竟成外网热梗？镀锌方钢！启动！镀锌方钢！再启动！,04:30,3668098,1978,,1455180959,1716693778,https://www.bilibili.com/video/BV1Hi421m7Nm
419,2024-05-24,BV1N1421i7si,【梗百科】喜欢XX你就尖叫是啥梗？勒布朗詹姆斯又来新梗！,03:20,546132,342,,1554826436,1716544366,https://www.bilibili.com/video/BV1N1421i7si
420,2024-05-23,BV1uJ4m1w7Lx,【梗百科】跳蚤儿子是啥梗？这就是多动症一家人？,01:18,3666287,605,,1254917720,1716462576,https://www.bilibili.com/video/BV1uJ4m1w7Lx
421,2024-05-20,BV18J4m1w7LH,【梗百科】hero死了是啥梗？热死了！热死了！,01:39,1442614,1262,,1254989204,1716206812,https://www.bilibili.com/video/BV18J4m1w7LH
422,2024-05-19,BV13E421F73z,【梗百科】粉丝尖叫？柠檬米字脸？近期外网热梗来咯！？,05:14,1965829,1607,,1654865963,1716118740,https://www.bilibili.com/video/BV13E421F73z
423,2024-05-18,BV1uf421d7TT,【梗百科】搞点动静狗是啥梗？,01:04,698717,115,,1204969306,1716030644,https://www.bilibili.com/video/BV1uf421d7TT
424,2024-05-17,BV1EH4y1u75C,【梗百科】触发连招是啥梗？,02:13,629303,1466,,1054710829,1715943847,https://www.bilibili.com/video/BV1EH4y1u75C
425,2024-05-15,BV1Hs421P7Rf,【梗百科】演化反差是啥梗？嘴巴痛痛哦！？,01:30,2393101,904,,1854659636,1715768615,https://www.bilibili.com/video/BV1Hs421P7Rf
426,2024-05-14,BV1Nr421E7pB,【梗百科】格莱美大战优乐美是啥梗？众歌手申请出战？,02:25,403236,189,,1404533278,1715683131,https://www.bilibili.com/video/BV1Nr421E7pB
427,2024-05-13,BV1uH4y137y9,【梗百科】F1 meme是啥梗？,03:05,3509430,1627,,1054546245,1715594921,https://www.bilibili.com/video/BV1uH4y137y9
428,2024-05-08,BV1wm421u7yV,【梗百科】亚比囧囧囧是啥梗？邓超这梗看的我都囧了！,01:18,618705,204,,1604327968,1715161433,https://www.bilibili.com/video/BV1wm421u7yV
429,2024-05-07,BV1rm411C73R,【梗百科】晚安大小姐是啥梗？哥你别跳了 我这就睡！,01:54,1069929,426,,1904017432,1715076760,https://www.bilibili.com/video/BV1rm411C73R
430,2024-05-06,BV1wi421y7fH,【梗百科】把B站当网盘用是啥梗？,02:54,1043111,323,,1454010132,1714989761,https://www.bilibili.com/video/BV1wi421y7fH
431,2024-05-06,BV1Wt421w7cJ,【梗百科】Omg it's XXX是啥梗？又萌又万用啊！？,02:58,1769485,1370,,1754005234,1714968465,https://www.bilibili.com/video/BV1Wt421w7cJ
432,2024-05-04,BV1ub42187vQ,【梗百科】大菠萝又是个啥梗？是个水果就能火吗？,02:18,952680,1103,,1804099017,1714797107,https://www.bilibili.com/video/BV1ub42187vQ
433,2024-05-03,BV16M4m1Z7eM,【梗百科】☠️兄弟认为他是高司令是啥梗？☠️,01:51,1112057,450,,1304158629,1714715987,https://www.bilibili.com/video/BV16M4m1Z7eM
434,2024-05-02,BV1fb421Y7PJ,【梗百科】欧多桑！爸爸！是啥梗？,01:55,721429,964,,1803756420,1714632113,https://www.bilibili.com/video/BV1fb421Y7PJ
435,2024-04-30,BV14m41117DJ,【梗百科】DJ猫？干呕猫？悲伤鼠鼠？猫meme大军势不可挡！！？,04:40,2155388,445,,1903877454,1714474800,https://www.bilibili.com/video/BV14m41117DJ
436,2024-04-29,BV1EE421577D,【梗百科】萨菲罗斯 男人中的男人是啥梗？,02:31,1063854,591,,1653953624,1714383497,https://www.bilibili.com/video/BV1EE421577D
437,2024-04-26,BV1br421g7kD,【梗百科】欧金金=奶茶是咋回事？,01:28,953962,1239,,1403573440,1714125195,https://www.bilibili.com/video/BV1br421g7kD
438,2024-04-25,BV1dD421J7iq,【梗百科】妈妈，人生是旷野是啥梗？狂野人生？人生诓我？,02:03,1158097,952,,1503560073,1714024084,https://www.bilibili.com/video/BV1dD421J7iq
439,2024-04-22,BV1cw4m1m7uZ,【梗百科】私人音效是啥梗？,02:04,3394690,918,,1103604781,1713783315,https://www.bilibili.com/video/BV1cw4m1m7uZ
440,2024-04-21,BV1Um421x7Gt,【梗百科】越南海贼王是啥梗？因两亿黄金开启的大航海时代？！,01:19,984238,290,,1603407116,1713696442,https://www.bilibili.com/video/BV1Um421x7Gt
441,2024-04-20,BV1aT421276L,【梗百科】哥布林文学是啥梗？,02:27,1647264,839,,1703341954,1713611288,https://www.bilibili.com/video/BV1aT421276L
442,2024-04-19,BV1bw4m127AT,【梗百科】听不清楚该罚是啥梗？听声辨位是吧！你过关！？,02:27,1090526,499,,1103496406,1713521914,https://www.bilibili.com/video/BV1bw4m127AT
443,2024-04-18,BV1Lt421j7kf,【梗百科】俄罗斯meme是啥梗？有100万播放就给200美元？,02:52,1789997,763,,1803373748,1713429984,https://www.bilibili.com/video/BV1Lt421j7kf
444,2024-04-15,BV1xx421m7bu,【梗百科】邓超out是啥梗？,01:50,1480576,977,,1753037726,1713175002,https://www.bilibili.com/video/BV1xx421m7bu
445,2024-04-13,BV1ox421m7eG,【梗百科】You are my sunshine是啥梗？让我想起了那个人！？,02:46,2404584,1947,,1753173625,1712988202,https://www.bilibili.com/video/BV1ox421m7eG
446,2024-04-12,BV1jJ4m1p7sj,【梗百科】我爱发明是啥梗？发明人XX，发明项目：XXX？！,01:53,2921206,779,,1253113723,1712914662,https://www.bilibili.com/video/BV1jJ4m1p7sj
447,2024-04-11,BV1AF4m1T7tA,【梗百科】5:20AM是啥？河南省歌？俺是河南嘞？！,01:43,2941114,699,,1202897982,1712825281,https://www.bilibili.com/video/BV1AF4m1T7tA
448,2024-04-10,BV1Dx421U7ij,【梗百科】🖕🏻非常美味 谢谢你们🖕🏻是啥梗？新番这就有梗啦？,01:35,1410369,1016,,1752818353,1712743348,https://www.bilibili.com/video/BV1Dx421U7ij
449,2024-04-08,BV1hH4y1M7Z8,【梗百科】我真的有这么坏吗？外国超人强？意大利香肠？加菲猫梗好多啊！,04:38,1097436,1622,,1052979502,1712560595,https://www.bilibili.com/video/BV1hH4y1M7Z8
450,2024-04-07,BV1BT421m7Eq,【梗百科】我要迪士尼是啥梗？,01:55,893417,259,,1702996855,1712485966,https://www.bilibili.com/video/BV1BT421m7Eq
451,2024-04-06,BV1P1421o7hp,【梗百科】Gotta Lock In是啥梗？认真模式！变脸！,01:55,2693661,791,,1552960433,1712400414,https://www.bilibili.com/video/BV1P1421o7hp
452,2024-04-05,BV1tZ421i74t,【梗百科】不是哥们是啥梗？此梗已升华为抽象艺术系列？！,01:43,2212144,1263,,1152748216,1712292272,https://www.bilibili.com/video/BV1tZ421i74t
453,2024-04-04,BV1dA4m1c7XM,【梗百科】控告律师是啥梗？扣税国王的后继梗？,02:35,6007580,800,,1102649885,1712224242,https://www.bilibili.com/video/BV1dA4m1c7XM
454,2024-04-03,BV1Fq421w7Yg,【梗百科】XX或者唱中文歌？又一首中文歌在外网爆火？,02:25,1176723,432,,1452600481,1712140364,https://www.bilibili.com/video/BV1Fq421w7Yg
455,2024-04-02,BV1HZ421B7xe,【梗百科】suno是个啥玩意？这么简单就能生成音乐？,02:30,535937,298,,1152591740,1712055744,https://www.bilibili.com/video/BV1HZ421B7xe
456,2024-04-01,BV1914212714,【梗百科】你的钢门比较松弛是啥梗？,03:11,2818130,3020,,1552742161,1711970870,https://www.bilibili.com/video/BV1914212714
457,2024-04-01,BV14q421w77z,【梗百科】沟子文学是啥梗？,01:32,2145273,2118,,1452654083,1711946958,https://www.bilibili.com/video/BV14q421w77z
458,2024-03-29,BV1Hf421f7Ke,【梗百科】豪大大鸡排是啥梗？听之前没想到这么逆天？！！,02:33,2593754,1989,,1202443090,1711706685,https://www.bilibili.com/video/BV1Hf421f7Ke
459,2024-03-28,BV1vz421f7jB,【梗百科】大香蕉是啥梗？你的感觉真的很奇妙？？！,02:17,1609887,1177,,1352349870,1711620530,https://www.bilibili.com/video/BV1vz421f7jB
460,2024-03-25,BV1wi421R7cx,【梗百科】普通人是啥梗？,02:04,4018770,620,,1452249192,1711361184,https://www.bilibili.com/video/BV1wi421R7cx
461,2024-03-24,BV1Jp42127vh,【梗百科】学新闻学的是啥梗？,02:23,2332508,1000,,1852073053,1711275971,https://www.bilibili.com/video/BV1Jp42127vh
462,2024-03-22,BV15D421L7KH,【梗百科】浓人和淡人又是个啥梗？,02:48,679327,435,,1502125226,1711083600,https://www.bilibili.com/video/BV15D421L7KH
463,2024-03-22,BV1Km411d7JG,【梗百科】我打宿傩是啥梗？,01:43,2771792,2111,,1902052697,1711078668,https://www.bilibili.com/video/BV1Km411d7JG
464,2024-03-21,BV1TH4y1W784,【梗百科】超yue自我！不卸原神！是啥梗？怎么就干呕男孩了？,01:43,2110812,853,,1052163371,1711011653,https://www.bilibili.com/video/BV1TH4y1W784
465,2024-03-20,BV1JK421i7xa,【梗百科】Steam义子是啥梗？怎么一堆人认义父？！,01:28,621943,221,,1702085430,1710924361,https://www.bilibili.com/video/BV1JK421i7xa
466,2024-03-19,BV1wi421d727,【梗百科】云南打歌是啥梗？,02:09,1467365,392,,1451928592,1710843398,https://www.bilibili.com/video/BV1wi421d727
467,2024-03-18,BV1Kx4y1U7eE,【梗百科】骷髅打金服是啥梗？滴哩哩哩 ⚡滴哩哩哩 ⚡等待？,02:08,3655156,1003,,1001996663,1710745711,https://www.bilibili.com/video/BV1Kx4y1U7eE
468,2024-03-17,BV1d2421A7Dc,【梗百科】名字超长的外网梗？老外怎么被这种梗给硬控了？,02:51,3810072,608,,1601975616,1710648000,https://www.bilibili.com/video/BV1d2421A7Dc
469,2024-03-14,BV16x4y1S71t,【梗百科】这还是国内吗？是啥梗？,02:13,2234775,644,,1001781028,1710413792,https://www.bilibili.com/video/BV16x4y1S71t
470,2024-03-13,BV1BF4m1V7ro,【梗百科】相亲百分百胜率rap是啥梗？,01:57,876803,276,,1201564440,1710323442,https://www.bilibili.com/video/BV1BF4m1V7ro
471,2024-03-11,BV12t421L76r,【梗百科】到处征兵的男人是啥梗？这游戏怎么直接黑美国的？,04:35,1410165,2471,,1801700129,1710142113,https://www.bilibili.com/video/BV12t421L76r
472,2024-03-10,BV1au4m1u7D6,【梗百科】全球发音是啥梗？这里怎么成了玩梗聚集地？！,01:27,588032,216,,1301564174,1710051461,https://www.bilibili.com/video/BV1au4m1u7D6
473,2024-03-09,BV16j421Z7Vm,【梗百科】血洗礼堂？新造的人？周处除三害有啥梗？时间差不多啰~,06:31,1425956,2412,,1651611431,1709978434,https://www.bilibili.com/video/BV16j421Z7Vm
474,2024-03-06,BV1yy421i7pz,【梗百科】猫meme?尖叫小猫？嘎嘣脆猫？怎么这么多跳舞猫梗？！,06:03,1977354,1397,,1551466797,1709696958,https://www.bilibili.com/video/BV1yy421i7pz
475,2024-03-05,BV1qW421w74s,【梗百科】兔子洞是啥梗？这是一期很粉色的视频？！,02:02,2056155,1342,,1851384503,1709632800,https://www.bilibili.com/video/BV1qW421w74s
476,2024-03-04,BV1xJ4m1Y7es,【梗百科】不要带走福宝是啥梗？推荐带走韩国总统？！,02:27,2260926,1048,,1251392861,1709551369,https://www.bilibili.com/video/BV1xJ4m1Y7es
477,2024-03-02,BV12x4y1D7ZW,【梗百科】臀部翘到可以顶起XX是啥梗？,01:07,639637,181,,1001474920,1709357293,https://www.bilibili.com/video/BV12x4y1D7ZW
478,2024-03-01,BV1Bv421r7s8,【梗百科】哈哈你是我的啦！是啥梗？,02:59,2369870,639,,1451098138,1709273822,https://www.bilibili.com/video/BV1Bv421r7s8
479,2024-02-28,BV1ow4m1f7cn,【梗百科】姐弟格斗是啥梗？尝尝我的草莓熊肘击？！！,02:02,982568,500,,1101211785,1709095547,https://www.bilibili.com/video/BV1ow4m1f7cn
480,2024-02-26,BV1fJ4m1e7Gv,【梗百科】扣税“国王”是啥梗？听好了！乡巴佬？！！,02:39,9081189,1319,,1251198893,1708943378,https://www.bilibili.com/video/BV1fJ4m1e7Gv
481,2024-02-24,BV1Fu4m1w7ig,【梗百科】AI威尔史密斯吃意面是啥梗？,02:48,1790022,633,,1301142211,1708769226,https://www.bilibili.com/video/BV1Fu4m1w7ig
482,2024-02-22,BV1Fx421f7iA,【梗百科】这才是真正的音乐是啥梗？大吉大利，今晚吃鸡？,02:19,2163120,1460,,1750908114,1708598560,https://www.bilibili.com/video/BV1Fx421f7iA
483,2024-02-20,BV12x4y1y7tw,【梗百科】春山学？小尼穿帮？十天过去了春晚梗还有人在意吗？,05:28,641184,739,,1000827079,1708422833,https://www.bilibili.com/video/BV12x4y1y7tw
484,2024-02-19,BV1dS421P7XP,【梗百科】小丑的小曲是啥梗？,02:36,4844675,1281,,1500854193,1708333330,https://www.bilibili.com/video/BV1dS421P7XP
485,2024-02-18,BV1Tr421s7R5,【梗百科】I Drive是啥梗？嘟嘟哒嘟嘟哒？点进来被硬控5分46秒！,05:46,3792094,3427,,1400993847,1708236165,https://www.bilibili.com/video/BV1Tr421s7R5
486,2024-02-17,BV1G6421M7uW,【梗百科】高速运转的机械进入中国是啥梗？,02:11,456647,306,,1400721914,1708142400,https://www.bilibili.com/video/BV1G6421M7uW
487,2024-02-15,BV1bj421X7Q3,【梗百科】听不懂思密达？丛林土鳖？请求支援？！这就是梗出没吗？,04:07,9825795,2534,,1650605116,1707989209,https://www.bilibili.com/video/BV1bj421X7Q3
488,2024-02-14,BV1vt421a7sb,【梗百科】崩溃XX是啥梗?,02:16,2692856,1166,,1800589991,1707899476,https://www.bilibili.com/video/BV1vt421a7sb
489,2024-02-12,BV1Ax4y1y7bC,【梗百科】兄弟，你好香是啥梗？还能这么个香的啊？,01:14,1629212,339,,1000648781,1707721173,https://www.bilibili.com/video/BV1Ax4y1y7bC
490,2024-02-11,BV1DW421P7Eg,【梗百科】我有四不X是啥梗？因为他善！,02:43,1319700,771,,1850738537,1707632662,https://www.bilibili.com/video/BV1DW421P7Eg
491,2024-02-10,BV1sK421C7Su,【梗百科】XX，男人最好的医美是啥梗？,01:45,416324,223,,1700323586,1707540807,https://www.bilibili.com/video/BV1sK421C7Su
492,2024-02-08,BV17y421h7No,【梗百科】赛博硅孙是啥梗？,02:14,2071242,663,,1550441830,1707384600,https://www.bilibili.com/video/BV17y421h7No
493,2024-02-08,BV1QA4m1V7W8,【梗百科】里奥·哟西是啥梗？梅西发生啥事？,01:59,1808597,1563,,1100257544,1707366503,https://www.bilibili.com/video/BV1QA4m1V7W8
494,2024-02-07,BV1H2421c7wk,【梗百科】马云你听我说是啥梗？,03:35,2732591,3047,,1600423410,1707308382,https://www.bilibili.com/video/BV1H2421c7wk
495,2024-02-05,BV146421u7Xh,【梗百科】我真的变成XX了吗是啥梗？这个外网抽象梗你见过吗？！,03:09,3543834,956,,1400411159,1707126110,https://www.bilibili.com/video/BV146421u7Xh
496,2024-02-03,BV1Rm411X78A,【梗百科】我太想进步了是啥梗？,02:06,2799969,894,,1900055098,1706955278,https://www.bilibili.com/video/BV1Rm411X78A
497,2024-02-01,BV1Xt421W7qm,【梗百科】外网爆火的恐怖初音是啥梗？,02:11,932361,3758,,1800135601,1706783929,https://www.bilibili.com/video/BV1Xt421W7qm
498,2024-01-31,BV1v6421G7XD,【梗百科】5W美元定制的涩涩动画竟成外网热梗？？,05:37,2111900,2551,,1400011948,1706698677,https://www.bilibili.com/video/BV1v6421G7XD
499,2024-01-30,BV1uF4m137WP,【梗百科】山竹醇是啥梗？,02:40,1407494,653,,1200026541,1706613702,https://www.bilibili.com/video/BV1uF4m137WP
500,2024-01-29,BV1wN4y1n736,【梗百科】我不在乎这些xx不喜欢我是啥梗？因为我XX的要命！？,03:17,1820203,1423,,879403110,1706516738,https://www.bilibili.com/video/BV1wN4y1n736
501,2024-01-27,BV1KK4y1q7qw,【梗百科】我爱说实话，铁铁是啥梗？giao~,02:45,962020,296,,881801913,1706347285,https://www.bilibili.com/video/BV1KK4y1q7qw
502,2024-01-26,BV1bK4y117RH,【梗百科】新鲜哥？chipi猫？爆笑猫？芝士汉堡？近期热门猫梗又来啦！！,05:53,5287351,2172,,881860732,1706273931,https://www.bilibili.com/video/BV1bK4y117RH
503,2024-01-20,BV1Sg4y117zn,【梗百科】清汤大老爷是啥梗？,01:24,2477328,387,,836528267,1705736274,https://www.bilibili.com/video/BV1Sg4y117zn
504,2024-01-19,BV1fw41177AG,【梗百科】还是PVP大佬是啥梗？还是PVP大佬？还是PVP大佬！,02:04,2463317,628,,326480221,1705629591,https://www.bilibili.com/video/BV1fw41177AG
505,2024-01-18,BV11b4y1P7e9,【梗百科】闭嘴！我爸爸在XX上班是啥梗？,01:18,1640712,1007,,623988549,1705563072,https://www.bilibili.com/video/BV11b4y1P7e9
506,2024-01-17,BV1wK4y1B7tB,【梗百科】浇给是啥梗？简简单单喝羊头~,01:55,2017797,474,,881489608,1705486530,https://www.bilibili.com/video/BV1wK4y1B7tB
507,2024-01-14,BV1vT4y187X7,【梗百科】无牙仔跳舞是啥梗？,02:30,3669166,898,,923857764,1705228191,https://www.bilibili.com/video/BV1vT4y187X7
508,2024-01-12,BV1C94y1T7vK,【梗百科】我这一生如履薄冰是啥梗？,02:19,2063078,692,,368729473,1705046250,https://www.bilibili.com/video/BV1C94y1T7vK
509,2024-01-11,BV1Jw411g7dM,【梗百科】“中国河狸”居然在外网火了？我失去的东西我一定要拿回来！,02:12,1899783,748,,326070907,1704955333,https://www.bilibili.com/video/BV1Jw411g7dM
510,2024-01-10,BV1aT4y1p73G,【梗百科】对焦测试员是啥梗？摇摆拳法二代目？,02:18,3419165,342,,923530493,1704877061,https://www.bilibili.com/video/BV1aT4y1p73G
511,2024-01-07,BV1se411U7Ve,【梗百科】恐怖米老鼠是啥梗？,01:24,969643,281,,238477056,1704620498,https://www.bilibili.com/video/BV1se411U7Ve
512,2024-01-06,BV19e411m7TG,【梗百科】突然出现在主页的某吧是啥梗？,02:08,784701,493,,238372073,1704517200,https://www.bilibili.com/video/BV19e411m7TG
513,2024-01-05,BV1SG411q71H,【梗百科】霍金奔向萝莉岛是啥梗？,02:48,3855019,4744,,410822902,1704449824,https://www.bilibili.com/video/BV1SG411q71H
514,2024-01-02,BV1Zg4y1S74t,【梗百科】钵~钵鸡是啥梗？赛博朋克2077的钵钵鸡又是啥梗？,01:43,1455067,349,,835731332,1704187018,https://www.bilibili.com/video/BV1Zg4y1S74t
515,2024-01-01,BV1bp4y1R7qW,【梗百科】我们的配音是情侣吗？年度梗总结在结尾～,09:23,1813152,1918,,965626348,1704101989,https://www.bilibili.com/video/BV1bp4y1R7qW
516,2023-12-31,BV1Ma4y1q7Hb,【梗百科】狼王跳舞是啥梗？一直念叨的妮可妮妮是啥意思呢？,03:16,3645462,702,,665599797,1704001397,https://www.bilibili.com/video/BV1Ma4y1q7Hb
517,2023-12-28,BV1tN4y1x7NK,【梗百科】染上xx和古埃及掌管xx的神是啥梗？,03:30,2148097,2254,,880499287,1703760640,https://www.bilibili.com/video/BV1tN4y1x7NK
518,2023-12-26,BV1zi4y1h7wD,【梗百科】超烦蜘蛛侠是啥梗？有你这么玩的？,02:03,570848,673,,537828838,1703565988,https://www.bilibili.com/video/BV1zi4y1h7wD
519,2023-12-25,BV1Qe411z7bi,【梗百科】解冻刘德华是啥梗？,02:01,3433869,2405,,237858136,1703488903,https://www.bilibili.com/video/BV1Qe411z7bi
520,2023-12-22,BV1sp4y1Z7kr,【梗百科】丁胖子金牌讲师是啥梗？美式要饭？又要到饭了，兄弟们！？,02:30,538837,326,,965119113,1703236195,https://www.bilibili.com/video/BV1sp4y1Z7kr
521,2023-12-20,BV1he411b7Eg,【梗百科】AI尽头是宇宙是啥梗？,01:44,1278140,208,,240000541,1703050884,https://www.bilibili.com/video/BV1he411b7Eg
522,2023-12-19,BV1Uc411m7We,【梗百科】外网音乐梗合集！听到口哨声就会有一个男人出现是啥梗？,05:51,1480399,2611,,279930088,1702973552,https://www.bilibili.com/video/BV1Uc411m7We
523,2023-12-18,BV1SC4y1Q7o4,【梗百科】大叔刷爆朋友圈是咋回事？闻神又是啥？,01:02,463284,81,,792456187,1702890715,https://www.bilibili.com/video/BV1SC4y1Q7o4
524,2023-12-15,BV12e411k75S,【梗百科】阿米诺斯是啥梗？这下听懂了…,01:04,2989309,1231,,237340659,1702624924,https://www.bilibili.com/video/BV12e411k75S
525,2023-12-14,BV1Z64y1G7jp,【梗百科】大——声——发——是啥梗？,03:17,2218397,304,,579637917,1702547728,https://www.bilibili.com/video/BV1Z64y1G7jp
526,2023-12-14,BV1qu4y1u7q9,【梗百科】猫猫对话是啥梗？我要吃馄饨，辣辣滴？,01:58,2949963,761,,922151199,1702536904,https://www.bilibili.com/video/BV1qu4y1u7q9
527,2023-12-12,BV1Qe411y7Ka,【梗百科】大方承认吧！您最爱的游戏是啥梗？,01:32,958946,871,,237220752,1702386000,https://www.bilibili.com/video/BV1Qe411y7Ka
528,2023-12-11,BV1Ja4y197je,【梗百科】完蛋，我被RO玩家包围啦是咋回事？,01:50,302514,89,,664594694,1702298982,https://www.bilibili.com/video/BV1Ja4y197je
529,2023-12-07,BV1Sg4y1o7ht,【梗百科】赛博灯泡是啥梗？,01:00,1126843,112,,834449124,1701926248,https://www.bilibili.com/video/BV1Sg4y1o7ht
530,2023-12-05,BV1zG411v7N6,【梗百科】饺子饺子子饺饺子？饺子！饺子？,01:52,1852475,1244,,409349994,1701773081,https://www.bilibili.com/video/BV1zG411v7N6
531,2023-12-05,BV1vu4y137GD,【梗百科】还有高手？是啥梗？,01:08,1142065,263,,919352962,1701766979,https://www.bilibili.com/video/BV1vu4y137GD
532,2023-12-04,BV1nM411d7eC,【梗百科】少萝是啥玩意？,02:24,1327608,976,,536746175,1701669191,https://www.bilibili.com/video/BV1nM411d7eC
533,2023-12-01,BV1Aj411j7WZ,【梗百科】爆火外网的致命公司有啥梗？让人一边尖叫一边大笑的游戏！？,05:21,1852496,689,,451540353,1701407051,https://www.bilibili.com/video/BV1Aj411j7WZ
534,2023-11-30,BV1yC4y1y7qu,【梗百科】不要小看我的情报网是啥梗？居然和牌佬共鸣了？！,01:51,1198856,654,,791594286,1701329571,https://www.bilibili.com/video/BV1yC4y1y7qu
535,2023-11-29,BV19w41187aE,【梗百科】吗喽是啥梗？,01:26,1059558,274,,324088011,1701244713,https://www.bilibili.com/video/BV19w41187aE
536,2023-11-27,BV1tj411L7Xa,【梗百科】断头台阿乌拉是啥梗？,02:40,1125572,602,,451431434,1701059315,https://www.bilibili.com/video/BV1tj411L7Xa
537,2023-11-25,BV1rj41177PT,【梗百科】高校评分是啥梗？虎扑怎么什么都能评！？,01:30,486271,218,,451336684,1700897049,https://www.bilibili.com/video/BV1rj41177PT
538,2023-11-23,BV19Q4y147Qn,【梗百科】原来那位战棋老前辈也有梗啊？,04:15,269480,73,,706315155,1700733600,https://www.bilibili.com/video/BV19Q4y147Qn
539,2023-11-22,BV1bj411J73H,【梗百科】刚满十八岁是啥梗？外国人以为我们喜欢“娃娃音”？！,01:35,626676,761,,451125664,1700639329,https://www.bilibili.com/video/BV1bj411J73H
540,2023-11-21,BV1fb4y1M78p,【梗百科】麦克阿瑟是啥梗？,03:56,3189554,1533,,621140695,1700542796,https://www.bilibili.com/video/BV1fb4y1M78p
541,2023-11-19,BV1bu411F7Yc,【梗百科】内向父女是啥梗？短短时间竟有如此变化！？,01:26,2046230,637,,536013082,1700370558,https://www.bilibili.com/video/BV1bu411F7Yc
542,2023-11-18,BV1z34y1c7Ag,【梗百科】外网也黑五条悟？会赢哦迎来改图热潮？！,01:16,1263351,430,,833621395,1700285174,https://www.bilibili.com/video/BV1z34y1c7Ag
543,2023-11-15,BV1fw411W7kb,【梗百科】群里老发的小可爱表情包出自哪？这Chiikawa是个啥？！,02:56,1506234,1428,,323465209,1700045047,https://www.bilibili.com/video/BV1fw411W7kb
544,2023-11-13,BV12u4y1t7V4,【梗百科】科目三是啥梗？外国人听了也一起摇！？,02:21,5507755,2141,,918348115,1699865490,https://www.bilibili.com/video/BV12u4y1t7V4
545,2023-11-10,BV17c411R7LQ,【梗百科】精忠报国是啥梗？和忠！诚！又有啥关系？,01:35,965739,108,,280641423,1699594836,https://www.bilibili.com/video/BV17c411R7LQ
546,2023-11-09,BV1Ea4y1Q7YX,【梗百科】稀~世~珍~宝~是啥梗？,01:36,2312385,397,,663151808,1699515684,https://www.bilibili.com/video/BV1Ea4y1Q7YX
547,2023-11-08,BV1sG411Q7gx,【梗百科】菜就多练是啥梗？,02:55,5591205,2179,,408224662,1699421718,https://www.bilibili.com/video/BV1sG411Q7gx
548,2023-11-06,BV1pw411s7sV,【梗百科】计划有变XXXX是啥梗？,01:40,748503,255,,323043758,1699273931,https://www.bilibili.com/video/BV1pw411s7sV
549,2023-11-02,BV1Mc411o7db,【梗百科】浩浩不能没有爸爸是啥梗？这就是国产“科幻”游戏吗？,02:50,1462253,491,,280475387,1698907353,https://www.bilibili.com/video/BV1Mc411o7db
550,2023-11-01,BV1zH4y1z7NP,【梗百科】汗流浃背了吧老弟是啥梗？摇摆拳法又是什么？,01:21,3128368,658,,962945221,1698832294,https://www.bilibili.com/video/BV1zH4y1z7NP
551,2023-10-28,BV1kc411Z7wx,【梗百科】神奇数字马戏团有啥梗？认清现实の小曲出自这里！,02:58,2786551,2388,,277665530,1698487434,https://www.bilibili.com/video/BV1kc411Z7wx
552,2023-10-27,BV1aC4y1n7Wk,【梗百科】😨震惊张艺谋是啥梗？老戏骨了（指自己）？！,03:29,2322812,1400,,747709184,1698377282,https://www.bilibili.com/video/BV1aC4y1n7Wk
553,2023-10-23,BV1He411d7YJ,【梗百科】加油啊，1000星琼是啥梗？星穹德比又是怎么回事？,01:26,755055,93,,235080476,1698044970,https://www.bilibili.com/video/BV1He411d7YJ
554,2023-10-20,BV1AN4y1y7Ku,【梗百科】我不吃牛肉是啥梗？这样的民国军少你喜欢吗？,03:48,1632837,810,,874987234,1697788687,https://www.bilibili.com/video/BV1AN4y1y7Ku
555,2023-10-18,BV1Mj41147Uk,【梗百科】夜神月推行实名制是啥梗？,02:04,1199406,944,,449808676,1697616834,https://www.bilibili.com/video/BV1Mj41147Uk
556,2023-10-15,BV1FH4y1d7EV,【梗百科】佛山电翰是啥梗？,02:18,1709565,321,,962237082,1697369709,https://www.bilibili.com/video/BV1FH4y1d7EV
557,2023-10-12,BV1Vp4y1u73Z,【梗百科】CS2的bug成了梗？这下被CF领先了？！！,01:44,1070923,464,,959608681,1697101369,https://www.bilibili.com/video/BV1Vp4y1u73Z
558,2023-10-11,BV1u34y1G7zq,【梗百科】Huh猫是啥梗？吐舌羊和疑惑猫？！！,02:29,4131567,1182,,832030511,1697023921,https://www.bilibili.com/video/BV1u34y1G7zq
559,2023-10-10,BV1fw411w7wM,【梗百科】伊藤诚：我没意见是啥梗？,01:38,884938,724,,276895787,1696914575,https://www.bilibili.com/video/BV1fw411w7wM
560,2023-10-09,BV13w411r7gK,【梗百科】鳄鱼VS黑人是啥梗？为什么这黑哥们在踢鳄鱼？,01:47,1654005,788,,321933549,1696846403,https://www.bilibili.com/video/BV13w411r7gK
561,2023-10-08,BV1Ru411M7vC,【梗百科】坐杀博徒是啥梗？又来一个赌狗摇？！,01:55,5243991,1188,,534482169,1696749191,https://www.bilibili.com/video/BV1Ru411M7vC
562,2023-10-07,BV1vh4y1B75J,【梗百科】萝莉摇是啥梗？萝莉神降临？！,02:08,1994550,1260,,661936596,1696673654,https://www.bilibili.com/video/BV1vh4y1B75J
563,2023-10-06,BV1e34y1V7sU,【梗百科】四金一铜是啥梗？,02:51,392749,187,,831779456,1696584469,https://www.bilibili.com/video/BV1e34y1V7sU
564,2023-10-06,BV1M34y137wA,【梗百科】乡村海贼王是啥梗？日照索隆？狗眼米霍克？,02:34,908838,319,,831795332,1696559542,https://www.bilibili.com/video/BV1M34y137wA
565,2023-10-05,BV1mC4y1L7VW,【梗百科】被外网捧杀的神乐槌是啥梗？拳打龙珠脚踢火影？！,01:58,583791,451,,746783490,1696500409,https://www.bilibili.com/video/BV1mC4y1L7VW
566,2023-10-03,BV168411C7tU,【梗百科】“危险”萝卜刀是咋回事？出处原来是这里？,02:26,2648679,7703,,234195442,1696323822,https://www.bilibili.com/video/BV168411C7tU
567,2023-10-01,BV1tB4y1f7Ji,【梗百科】你现在开心了吧是啥梗？,02:22,2097923,872,,576736270,1696155499,https://www.bilibili.com/video/BV1tB4y1f7Ji
568,2023-09-29,BV138411C7Vr,【梗百科】麦当劳引起的外网骂战梗？这也要政治正确？！,02:01,1035192,1846,,234102493,1695982034,https://www.bilibili.com/video/BV138411C7Vr
569,2023-09-28,BV1aH4y1U7nC,【梗百科】nerd是啥梗？🤓事实上...,03:28,1239698,1900,,961532877,1695896151,https://www.bilibili.com/video/BV1aH4y1U7nC
570,2023-09-27,BV1HF411m7fj,【梗百科】I人和E人是啥梗？,01:58,382608,171,,276390341,1695788160,https://www.bilibili.com/video/BV1HF411m7fj
571,2023-09-26,BV1ir4y1f78w,【梗百科】蓝精灵猫是啥梗？外国人都整不明白的外网梗？！！,02:44,1345519,1231,,746471315,1695723715,https://www.bilibili.com/video/BV1ir4y1f78w
572,2023-09-24,BV14C4y1Z7sQ,【梗百科】帮帮我！XX先生是啥梗？,02:23,717424,396,,788795601,1695553008,https://www.bilibili.com/video/BV14C4y1Z7sQ
573,2023-09-23,BV1au411g7LL,【梗百科】墨西哥外星人是啥梗？这什么刻板外星人形象？！,01:52,777619,604,,533774890,1695449606,https://www.bilibili.com/video/BV1au411g7LL
574,2023-09-22,BV1WH4y1m78E,【梗百科】2.5条悟是啥梗？连一刻都没有为五条悟的死亡哀悼，立刻赶到战场的是？,02:48,2567890,1560,,961311003,1695351993,https://www.bilibili.com/video/BV1WH4y1m78E
575,2023-09-20,BV15V411A7Qg,【梗百科】奢香夫人是啥梗？乌！蒙！山！连！着！山！外！山！！,02:17,1037108,434,,406181957,1695194485,https://www.bilibili.com/video/BV15V411A7Qg
576,2023-09-18,BV138411v7i1,【梗百科】第一舞见葵葵是啥梗？,02:50,1181242,507,,233621789,1695013357,https://www.bilibili.com/video/BV138411v7i1
577,2023-09-17,BV19C4y1f77T,【梗百科】Red Flags是啥梗？约会却碰到变态对象？！！,03:37,1165646,666,,788588226,1694939849,https://www.bilibili.com/video/BV19C4y1f77T
578,2023-09-15,BV1cu4y1r7uh,【梗百科】我需要更多子弹是啥梗？外网火爆的电臀老哥？！,02:52,1044623,900,,916017831,1694773788,https://www.bilibili.com/video/BV1cu4y1r7uh
579,2023-09-13,BV1B34y1K7Pj,【梗百科】美式男是啥梗？美式宇宙又是什么？,02:46,567506,189,,830954487,1694600683,https://www.bilibili.com/video/BV1B34y1K7Pj
580,2023-09-12,BV1Sk4y1c7Vg,【梗百科】哪里贵了？是啥梗？,01:58,987512,1170,,745882127,1694514607,https://www.bilibili.com/video/BV1Sk4y1c7Vg
581,2023-09-11,BV1G34y1K74B,【梗百科】变化之神是啥梗？,01:25,1059838,655,,830840674,1694427420,https://www.bilibili.com/video/BV1G34y1K74B
582,2023-09-09,BV1ij411C7o7,【梗百科】星空有啥梗？赛博父母是什么？,02:52,291189,266,,448299480,1694253600,https://www.bilibili.com/video/BV1ij411C7o7
583,2023-09-08,BV1Su411P78g,【梗百科】稳了！是啥梗？暴叔救救我的焦虑吧！,02:17,950054,255,,533190743,1694166232,https://www.bilibili.com/video/BV1Su411P78g
584,2023-09-06,BV15G411R7Sp,【梗百科】地铁判官是啥梗？这人之前干了什么？!,01:55,748869,661,,405638701,1693996948,https://www.bilibili.com/video/BV15G411R7Sp
585,2023-09-05,BV1Fk4y1A7W9,【梗百科】我姓石是啥梗？百家姓喊麦火到国外去了！？,01:57,1212627,1006,,745587209,1693890358,https://www.bilibili.com/video/BV1Fk4y1A7W9
586,2023-09-02,BV1F8411B72x,【梗百科】oi电波是啥梗？,01:33,636289,442,,233089336,1693627487,https://www.bilibili.com/video/BV1F8411B72x
587,2023-08-31,BV1gr4y197H3,【梗百科】嘻哈酷老头是啥梗？,02:02,923123,478,,745409262,1693478465,https://www.bilibili.com/video/BV1gr4y197H3
588,2023-08-29,BV1jz4y1M7nH,【梗百科】川普大头照竟成外网热梗？！,01:44,511784,376,,575305478,1693296069,https://www.bilibili.com/video/BV1jz4y1M7nH
589,2023-08-26,BV18j411q7hS,【梗百科】24号前24号后是咋回事？,02:24,193815,317,,447666027,1693025399,https://www.bilibili.com/video/BV18j411q7hS
590,2023-08-24,BV1PN411z7e9,【梗百科】屌丝饮料是啥梗？喝大瓶冰红茶得罪谁了？,01:28,650733,1076,,490181797,1692849663,https://www.bilibili.com/video/BV1PN411z7e9
591,2023-08-22,BV16G411o7r2,【梗百科】哦嗨哟，学妹是啥梗？,02:07,1183830,1315,,405058250,1692703325,https://www.bilibili.com/video/BV16G411o7r2
592,2023-08-20,BV1h841197as,【梗百科】爱丽丝速通XXX是啥梗？,01:27,1093678,392,,232479133,1692504394,https://www.bilibili.com/video/BV1h841197as
593,2023-08-19,BV16r4y1d7Ez,【梗百科】夏令营兵王是啥梗？,01:45,1560768,1159,,744881117,1692431573,https://www.bilibili.com/video/BV16r4y1d7Ez
594,2023-08-18,BV1Cx4y1f7K6,【梗百科】中国大力王 秀才是啥梗？,01:53,1943940,1018,,999877272,1692327419,https://www.bilibili.com/video/BV1Cx4y1f7K6
595,2023-08-16,BV1Bj411B7sf,【梗百科】哈基米是啥梗？,02:32,709622,1540,,447328638,1692180000,https://www.bilibili.com/video/BV1Bj411B7sf
596,2023-08-15,BV1Mu411J7h3,【梗百科】令人不安和令人心安的猫是啥梗？,02:53,752748,529,,532308900,1692097133,https://www.bilibili.com/video/BV1Mu411J7h3
597,2023-08-14,BV1784y1f7Ry,【梗百科】ew ew ew是啥梗？LLLL！？,01:29,903803,190,,617238642,1691990114,https://www.bilibili.com/video/BV1784y1f7Ry
598,2023-08-13,BV1sz4y1g7sP,【梗百科】爸爸的雷达是啥梗？,01:47,1151774,440,,574674687,1691903915,https://www.bilibili.com/video/BV1sz4y1g7sP
599,2023-08-10,BV12u4y1B7ey,【梗百科】彼瘾犯了是啥梗？,01:49,406718,114,,914504554,1691659309,https://www.bilibili.com/video/BV12u4y1B7ey
600,2023-08-07,BV1eP411t7iG,【梗百科】西西弗斯是啥梗？经典神话居然成外网热梗？！,04:31,1761844,4837,,316909005,1691405707,https://www.bilibili.com/video/BV1eP411t7iG
601,2023-08-03,BV1fV4y1i7mH,【梗百科】尊嘟假嘟是啥梗？,01:28,1244225,915,,871863542,1691038210,https://www.bilibili.com/video/BV1fV4y1i7mH
602,2023-08-02,BV1j94y1e7ss,【梗百科】刺激战场手势舞是啥梗？,03:06,2355897,1505,,361655627,1690951699,https://www.bilibili.com/video/BV1j94y1e7ss
603,2023-07-27,BV1Hu411G7FG,【梗百科】升舱的钱我来出是啥梗？大哥你饶了我吧！？？,04:24,691459,1488,,531476651,1690442113,https://www.bilibili.com/video/BV1Hu411G7FG
604,2023-07-25,BV1gk4y1V7WC,【梗百科】撞火佛祖是啥梗？,02:31,5737804,2021,,743873307,1690260613,https://www.bilibili.com/video/BV1gk4y1V7WC
605,2023-07-24,BV12k4y1G78t,【梗百科】星期一猫猫头是啥梗？有点吓人但又有点可爱？,03:48,2283356,2678,,743826954,1690174438,https://www.bilibili.com/video/BV12k4y1G78t
606,2023-07-21,BV1Cc411c7Rs,【梗百科】恐龙扛狼是啥梗？,02:52,453110,480,,273725665,1689917581,https://www.bilibili.com/video/BV1Cc411c7Rs
607,2023-07-20,BV19N411Y7At,【梗百科】一种基于XX的彩虹六号直播方法是啥梗？,04:20,585972,744,,488646578,1689850968,https://www.bilibili.com/video/BV19N411Y7At
608,2023-07-18,BV14z4y147sj,【梗百科】消失的坤是啥梗？,02:33,870579,772,,573577763,1689664885,https://www.bilibili.com/video/BV14z4y147sj
609,2023-07-16,BV1jW4y1Z7Nt,【梗百科】张博自愿开学是啥梗？,01:33,1217882,756,,955953366,1689491800,https://www.bilibili.com/video/BV1jW4y1Z7Nt
610,2023-07-14,BV1TN41127Jh,【梗百科】Virtual Insanity是啥梗？ 这个梗火了十年不止！,04:54,1242674,1233,,488415003,1689310377,https://www.bilibili.com/video/BV1TN41127Jh
611,2023-07-11,BV1CX4y1e7j8,【梗百科】日本生可乐是啥梗？好好饮啊？？！,03:58,1041073,3384,,358253702,1689060474,https://www.bilibili.com/video/BV1CX4y1e7j8
612,2023-07-07,BV15V4y1h7S3,【梗百科】萨卡班甲鱼是啥梗？,02:25,3919807,4620,,870747160,1688720668,https://www.bilibili.com/video/BV15V4y1h7S3
613,2023-07-05,BV1Jj411U71F,【梗百科】这就是奎桑提是啥梗？,01:41,802958,222,,445552167,1688554060,https://www.bilibili.com/video/BV1Jj411U71F
614,2023-07-03,BV1aX4y1v7HB,【梗百科】山河大学是啥梗？,01:05,808951,450,,357924856,1688383653,https://www.bilibili.com/video/BV1aX4y1v7HB
615,2023-06-30,BV1gh4y1M7JD,【梗百科】外网爆火的杀人奶昔是啥梗？,05:28,4705524,6633,,615303356,1688119828,https://www.bilibili.com/video/BV1gh4y1M7JD
616,2023-06-28,BV14X4y1v7qb,【梗百科】陈印泉的废话文学是啥梗？,01:25,460096,207,,357873687,1687936423,https://www.bilibili.com/video/BV14X4y1v7qb
617,2023-06-27,BV1AP411i7DB,【梗百科】鸡你胎没是啥梗？,02:15,469960,423,,315260856,1687863946,https://www.bilibili.com/video/BV1AP411i7DB
618,2023-06-25,BV1e14y127M6,【梗百科】泰坦号潜艇是啥梗？看完记得敲木鱼,04:55,1154400,2245,,785187352,1687679281,https://www.bilibili.com/video/BV1e14y127M6
619,2023-06-22,BV1xo4y1P7qj,【梗百科】谁问你了是啥梗？,01:34,537351,271,,402524151,1687408072,https://www.bilibili.com/video/BV1xo4y1P7qj
620,2023-06-17,BV1Ks4y117FC,【梗百科】蜘蛛侠纵横宇宙外网那边有啥梗？？一次讲个够！,04:38,1254352,940,,997402137,1686985325,https://www.bilibili.com/video/BV1Ks4y117FC
621,2023-06-15,BV1fh411T7wv,【梗百科】嗨我是癫佬是啥梗？,01:59,1039074,467,,229861705,1686825323,https://www.bilibili.com/video/BV1fh411T7wv
622,2023-06-13,BV1mP411i743,【梗百科】别管我！叮~是啥梗？老片阿基拉又出新梗,01:46,1126420,264,,314847172,1686657121,https://www.bilibili.com/video/BV1mP411i743
623,2023-06-06,BV11W4y1R7V5,【梗百科】S/M属性大爆发是啥梗？,01:43,610833,304,,954413971,1686045673,https://www.bilibili.com/video/BV11W4y1R7V5
624,2023-06-04,BV1au4y1Z7uZ,【梗百科】肌肉波特是啥梗？,01:44,714555,440,,826935189,1685853613,https://www.bilibili.com/video/BV1au4y1Z7uZ
625,2023-06-03,BV1sX4y187GN,【梗百科】瑞你看见了吗是啥梗？,01:37,413459,125,,356892398,1685789757,https://www.bilibili.com/video/BV1sX4y187GN
626,2023-06-01,BV1BP411X7Ge,【梗百科219】弱智吧有啥梗？一个人才济济的段子手聚集地！,04:23,456496,287,,314294430,1685610627,https://www.bilibili.com/video/BV1BP411X7Ge
627,2023-05-31,BV12o4y1M7oq,【梗百科】🤣👉？挖呀挖？带崽青蛙？五月梗查缺补漏！,03:16,253438,339,,401830437,1685519112,https://www.bilibili.com/video/BV12o4y1M7oq
628,2023-05-27,BV1Mh4y1Z7qU,【梗百科】普通话考试最后一题是啥梗？,02:50,528460,372,,656611756,1685178011,https://www.bilibili.com/video/BV1Mh4y1Z7qU
629,2023-05-26,BV1924y1N76L,【梗百科】曹操撤回了一碗饭是啥梗？曹操盖饭是什么餐品？,02:50,6533261,437,,784050934,1685096290,https://www.bilibili.com/video/BV1924y1N76L
630,2023-05-26,BV1ah411c7dL,【梗百科】披萨塔尖叫是啥梗？好吵的梗啊啊啊啊啊啊啊啊啊！,02:16,1806538,1101,,229094004,1685075470,https://www.bilibili.com/video/BV1ah411c7dL
631,2023-05-24,BV1jX4y1y7rV,【梗百科】你管得着吗是啥梗？小鬼又双叒叕一新梗？,02:09,379236,202,,356479358,1684903095,https://www.bilibili.com/video/BV1jX4y1y7rV
632,2023-05-23,BV1xV4y167sE,【梗百科】英雄联盟史上最牛b的采访是啥梗？真人虐泉又是啥梗？,03:12,195327,122,,868899733,1684832035,https://www.bilibili.com/video/BV1xV4y167sE
633,2023-05-20,BV1rh4y1t7Jc,【梗百科】我有一道自制的小菜是啥梗？,01:46,374390,176,,613864380,1684569347,https://www.bilibili.com/video/BV1rh4y1t7Jc
634,2023-05-19,BV1Bh411w7AF,【梗百科】原神哥喜提冠军皮肤？为什么他会选择崩坏3里的爱莉希雅呢？,04:35,453616,547,,228815049,1684477504,https://www.bilibili.com/video/BV1Bh411w7AF
635,2023-05-16,BV1NM4y1q7oh,【梗百科】临时抱佛脚是啥梗？,03:02,988026,1365,,911248147,1684216417,https://www.bilibili.com/video/BV1NM4y1q7oh
636,2023-05-15,BV1TL41167HV,【梗百科】很喜欢XX玩家的一句话是啥梗？,02:20,594819,252,,443675912,1684123021,https://www.bilibili.com/video/BV1TL41167HV
637,2023-05-12,BV18z4y1877A,【梗百科】老大驾到是啥梗？发癫的超人强是怎么了？,02:33,2485235,422,,571025378,1683882860,https://www.bilibili.com/video/BV18z4y1877A
638,2023-05-08,BV1tg4y157sR,【梗百科】星穹铁道里的梗要不要这么多？,08:51,1441168,2721,,825880698,1683524070,https://www.bilibili.com/video/BV1tg4y157sR
639,2023-05-05,BV1Rk4y1E7u5,【梗百科】乌龟大师仙逝是啥梗？这位作者还玩过什么梗？,02:07,847129,217,,740794519,1683260180,https://www.bilibili.com/video/BV1Rk4y1E7u5
640,2023-05-04,BV1Nh411j77A,【梗百科】猫鼠队是啥梗？,01:07,491085,146,,228262954,1683195908,https://www.bilibili.com/video/BV1Nh411j77A
641,2023-05-03,BV1mo4y1w7Af,【梗百科】干货！如何分辨xx和xx是啥梗？,02:18,353095,264,,400633764,1683094665,https://www.bilibili.com/video/BV1mo4y1w7Af
642,2023-04-29,BV1Tk4y1n7en,【梗百科】星穹铁道真的需要这么多梗吗？,02:51,905664,1654,,740541761,1682759768,https://www.bilibili.com/video/BV1Tk4y1n7en
643,2023-04-28,BV1Bm4y1176D,【梗百科】偷盘哥是怎么回事？,01:57,206918,253,,698066560,1682656140,https://www.bilibili.com/video/BV1Bm4y1176D
644,2023-04-27,BV16h4y1p76N,【梗百科】After Like是啥梗？,01:33,253367,148,,612890844,1682579425,https://www.bilibili.com/video/BV16h4y1p76N
645,2023-04-26,BV1tP411U7h1,【梗百科】雪distance是啥梗？,02:49,3541955,4448,,312961159,1682485464,https://www.bilibili.com/video/BV1tP411U7h1
646,2023-04-24,BV1WP411U7GX,【梗百科】泰裤辣是啥梗？,02:33,1192527,1360,,312911716,1682317678,https://www.bilibili.com/video/BV1WP411U7GX
647,2023-04-23,BV1D14y1f7PQ,【梗百科】大力王是啥梗？双倍给下一个人的原型梗？,02:29,2660635,1767,,782866141,1682227167,https://www.bilibili.com/video/BV1D14y1f7PQ
648,2023-04-18,BV1ko4y1j771,【梗百科】持枪小呆呆是啥梗？,01:49,488390,113,,400203713,1681796391,https://www.bilibili.com/video/BV1ko4y1j771
649,2023-04-16,BV1Ws4y127ym,【梗百科】香蕉猫还在哭？Oiiaioooooiai？讲不完的猫梗！,04:15,3586964,932,,995033803,1681632899,https://www.bilibili.com/video/BV1Ws4y127ym
650,2023-04-11,BV18X4y1r74H,【梗百科】Wojak大战熊猫人是啥梗？熊猫表情包火到国外了？,02:19,609742,417,,354859526,1681208376,https://www.bilibili.com/video/BV18X4y1r74H
651,2023-04-10,BV1UM4y117hv,【梗百科】强风大背头是啥梗？,01:50,2040784,774,,909834129,1681121111,https://www.bilibili.com/video/BV1UM4y117hv
652,2023-04-09,BV1UX4y167N2,【梗百科】泰瑞尔都有啥梗？我曾是！我就是！【火炬之光：无限】,02:33,142584,127,,354723912,1681030800,https://www.bilibili.com/video/BV1UX4y167N2
653,2023-04-08,BV1Za4y1K7u7,【梗百科】我是你XX的粉丝，可以帮你XXX是啥梗？,02:00,958095,355,,654695392,1680941177,https://www.bilibili.com/video/BV1Za4y1K7u7
654,2023-04-05,BV1Bs4y127Up,【梗百科】吴京被电击是啥梗？,02:27,2362585,2610,,994593283,1680679804,https://www.bilibili.com/video/BV1Bs4y127Up
655,2023-04-04,BV1wm4y167Sx,【梗百科】无敌战神＞婆罗门是啥梗？,01:11,1004564,142,,697004354,1680592664,https://www.bilibili.com/video/BV1wm4y167Sx
656,2023-04-02,BV1Hg4y1G78J,【梗百科】佳能400d是啥梗？4能佳百d又是什么相机型号？,03:02,441338,307,,824391330,1680429704,https://www.bilibili.com/video/BV1Hg4y1G78J
657,2023-03-30,BV15h41137WV,【梗百科】林克手工耿是啥梗？,01:57,416680,361,,226791688,1680160055,https://www.bilibili.com/video/BV15h41137WV
658,2023-03-28,BV18X4y1o7fp,【梗百科】happy猫？臭猫？近期热门猫梗一次看个够！,04:05,3514944,706,,354151143,1680004672,https://www.bilibili.com/video/BV18X4y1o7fp
659,2023-03-24,BV1X24y1j7L9,【梗百科】黑美人鱼是啥梗,01:24,633479,685,,781508525,1679641755,https://www.bilibili.com/video/BV1X24y1j7L9
660,2023-03-22,BV1SM411u75Y,【梗百科】把XX练到极致是啥梗？,00:57,273647,39,,526486063,1679474367,https://www.bilibili.com/video/BV1SM411u75Y
661,2023-03-21,BV1eP411o72U,【梗百科】川木传是啥梗？,01:26,1054939,401,,311364358,1679389075,https://www.bilibili.com/video/BV1eP411o72U
662,2023-03-18,BV1F24y147yv,【梗百科】Dinner特效是啥梗？,02:01,1000557,1031,,696225275,1679120713,https://www.bilibili.com/video/BV1F24y147yv
663,2023-03-17,BV1eo4y1z7JY,【梗百科】啊啊诶哦啊啊是啥梗？陶喆到底怎么了？,01:52,491025,219,,396076297,1679021847,https://www.bilibili.com/video/BV1eo4y1z7JY
664,2023-03-15,BV1Vc411E7ed,【梗百科】川哥指哪我打哪，我爸说啥我听啥是啥梗？,00:39,612065,132,,268583871,1678866777,https://www.bilibili.com/video/BV1Vc411E7ed
665,2023-03-14,BV1s8411F7M2,【梗百科】这是什么地方是啥梗？,01:16,423899,168,,225951222,1678781067,https://www.bilibili.com/video/BV1s8411F7M2
666,2023-03-13,BV1VM411W7KG,【梗百科】惊艳外网的披萨塔有啥梗？画风奇特好评如潮！,05:26,1575801,2195,,525986703,1678686550,https://www.bilibili.com/video/BV1VM411W7KG
667,2023-03-11,BV1A24y137ZM,【梗百科】茶叶蛋是啥梗？这个梗怎么又被翻出来了？？,01:36,521828,320,,780865495,1678522478,https://www.bilibili.com/video/BV1A24y137ZM
668,2023-03-08,BV1sj411u7h7,【梗百科】芝顿～是啥梗？,02:32,346030,393,,438156158,1678263733,https://www.bilibili.com/video/BV1sj411u7h7
669,2023-03-05,BV1sY41167Xu,【梗百科】Animan Studios是啥梗？黑人辛吉飞火爆全网！？,01:48,3681369,2034,,268063444,1677990668,https://www.bilibili.com/video/BV1sY41167Xu
670,2023-03-02,BV1Y84y1N7Ps,【梗百科】DNF宝宝巴士是啥梗？,01:38,389850,254,,610290339,1677751733,https://www.bilibili.com/video/BV1Y84y1N7Ps
671,2023-02-27,BV1zT411e7m1,【梗百科】Ai美国总统打游戏是啥梗？,01:54,723242,141,,482630995,1677471849,https://www.bilibili.com/video/BV1zT411e7m1
672,2023-02-24,BV1mj411V7zv,【梗百科】wojak是啥梗？你有见过吗？外网最经典表情包之一！,02:10,460348,305,,437473253,1677226244,https://www.bilibili.com/video/BV1mj411V7zv
673,2023-02-22,BV1sy4y1f7Un,【梗百科】变态冰箱是啥梗？,01:53,388510,225,,779854537,1677056244,https://www.bilibili.com/video/BV1sy4y1f7Un
674,2023-02-19,BV1s84y1H7r2,【梗百科】恶魔特效是啥梗？,02:23,392669,234,,609682638,1676795169,https://www.bilibili.com/video/BV1s84y1H7r2
675,2023-02-17,BV1Rs4y1876M,【梗百科】催眠AI是怎么回事？把Chatgpt变成猫娘？！？,01:51,227395,127,,949581921,1676630020,https://www.bilibili.com/video/BV1Rs4y1876M
676,2023-02-15,BV12D4y1w7ce,【梗百科】Sigma表情是啥梗？,01:45,298170,130,,736955316,1676439913,https://www.bilibili.com/video/BV12D4y1w7ce
677,2023-02-14,BV1tM411n7qm,【梗百科】无表情love是啥梗？,01:01,2366756,448,,524368665,1676366623,https://www.bilibili.com/video/BV1tM411n7qm
678,2023-02-08,BV1PY411B7b7,【梗百科】马兆海鸥是什么梗？,00:59,896525,200,,266555674,1675845217,https://www.bilibili.com/video/BV1PY411B7b7
679,2023-02-05,BV1EA411671E,【梗百科】↑ ↓ ↑ → ← → ← →是啥梗？,01:51,7058415,2557,,308968961,1675583735,https://www.bilibili.com/video/BV1EA411671E
680,2023-02-03,BV1FA411k7A7,【梗百科】给我玩XXX是啥梗？,01:19,741095,723,,308772236,1675420617,https://www.bilibili.com/video/BV1FA411k7A7
681,2023-01-30,BV1dY4y1R7Kh,【梗百科】门外明明是秋的味道是啥梗？,02:52,1064588,726,,651057761,1675059533,https://www.bilibili.com/video/BV1dY4y1R7Kh
682,2023-01-25,BV1dd4y1p7Kv,【梗百科】原味九转大肠是啥梗？,02:19,835581,899,,393275293,1674644889,https://www.bilibili.com/video/BV1dd4y1p7Kv
683,2023-01-23,BV1s3411o7rr,【梗百科】十字手变身是啥梗？,02:08,662412,1286,,435668795,1674457579,https://www.bilibili.com/video/BV1s3411o7rr
684,2023-01-19,BV1QD4y1J7Wc,【梗百科】阳光开朗大男孩是啥梗？,01:27,465363,224,,735602300,1674118290,https://www.bilibili.com/video/BV1QD4y1J7Wc
685,2023-01-18,BV1PR4y1a7sF,【梗百科】暴雪绿茶是啥梗？,01:23,717815,296,,350515283,1674033279,https://www.bilibili.com/video/BV1PR4y1a7sF
686,2023-01-15,BV1VD4y1H7kb,【梗百科】战鹰是谁？棋手还是骑手？,06:40,1219158,2638,,735342633,1673782247,https://www.bilibili.com/video/BV1VD4y1H7kb
687,2023-01-13,BV15v4y117q4,【梗百科】长鼻狗是啥梗？Let Me Do It For You~,02:02,1529960,843,,565367361,1673610318,https://www.bilibili.com/video/BV15v4y117q4
688,2023-01-12,BV17W4y137ai,【梗百科】老马啊是啥梗？,02:30,1026401,844,,947739342,1673517346,https://www.bilibili.com/video/BV17W4y137ai
689,2023-01-09,BV1M8411T7yF,【梗百科】Quaso是啥梗？可可爱爱可颂猫怎么火了？,02:59,937557,670,,222540061,1673260022,https://www.bilibili.com/video/BV1M8411T7yF
690,2023-01-07,BV14M41187pd,【梗百科】把阎魔刀给我是啥梗？V哥的塑料椅梗又被翻出来咯~,01:22,924401,211,,522485305,1673074074,https://www.bilibili.com/video/BV14M41187pd
691,2023-01-05,BV1gD4y1V74c,【梗百科】妈妈生的是啥梗？,02:08,683081,615,,734792734,1672901393,https://www.bilibili.com/video/BV1gD4y1V74c
692,2023-01-02,BV1Y84y1Y7RG,【梗百科】大妈掏出烧饼是啥梗？,02:40,693800,322,,607141733,1672650231,https://www.bilibili.com/video/BV1Y84y1Y7RG
693,2022-12-31,BV11A411S7mJ,【梗百科】孙国帅是谁？答辩怎么就火了？,04:13,1287633,2156,,307107972,1672467714,https://www.bilibili.com/video/BV11A411S7mJ
694,2022-12-27,BV1X24y1S7jJ,【梗百科】nia～nia～nia～是啥梗？这就是二战电报员？,01:56,825147,862,,691770452,1672133897,https://www.bilibili.com/video/BV1X24y1S7jJ
695,2022-12-25,BV1r24y1S7CM,【梗百科】那年我双手插兜是啥梗？,01:39,447929,181,,691732743,1671950004,https://www.bilibili.com/video/BV1r24y1S7CM
696,2022-12-23,BV1Mg411b78M,【梗百科】xx有后坐，打枪更快乐是啥梗？,01:39,428994,137,,519170913,1671788418,https://www.bilibili.com/video/BV1Mg411b78M
697,2022-12-22,BV1mg411t7YQ,【梗百科】小人起舞？布洛芬小红人是啥梗？,02:16,1194317,287,,519105817,1671703261,https://www.bilibili.com/video/BV1mg411t7YQ
698,2022-12-19,BV1Jd4y1Y7VH,【梗百科】长安汽车是啥梗？,02:43,931917,1316,,391441064,1671423812,https://www.bilibili.com/video/BV1Jd4y1Y7VH
699,2022-12-17,BV1b14y1A7C2,【梗百科】牛姐解冻是啥梗？圣诞神曲竟成恐怖大片？,02:54,901820,402,,776488674,1671275985,https://www.bilibili.com/video/BV1b14y1A7C2
700,2022-12-14,BV1344y1Z7gh,【梗百科】黄桃罐头怎么火了？,00:48,529483,300,,988843637,1671010574,https://www.bilibili.com/video/BV1344y1Z7gh
701,2022-12-09,BV1wD4y1a721,【梗百科】TGA上的红灵入侵是啥梗？,01:11,792233,273,,733560373,1670586700,https://www.bilibili.com/video/BV1wD4y1a721
702,2022-12-08,BV1dd4y1s7Rt,【梗百科】杨迪厌世脸是啥梗？,01:03,315733,130,,391046894,1670491452,https://www.bilibili.com/video/BV1dd4y1s7Rt
703,2022-12-05,BV1C24y1k7hc,【梗百科】外国人惊呆，腾讯的AI绘画在外网成了梗？,01:10,373102,346,,690930326,1670241436,https://www.bilibili.com/video/BV1C24y1k7hc
704,2022-12-02,BV1ve411N7wz,【梗百科】秦始皇的小曲儿是啥梗？,01:37,3291288,1178,,263341793,1669975638,https://www.bilibili.com/video/BV1ve411N7wz
705,2022-12-01,BV1FG411u7vG,【梗百科】XX旋转X分钟是什么梗？,01:09,1471781,1047,,433210419,1669887993,https://www.bilibili.com/video/BV1FG411u7vG
706,2022-11-29,BV1mP411T7KM,【梗百科】太多意想不到，世界杯梗合集！,02:27,201165,176,,305745647,1669713346,https://www.bilibili.com/video/BV1mP411T7KM
707,2022-11-23,BV15e4y1W7C1,【梗百科】心之钢联盟是啥梗？,01:28,269545,92,,647962987,1669186459,https://www.bilibili.com/video/BV15e4y1W7C1
708,2022-11-21,BV1Y14y1H7rs,【梗百科】守望先锋归西是啥梗？暴雪压塌养猪厂？,01:21,315958,162,,775264715,1669013809,https://www.bilibili.com/video/BV1Y14y1H7rs
709,2022-11-20,BV1N3411f7qX,【梗百科】宝可梦2077是啥梗？,02:02,688287,878,,432851324,1668939510,https://www.bilibili.com/video/BV1N3411f7qX
710,2022-11-18,BV1gK411d7k2,【梗百科】我有冰淇淋这个梗并不止看上去那么简单...,02:01,3698253,2446,,475280500,1668768283,https://www.bilibili.com/video/BV1gK411d7k2
711,2022-11-17,BV1ZG411F7CT,【梗百科】外网爆火的慢慢龟跳舞是啥梗？bah bah~,02:05,773294,653,,432690160,1668657825,https://www.bilibili.com/video/BV1ZG411F7CT
712,2022-11-16,BV1xP411g75u,【梗百科】金钥匙是啥梗？,01:18,415765,111,,305173074,1668585034,https://www.bilibili.com/video/BV1xP411g75u
713,2022-11-11,BV1QW4y1s7nM,【梗百科】为爱冲锋的勇士是啥梗？,01:11,1519193,1384,,945108467,1668175750,https://www.bilibili.com/video/BV1QW4y1s7nM
714,2022-11-10,BV1tD4y1x7DX,【梗百科】矮人科技是啥梗？加大加厚压缩毛巾是啥？,01:35,702967,1374,,732468138,1668077034,https://www.bilibili.com/video/BV1tD4y1x7DX
715,2022-11-08,BV1nv4y1S7is,【梗百科】桀哥直播间来的是啥梗？,01:44,531043,189,,562469133,1667903041,https://www.bilibili.com/video/BV1nv4y1S7is
716,2022-11-06,BV1jG411P7H6,【梗百科】原神哥是啥梗？原友的含金量是什么意思？,01:24,691947,256,,432257362,1667729854,https://www.bilibili.com/video/BV1jG411P7H6
717,2022-11-05,BV1zD4y1t7uT,【梗百科】注意看，这个xx正在...是啥梗？,02:00,539086,143,,732370890,1667639598,https://www.bilibili.com/video/BV1zD4y1t7uT
718,2022-11-04,BV1wv4y1Q7Th,【梗百科】当代大学生的精神状态怎么了？发疯文学再次回归！,01:36,268526,79,,562273175,1667538625,https://www.bilibili.com/video/BV1wv4y1Q7Th
719,2022-11-03,BV1fW4y1j7no,【梗百科】鬼灭之刃里都有啥梗？,06:12,326336,334,,944654536,1667473200,https://www.bilibili.com/video/BV1fW4y1j7no
720,2022-11-02,BV1je4y1t7vX,【梗百科】宿舍养“狗”是咋回事？有狗了，已经不想和没狗的人说话了！！,01:10,158292,87,,647176724,1667354168,https://www.bilibili.com/video/BV1je4y1t7vX
721,2022-10-31,BV1fV4y1g7UH,【梗百科】蓝色妖姬是啥梗？金色切尔西是什么意思？,02:05,373125,116,,859645604,1667217752,https://www.bilibili.com/video/BV1fV4y1g7UH
722,2022-10-29,BV1qD4y1b7t1,【梗百科】One Piece是真实存在的是啥梗？,03:38,581844,244,,732066801,1667036154,https://www.bilibili.com/video/BV1qD4y1b7t1
723,2022-10-27,BV1tg411z779,【梗百科】考哥.jpg是啥梗,00:51,228286,121,,516958385,1666857915,https://www.bilibili.com/video/BV1tg411z779
724,2022-10-22,BV1Qg41187rn,【梗百科】jiayou a chunyu 是啥梗？,01:30,203343,61,,516849807,1666421736,https://www.bilibili.com/video/BV1Qg41187rn
725,2022-10-22,BV1ag411875A,【梗百科】徒手吃面是啥梗？,01:17,818982,392,,516784232,1666408326,https://www.bilibili.com/video/BV1ag411875A
726,2022-10-21,BV1MV4y1G7fo,【梗百科】无所谓，我会出手是啥梗？这个大红鱼到底出自哪儿？,01:18,2015433,427,,859345290,1666346715,https://www.bilibili.com/video/BV1MV4y1G7fo
727,2022-10-20,BV1D14y1j7Dp,【梗百科】燕国地图是啥梗？,00:36,472575,58,,774348655,1666253368,https://www.bilibili.com/video/BV1D14y1j7Dp
728,2022-10-15,BV1Lg411a7sp,【梗百科】先质疑，再质疑是啥梗？,01:48,193362,73,,516603329,1665832293,https://www.bilibili.com/video/BV1Lg411a7sp
729,2022-10-14,BV1c84y1z7Gw,【梗百科】Ai作画是啥？又有啥梗？,02:48,489485,194,,604037925,1665715462,https://www.bilibili.com/video/BV1c84y1z7Gw
730,2022-10-08,BV1SD4y1y7uT,【梗百科】啊..这个..哎嘿~是啥梗？,01:34,504951,277,,731368482,1665222891,https://www.bilibili.com/video/BV1SD4y1y7uT
731,2022-10-04,BV1XP411E7i7,【梗百科】男人过了20岁，就别再穿的像个小孩子了是啥梗？,02:33,315551,264,,303711968,1664896811,https://www.bilibili.com/video/BV1XP411E7i7
732,2022-10-02,BV1ue411j7xt,【梗百科】吊子姐是啥梗？,00:41,346119,61,,261212738,1664704482,https://www.bilibili.com/video/BV1ue411j7xt
733,2022-09-28,BV13e4y1r7JM,【梗百科】我听随机歌单的感受是啥梗？,02:42,302469,186,,558469449,1664355836,https://www.bilibili.com/video/BV13e4y1r7JM
734,2022-09-26,BV1RY4y1N7Su,【梗百科】躲闪摇是啥梗？,02:14,1740768,803,,645883742,1664190800,https://www.bilibili.com/video/BV1RY4y1N7Su
735,2022-09-24,BV1LB4y1J78o,【梗百科】现在是幻想时间是啥梗？,01:09,887149,1033,,603328342,1663995822,https://www.bilibili.com/video/BV1LB4y1J78o
736,2022-09-22,BV1XB4y1E7SU,【梗百科】2077又火了？为何大家都要爆锤亚当重锤？,01:41,956610,628,,603286112,1663848024,https://www.bilibili.com/video/BV1XB4y1E7SU
737,2022-09-21,BV1iV4y1K7aA,【梗百科】我们简直就是萌妹的代名词是啥梗？,01:11,681363,414,,858264014,1663743306,https://www.bilibili.com/video/BV1iV4y1K7aA
738,2022-09-17,BV1WP4y1o7nN,【梗百科】羊了个羊是啥？,00:59,230369,67,,900711898,1663401568,https://www.bilibili.com/video/BV1WP4y1o7nN
739,2022-09-15,BV16D4y1v7sg,【梗百科】Sad Cat Dance是啥梗？,02:43,1397300,2582,,730599021,1663232645,https://www.bilibili.com/video/BV16D4y1v7sg
740,2022-09-13,BV1CP4y1d7zT,【梗百科】亦帆峰顺是啥梗？,00:50,117164,59,,900579392,1663063024,https://www.bilibili.com/video/BV1CP4y1d7zT
741,2022-09-09,BV19a41137K4,【梗百科】海克斯科技是啥梗？,01:04,1498644,244,,217790133,1662711512,https://www.bilibili.com/video/BV19a41137K4
742,2022-09-05,BV1Xt4y177Ro,【梗百科】李甫西大夫是谁？苏联动画里的猛男角色火遍外网！,03:01,2021749,1334,,985343942,1662377663,https://www.bilibili.com/video/BV1Xt4y177Ro
743,2022-09-04,BV16e411g7ib,【梗百科】科目三睡觉是啥梗？,02:10,653005,219,,260143869,1662269914,https://www.bilibili.com/video/BV16e411g7ib
744,2022-09-03,BV1qY4y1T7jR,【梗百科】每次都想装作很倔强是啥梗？,03:48,1188729,1639,,645166470,1662201601,https://www.bilibili.com/video/BV1qY4y1T7jR
745,2022-08-31,BV15g411Q7Xw,【梗百科】最喜欢的一集是啥梗？,00:51,1890185,1034,,515061283,1661941471,https://www.bilibili.com/video/BV15g411Q7Xw
746,2022-08-28,BV1wD4y167uM,【梗百科】失败的MAN是啥梗？,01:23,766480,288,,729904953,1661688959,https://www.bilibili.com/video/BV1wD4y167uM
747,2022-08-27,BV1SB4y137qz,【梗百科】电子阳痿是啥梗？,01:36,1443691,1892,,602433965,1661595233,https://www.bilibili.com/video/BV1SB4y137qz
748,2022-08-26,BV1Ee4y1Z7vB,【梗百科】富贵300是啥梗？,02:11,300504,321,,557421386,1661514526,https://www.bilibili.com/video/BV1Ee4y1Z7vB
749,2022-08-25,BV1jU4y167C3,【梗百科】外网音效梗盘点！,05:59,1701780,3671,,687402476,1661422854,https://www.bilibili.com/video/BV1jU4y167C3
750,2022-08-19,BV1Xe4y1f7hV,【梗百科】日本人名成语化？如月千早怎么成了成语了？,01:27,712328,1072,,557237894,1660905493,https://www.bilibili.com/video/BV1Xe4y1f7hV
751,2022-08-18,BV11a4y1f7NX,【梗百科】喜欢xx的xx一枚是啥梗？,00:56,408540,281,,644645478,1660818822,https://www.bilibili.com/video/BV11a4y1f7NX
752,2022-08-17,BV1Yv4y1c7Gv,【梗百科】暗黑破坏神里有啥梗？,06:02,229854,491,,557043161,1660733748,https://www.bilibili.com/video/BV1Yv4y1c7Gv
753,2022-08-16,BV1FY4y1w7fm,【梗百科】Life goes on是啥梗？,01:48,1595251,2689,,644598291,1660621532,https://www.bilibili.com/video/BV1FY4y1w7fm
754,2022-08-14,BV1et4y1g7QM,【梗百科】我删掉了xx是啥梗？,03:43,252656,594,,984476283,1660475055,https://www.bilibili.com/video/BV1et4y1g7QM
755,2022-08-12,BV1pa411Z7H1,【梗百科】你是我唯一的姐是啥梗？,02:56,212798,160,,259498093,1660291914,https://www.bilibili.com/video/BV1pa411Z7H1
756,2022-08-09,BV1vN4y157Pm,【梗百科】MBTI人格测试是啥？居然有了这么多有趣的二创？！,01:25,308181,203,,899350117,1660039030,https://www.bilibili.com/video/BV1vN4y157Pm
757,2022-08-08,BV18v4y1F7sY,【梗百科】意大利面拌42号混凝土？知识搅拌机是啥梗？,02:09,392807,454,,556805887,1659953885,https://www.bilibili.com/video/BV18v4y1F7sY
758,2022-08-07,BV19d4y127dQ,【梗百科】蓝色药丸是啥梗？,00:45,616581,923,,386750813,1659876413,https://www.bilibili.com/video/BV19d4y127dQ
759,2022-08-04,BV1NF411P7xD,【梗百科】爷们要战斗是啥梗？,01:35,3093879,2607,,301663732,1659582654,https://www.bilibili.com/video/BV1NF411P7xD
760,2022-08-02,BV1bF411A7pS,【梗百科】快说你是来XX旅游的是啥梗？扣分加分又是什么梗？,00:40,288860,60,,301543503,1659410398,https://www.bilibili.com/video/BV1bF411A7pS
761,2022-08-01,BV14U4y1Y7NQ,【梗百科】AUGHHHH是啥梗？,02:06,1159299,1306,,686557591,1659351164,https://www.bilibili.com/video/BV14U4y1Y7NQ
762,2022-07-30,BV1sg41117HS,【梗百科】COME的喂是啥梗？,01:04,500878,1104,,513955337,1659173191,https://www.bilibili.com/video/BV1sg41117HS
763,2022-07-29,BV1wV4y1j7Cp,【梗百科】蒂法本人在B站？她和耶路撒冷之间有啥梗？,01:13,760298,372,,856440649,1659084317,https://www.bilibili.com/video/BV1wV4y1j7Cp
764,2022-07-28,BV11T411j7Ne,【梗百科】为什么我的眼中常含胖虎是啥梗？,01:27,419193,379,,471463608,1658999508,https://www.bilibili.com/video/BV11T411j7Ne
765,2022-07-26,BV1e94y1D71c,【梗百科】我刚提的新车是啥梗？,02:38,520624,883,,343862078,1658830983,https://www.bilibili.com/video/BV1e94y1D71c
766,2022-07-25,BV1Pa411T7Wb,【梗百科】你这背景太假了是啥梗？,01:56,1392657,758,,216355377,1658722321,https://www.bilibili.com/video/BV1Pa411T7Wb
767,2022-07-24,BV12F411P7Xm,【梗百科】击股之交是啥梗？,01:28,338936,305,,301273195,1658663345,https://www.bilibili.com/video/BV12F411P7Xm
768,2022-07-22,BV1gg411Z7eo,【梗百科】霹雳舞小猫是啥梗？,02:25,843593,1371,,513627042,1658487819,https://www.bilibili.com/video/BV1gg411Z7eo
769,2022-07-20,BV1Aa411u7S4,【梗百科】小黑子露出鸡脚了吧是啥梗？,00:45,2151892,921,,216221541,1658316003,https://www.bilibili.com/video/BV1Aa411u7S4
770,2022-07-18,BV11S4y177Tu,【梗百科】步骤哥哥，我是斯塔克是啥梗？,02:15,568124,287,,728594956,1658135779,https://www.bilibili.com/video/BV11S4y177Tu
771,2022-07-17,BV1YB4y1a7cV,【梗百科】我徐才魁彻底疯狂是啥梗？,00:44,1097937,1735,,601004692,1657998816,https://www.bilibili.com/video/BV1YB4y1a7cV
772,2022-07-16,BV1Qa411Q7Ka,【梗百科】田中脊髓剑是啥梗？,01:41,585370,230,,258420888,1657950993,https://www.bilibili.com/video/BV1Qa411Q7Ka
773,2022-07-15,BV1YG411p7WA,【梗百科】修女与鱼是啥梗？,01:35,3820999,1912,,428479026,1657873945,https://www.bilibili.com/video/BV1YG411p7WA
774,2022-07-11,BV1JB4y1p7mG,【梗百科】noot noot 是啥梗？,02:23,2398426,1323,,600778399,1657542208,https://www.bilibili.com/video/BV1JB4y1p7mG
775,2022-07-09,BV1ia411p73Y,【梗百科】嘻→嘻↗嘻→嘻→嘻是啥梗？,01:46,1202921,414,,215684913,1657349980,https://www.bilibili.com/video/BV1ia411p73Y
776,2022-07-06,BV1cU4y1D7y2,【梗百科】我去，你们一直说的那个XX是我XX是啥梗？,00:38,335642,169,,685633244,1657071191,https://www.bilibili.com/video/BV1cU4y1D7y2
777,2022-07-05,BV1iG411x7nn,【梗百科】饿狼传说是啥梗？,02:02,928822,860,,428030187,1657018408,https://www.bilibili.com/video/BV1iG411x7nn
778,2022-07-02,BV13B4y1H7qr,【梗百科】鳖载着理发店（别在这理发店）是啥梗？,00:33,692556,81,,600590351,1656752443,https://www.bilibili.com/video/BV13B4y1H7qr
779,2022-06-30,BV1hB4y1W7xi,【梗百科】啥叫未成年刺客？,01:28,146852,52,,600489110,1656589318,https://www.bilibili.com/video/BV1hB4y1W7xi
780,2022-06-27,BV14Y4y137rV,【梗百科】龙龟宇宙是啥梗？,01:43,395495,174,,642772742,1656324535,https://www.bilibili.com/video/BV14Y4y137rV
781,2022-06-25,BV1CB4y1p7W4,【梗百科】嘎子偷狗是啥梗？,01:26,683303,205,,600366979,1656148195,https://www.bilibili.com/video/BV1CB4y1p7W4
782,2022-06-24,BV11Y4y1g7uS,【梗百科】王迅找茬是啥梗？,03:00,1623581,297,,642630529,1656046800,https://www.bilibili.com/video/BV11Y4y1g7uS
783,2022-06-23,BV1sa411x7QQ,【梗百科】外网最火的烂电影？《房间》里都有啥梗？,05:18,572916,967,,215191141,1655959256,https://www.bilibili.com/video/BV1sa411x7QQ
784,2022-06-18,BV1ba411s7xF,【梗百科】雪糕刺客是啥梗？,00:59,320466,237,,215006097,1655551552,https://www.bilibili.com/video/BV1ba411s7xF
785,2022-06-15,BV15r4y1G7zt,【梗百科】石榴煎酒是啥梗？,02:53,4294721,1485,,770122932,1655290245,https://www.bilibili.com/video/BV15r4y1G7zt
786,2022-06-13,BV1rU4y1R7xQ,【梗百科】DALL-E是啥？只要输入文字就能生成你想要的图片？,01:38,449086,178,,684968911,1655108037,https://www.bilibili.com/video/BV1rU4y1R7xQ
787,2022-06-09,BV12Y411M7nm,【梗百科】我的狗踩到了蜜蜂？外网爆火的德普案都有啥梗？,05:57,670630,1321,,257338513,1654768125,https://www.bilibili.com/video/BV12Y411M7nm
788,2022-06-05,BV1yY4y1V7u7,【梗百科】优雅！实在是太优雅了！是啥梗？,01:12,521041,131,,642137172,1654402559,https://www.bilibili.com/video/BV1yY4y1V7u7
789,2022-06-04,BV1HA4y1o79b,【梗百科】可爱滴捏是啥梗？,00:55,945985,754,,897222107,1654318800,https://www.bilibili.com/video/BV1HA4y1o79b
790,2022-06-01,BV1g34y177LR,【梗百科】补档 -东百往事,01:11,526158,143,,812005984,1654078266,https://www.bilibili.com/video/BV1g34y177LR
791,2022-06-01,BV1154y1o7tY,【梗百科】冰红茶 -东百往事,00:43,1187407,195,,854535581,1654077213,https://www.bilibili.com/video/BV1154y1o7tY
792,2022-06-01,BV1H94y1S7x9,【梗百科】皇冠加冕  《决战沈阳大街》完 -东百往事,01:11,388693,188,,342050601,1654059600,https://www.bilibili.com/video/BV1H94y1S7x9
793,2022-05-31,BV1x34y177sd,【梗百科】我不道啊～ 红山果行动 -东百往事,00:56,516334,214,,812085561,1653992126,https://www.bilibili.com/video/BV1x34y177sd
794,2022-05-31,BV1UA4y1Z7By,【梗百科】莫比亚斯，一部烂到成了外网梗的电影？,03:19,423967,524,,897014178,1653986793,https://www.bilibili.com/video/BV1UA4y1Z7By
795,2022-05-30,BV1SF41157mU,【梗百科】××，你根本没在×××，你躲哪儿去了 -东百往事,00:49,492768,129,,299566160,1653906601,https://www.bilibili.com/video/BV1SF41157mU
796,2022-05-30,BV1oY411u7VY,【梗百科】你就是歌姬吧 -东百往事,00:32,449038,210,,257036525,1653884867,https://www.bilibili.com/video/BV1oY411u7VY
797,2022-05-29,BV1zA4y1d71f,【梗百科】来给他整个活儿 -东百往事,01:12,391613,468,,897114194,1653801619,https://www.bilibili.com/video/BV1zA4y1d71f
798,2022-05-29,BV1G3411V7Qf,【梗百科】好果汁 -东百往事,00:39,395239,71,,426879278,1653800400,https://www.bilibili.com/video/BV1G3411V7Qf
799,2022-05-29,BV13Y4y1z7es,【梗百科】电摇嘲讽是啥梗？,02:47,4421824,2426,,639595445,1653796846,https://www.bilibili.com/video/BV13Y4y1z7es
800,2022-05-28,BV1QF411V7vX,【梗百科】人教版教材插图咋了？,01:38,215508,303,,299378988,1653714104,https://www.bilibili.com/video/BV1QF411V7vX
801,2022-05-27,BV15v4y1P7uF,【梗百科】这位更是重量级 -东百往事,01:20,602439,218,,554422009,1653650250,https://www.bilibili.com/video/BV15v4y1P7uF
802,2022-05-27,BV1TT4y1B7Wh,【梗百科】××，你让我陷入疯狂 -东百往事,00:31,475197,167,,939486003,1653645529,https://www.bilibili.com/video/BV1TT4y1B7Wh
803,2022-05-27,BV1S54y1d7H5,【梗百科】拟态baby辣（你太卑鄙啦） -东百往事,01:09,569576,177,,854382235,1653634295,https://www.bilibili.com/video/BV1S54y1d7H5
804,2022-05-26,BV1V3411V7DP,【梗百科】外网梗超多的电影？封面这人你觉得面熟吗？,04:47,850236,810,,426884721,1653551807,https://www.bilibili.com/video/BV1V3411V7DP
805,2022-05-26,BV1UB4y1Q7T7,[补档] 【梗百科】独立宣言 -东百往事,00:53,551307,210,,596926744,1653537225,https://www.bilibili.com/video/BV1UB4y1Q7T7
806,2022-05-25,BV1BY411u7po,【梗百科】这一脚，踢出了整个盛夏 -东百往事,01:15,1049716,149,,256982292,1653467319,https://www.bilibili.com/video/BV1BY411u7po
807,2022-05-25,BV1A94y1S7Ef,【梗百科218】东百往事是啥梗？,01:35,1476057,796,,341987586,1653465339,https://www.bilibili.com/video/BV1A94y1S7Ef
808,2022-05-23,BV1d34y1E785,【梗百科】可达鸭玩具是啥？,01:33,855080,171,,811858627,1653299259,https://www.bilibili.com/video/BV1d34y1E785
809,2022-05-21,BV1uU4y127tC,【梗百科】退！退！退！是啥梗？,01:54,379558,142,,684347967,1653106042,https://www.bilibili.com/video/BV1uU4y127tC
810,2022-05-20,BV1S54y1Z7TF,【梗百科】阿尼亚为什么叫瓜神？这笑容可真是火遍了全球！,01:27,2179250,1004,,854247309,1653043235,https://www.bilibili.com/video/BV1S54y1Z7TF
811,2022-05-18,BV1MY411F75E,【梗百科】北通之子是啥梗？,03:09,880815,388,,256732037,1652850001,https://www.bilibili.com/video/BV1MY411F75E
812,2022-05-16,BV1UY411c7b7,【梗百科】我是云南的是啥梗？,02:53,330180,443,,256535030,1652689982,https://www.bilibili.com/video/BV1UY411c7b7
813,2022-05-10,BV1vv4y1P7nN,【梗百科】巨大喷流是啥梗？,01:32,817088,424,,553961390,1652176916,https://www.bilibili.com/video/BV1vv4y1P7nN
814,2022-05-08,BV1RU4y127Am,【梗百科】上巴？心巴？×巴是啥梗？,00:53,201327,148,,683939699,1652006800,https://www.bilibili.com/video/BV1RU4y127Am
815,2022-05-08,BV1g44y1g7rJ,【梗百科】粥味很冲的角色是啥梗？,01:41,126243,143,,981435840,1651984206,https://www.bilibili.com/video/BV1g44y1g7rJ
816,2022-05-06,BV1E44y1u7N9,【梗百科】中小学生禁止饮用纯净水是啥梗？,02:33,4170089,1782,,981302429,1651836228,https://www.bilibili.com/video/BV1E44y1u7N9
817,2022-05-05,BV1FY4y1C7xu,【梗百科】没活了可以咬打火机是啥梗？,01:58,3741360,2113,,638769528,1651725619,https://www.bilibili.com/video/BV1FY4y1C7xu
818,2022-05-02,BV1W44y137ZX,【梗百科】三合一梗曲？最近外网爆火的手书梗！,02:51,402315,271,,981155084,1651463796,https://www.bilibili.com/video/BV1W44y137ZX
819,2022-04-27,BV1Tr4y1n7Pa,【梗百科】孔明不扶阿斗扶爱豆！派对浪客诸葛孔明是怎样的作品？,04:56,584265,582,,768514776,1651062895,https://www.bilibili.com/video/BV1Tr4y1n7Pa
820,2022-04-23,BV1zL4y1V7jC,【梗百科】让我单挑她是啥梗？这个人在老头环圈子里出名了！？,01:25,612159,197,,853474977,1650686731,https://www.bilibili.com/video/BV1zL4y1V7jC
821,2022-04-20,BV1kA4y1Q7wo,【梗百科】听我说谢谢你是啥梗？,02:41,1123052,779,,895790356,1650426375,https://www.bilibili.com/video/BV1kA4y1Q7wo
822,2022-04-15,BV1NB4y1U7j3,【梗百科】小鸡恰恰舞是啥梗？,03:20,746406,460,,595678652,1650016900,https://www.bilibili.com/video/BV1NB4y1U7j3
823,2022-04-11,BV1fB4y1m7qH,【梗百科】喜剧人余华是啥梗？中国文坛的泥石流！,03:51,847327,330,,595624954,1649649600,https://www.bilibili.com/video/BV1fB4y1m7qH
824,2022-04-05,BV18S4y1K7vR,【梗百科】选我还是PS5是啥梗？,03:37,1681750,5577,,682882198,1649149571,https://www.bilibili.com/video/BV18S4y1K7vR
825,2022-04-04,BV18q4y1e76s,【梗百科】Diablo 4090ti是啥梗？暴雪出的首款能够连手机的外接显卡？,01:24,403739,48,,595309073,1649044800,https://www.bilibili.com/video/BV18q4y1e76s
826,2022-03-30,BV1CY4y1q76Q,【梗百科】nice是啥梗？没想到居然还有这样的故事！,04:20,461220,230,,637710123,1648617519,https://www.bilibili.com/video/BV1CY4y1q76Q
827,2022-03-28,BV1c3411W7sc,【梗百科】奥斯卡直播事故！威尔史密斯打脸是咋回事？,03:21,206342,343,,425154566,1648467129,https://www.bilibili.com/video/BV1c3411W7sc
828,2022-03-23,BV1YY411E7oi,【梗百科】发生什么事了是啥梗？,01:46,2004661,884,,255086130,1648031172,https://www.bilibili.com/video/BV1YY411E7oi
829,2022-03-22,BV19q4y1e7Cp,【梗百科】月入3200是啥梗？有钱是真的好！,02:10,1042741,88,,594895209,1647944167,https://www.bilibili.com/video/BV19q4y1e7Cp
830,2022-03-18,BV14a41187NC,【梗百科】老坛酸菜面咋了？,01:54,333839,326,,212334519,1647601309,https://www.bilibili.com/video/BV14a41187NC
831,2022-03-15,BV1fa41147jJ,【梗百科】梅琳娜你退群吧是啥梗？,01:59,891965,464,,212347500,1647314220,https://www.bilibili.com/video/BV1fa41147jJ
832,2022-03-10,BV13P4y137K3,【梗百科】苹果猫是啥梗？,02:32,1907489,1712,,894674320,1646906350,https://www.bilibili.com/video/BV13P4y137K3
833,2022-03-09,BV14Z4y1r721,【梗百科】完了，芭比Q了是啥梗？,00:55,326702,136,,382106109,1646797324,https://www.bilibili.com/video/BV14Z4y1r721
834,2022-03-07,BV1rL411N7Qr,【梗百科】喜欢萨莉亚的女朋友是啥梗？为何能让漂亮小姐姐都去这里自拍？,01:22,369713,414,,467039247,1646646743,https://www.bilibili.com/video/BV1rL411N7Qr
835,2022-03-03,BV1Kq4y14763,【梗百科】奶奶把我锁在家里是啥梗？,01:39,692650,1505,,594392498,1646299007,https://www.bilibili.com/video/BV1Kq4y14763
836,2022-03-03,BV1Vq4y1477v,【梗百科】Speed大战Ben是啥梗？这么简单的游戏被黑人小哥玩出花了！,03:45,5015026,913,,594418779,1646285808,https://www.bilibili.com/video/BV1Vq4y1477v
837,2022-02-26,BV1uS4y1c7cB,【梗百科】宫崎英高跌上/下神坛是啥梗？,02:03,316314,312,,681806832,1645873147,https://www.bilibili.com/video/BV1uS4y1c7cB
838,2022-02-22,BV1qb4y147gQ,【梗百科】成龙劝游是啥梗？游戏里的你再强大，也是假的！,03:00,2522983,285,,636639341,1645519061,https://www.bilibili.com/video/BV1qb4y147gQ
839,2022-02-22,BV1wR4y1j7u7,【梗百科】范马孔子是啥梗？,01:27,1575245,788,,339163720,1645499472,https://www.bilibili.com/video/BV1wR4y1j7u7
840,2022-02-18,BV1qP4y1F7sB,【梗百科】风灵月影宗是啥梗？,01:26,1021644,499,,894188190,1645184216,https://www.bilibili.com/video/BV1qP4y1F7sB
841,2022-02-16,BV11m4y1d7PG,【梗百科】勇敢勇敢我的朋友！xx跑男是啥梗？,02:13,1088501,218,,679104271,1644992292,https://www.bilibili.com/video/BV11m4y1d7PG
842,2022-02-11,BV1Bb4y1776a,【梗百科】后室是什么？外网盛传多年的恐怖故事？,03:18,1699605,1856,,636424234,1644573606,https://www.bilibili.com/video/BV1Bb4y1776a
843,2022-02-08,BV1fT4y1Q7Ti,【梗百科】冰墩墩是啥？同一个角色，中日梗图怎么风格差这么多捏？,02:21,2539882,400,,936387974,1644315653,https://www.bilibili.com/video/BV1fT4y1Q7Ti
844,2022-02-03,BV1rq4y1h74w,【梗百科】谁有赵本山电话是啥梗？,01:02,264553,122,,593744141,1643872657,https://www.bilibili.com/video/BV1rq4y1h74w
845,2022-01-30,BV1MS4y1577M,【梗百科】XX波比是啥梗？英雄联盟里一共有几个波比？,02:53,615838,476,,681196873,1643526945,https://www.bilibili.com/video/BV1MS4y1577M
846,2022-01-26,BV1BF411p7Wh,【梗百科】总有一天，全xx的人都要高看我们是啥梗？,02:12,936102,413,,295882531,1643198530,https://www.bilibili.com/video/BV1BF411p7Wh
847,2022-01-23,BV18q4y1C7XG,【梗百科】金钱豹是啥梗？怎么好多人头像都变成这个了？,01:18,222272,77,,593395717,1642926004,https://www.bilibili.com/video/BV18q4y1C7XG
848,2022-01-22,BV1Sb4y1J741,【梗百科】麦乐鸡侠是啥梗？,00:39,293057,28,,635802163,1642824004,https://www.bilibili.com/video/BV1Sb4y1J741
849,2022-01-20,BV1Ka411m7Pn,【梗百科】微软收购动视暴雪是咋回事？有钱真的可以为所欲为！,01:40,224131,142,,210836527,1642668202,https://www.bilibili.com/video/BV1Ka411m7Pn
850,2022-01-18,BV1Da41127Pg,【梗百科】谁才是真正的英雄是啥梗？,01:10,2671651,473,,210814741,1642502047,https://www.bilibili.com/video/BV1Da41127Pg
851,2022-01-14,BV1Nu411m7TY,【梗百科】文化拱火是啥梗？这是一款只有中国人能做出来的游戏！,01:25,733599,148,,508176881,1642159057,https://www.bilibili.com/video/BV1Nu411m7TY
852,2022-01-13,BV1cm4y1Q7ZR,【梗百科】道理哥是谁？莫非这就是2022年的第一个梗？！,02:45,3768659,536,,678149826,1642064069,https://www.bilibili.com/video/BV1cm4y1Q7ZR
853,2022-01-10,BV1Xb4y1n7iT,【梗百科】2021年热门梗盘点！！！,04:39,231424,332,,635522746,1641790806,https://www.bilibili.com/video/BV1Xb4y1n7iT
854,2022-01-02,BV1w44y1E7r4,【梗百科】xx咬人事件是啥梗？,01:28,410687,261,,977763737,1641096304,https://www.bilibili.com/video/BV1w44y1E7r4
855,2021-12-30,BV13a411r7Vw,【梗百科】救救孩子是啥梗？,01:11,265908,109,,210238315,1640832224,https://www.bilibili.com/video/BV13a411r7Vw
856,2021-12-26,BV1XP4y1H7PP,【梗百科】假面骑士的圣诞节是啥梗？,01:53,793134,354,,892596443,1640493517,https://www.bilibili.com/video/BV1XP4y1H7PP
857,2021-12-21,BV1K44y1J7Bg,【梗百科】怀民亦未寝是啥梗？,02:52,2490292,965,,977408999,1640058289,https://www.bilibili.com/video/BV1K44y1J7Bg
858,2021-12-19,BV173411x7qM,【梗百科】不可以色色是啥梗？,01:08,1157802,213,,422417143,1639892433,https://www.bilibili.com/video/BV173411x7qM
859,2021-12-15,BV1nS4y1Q7pr,【梗百科】你爹来啰是啥梗？,01:02,4257482,261,,722367231,1639536577,https://www.bilibili.com/video/BV1nS4y1Q7pr
860,2021-12-07,BV1wL411E7sW,【梗百科】空条徐伦的律师是啥梗？,02:30,1149050,979,,464699220,1638847371,https://www.bilibili.com/video/BV1wL411E7sW
861,2021-12-03,BV1iR4y1477q,【梗百科】动物园怪谈是啥梗？这动物园规则看了后你想不想去？,02:57,2507647,1782,,337027953,1638503488,https://www.bilibili.com/video/BV1iR4y1477q
862,2021-12-01,BV1er4y1Q76F,【梗百科】我将以高达形态出击是啥梗？成都导哥就是他？,00:46,199521,80,,764528881,1638352512,https://www.bilibili.com/video/BV1er4y1Q76F
863,2021-12-01,BV1Wg411A7Cz,【梗百科】催逝员是啥梗？鸡汤来咯～,04:22,1272992,585,,507006245,1638329648,https://www.bilibili.com/video/BV1Wg411A7Cz
864,2021-11-26,BV17U4y1T7ph,【梗百科】乳法是啥梗？为啥要乳法？,02:51,669246,614,,676931645,1637899201,https://www.bilibili.com/video/BV17U4y1T7ph
865,2021-11-23,BV1yQ4y1v7GB,【梗百科】这不比忍术好用是啥梗？,02:16,3355672,703,,719416674,1637675439,https://www.bilibili.com/video/BV1yQ4y1v7GB
866,2021-11-20,BV1Uq4y1673Y,【梗百科】寄！寄了！GG是啥梗？,01:21,457590,334,,591826217,1637382390,https://www.bilibili.com/video/BV1Uq4y1673Y
867,2021-11-17,BV1iP4y157kz,【梗百科】年轻人不要太气盛是啥梗？,03:23,1259310,300,,891705335,1637143269,https://www.bilibili.com/video/BV1iP4y157kz
868,2021-11-15,BV13q4y167Qr,【梗百科】什么是NFT？资本骗局还是真正的新概念服务？,02:05,433027,277,,591707419,1636946009,https://www.bilibili.com/video/BV13q4y167Qr
869,2021-11-13,BV1EL411g7DB,【梗百科】万宁棋是啥梗？万宁阵法！攻无不克！,02:23,3151326,439,,464238236,1636776001,https://www.bilibili.com/video/BV1EL411g7DB
870,2021-11-10,BV1QR4y1E72a,【梗百科】Khan定律是啥梗？,01:47,355641,120,,336569602,1636541358,https://www.bilibili.com/video/BV1QR4y1E72a
871,2021-11-07,BV1M44y1e7rY,【梗百科】EDG夺冠我就xx是啥梗？夺冠flag开始回收！,01:17,199667,69,,976512163,1636269170,https://www.bilibili.com/video/BV1M44y1e7rY
872,2021-11-07,BV1ZR4y147KM,【梗百科】意法战争是啥梗？,01:39,2157284,723,,336612831,1636253281,https://www.bilibili.com/video/BV1ZR4y147KM
873,2021-11-03,BV1u44y1i7yP,【梗百科】EMO是啥梗？,01:49,352898,180,,976381605,1635912012,https://www.bilibili.com/video/BV1u44y1i7yP
874,2021-11-01,BV1ou411o77b,【梗百科】翔磨杵是啥梗？,01:37,929096,963,,506433281,1635741436,https://www.bilibili.com/video/BV1ou411o77b
875,2021-10-31,BV1qv411T76R,【梗百科】学霸题是啥梗？,01:32,3710809,247,,251429512,1635667110,https://www.bilibili.com/video/BV1qv411T76R
876,2021-10-30,BV1sU4y1c7BZ,【梗百科】流泪猫猫头是啥梗？,00:50,688298,185,,676309929,1635566580,https://www.bilibili.com/video/BV1sU4y1c7BZ
877,2021-10-28,BV1LU4y1c7FP,【梗百科】Vtuber一问一答自我介绍是啥梗？,01:46,309071,112,,676275267,1635405723,https://www.bilibili.com/video/BV1LU4y1c7FP
878,2021-10-26,BV1Nb4y1a7uG,【梗百科】恶霸马奎尔是啥梗？,03:43,2932430,1232,,633803545,1635219811,https://www.bilibili.com/video/BV1Nb4y1a7uG
879,2021-10-24,BV1zv411u7Bt,【梗百科】菠萝披萨是啥梗？,02:14,1847306,1474,,251302022,1635048838,https://www.bilibili.com/video/BV1zv411u7Bt
880,2021-10-22,BV1TR4y1J7KJ,【梗百科】哥谭噩梦是啥梗？,01:09,6341874,1383,,336128712,1634875201,https://www.bilibili.com/video/BV1TR4y1J7KJ
881,2021-10-20,BV1Dv411M7BJ,【梗百科】不ban猛犸是啥梗？,01:14,626722,228,,251149922,1634723960,https://www.bilibili.com/video/BV1Dv411M7BJ
882,2021-10-19,BV1mr4y1y7CV,【梗百科】金坷垃是啥梗？,02:22,3450337,355,,763696250,1634619614,https://www.bilibili.com/video/BV1mr4y1y7CV
883,2021-10-15,BV1yf4y1c7ta,【梗百科】唐可可是谁？日本动漫里可算有了对味的中国人？！,05:31,3300321,3729,,378531258,1634286267,https://www.bilibili.com/video/BV1yf4y1c7ta
884,2021-10-04,BV1sq4y1V7YM,【梗百科】凯申物流是啥梗？,01:30,362690,158,,548437131,1633320015,https://www.bilibili.com/video/BV1sq4y1V7YM
885,2021-10-01,BV1D64y1877d,【梗百科】东风快递，使命必达是啥梗？,01:01,480193,174,,763319191,1633069615,https://www.bilibili.com/video/BV1D64y1877d
886,2021-09-29,BV1th411H7ED,【梗百科217】三角符文梗？马里奥电影配音阵容？外国小孩竟拿盗窃当潮流？,10:18,694196,2616,,208339426,1632903012,https://www.bilibili.com/video/BV1th411H7ED
887,2021-09-29,BV1CR4y1p7EN,【梗百科】拜登拉稀是咋回事？,01:15,1346485,436,,335753210,1632890277,https://www.bilibili.com/video/BV1CR4y1p7EN
888,2021-09-26,BV1AQ4y167D7,【梗百科】YEE是什么？,02:15,1970056,1374,,720745460,1632646192,https://www.bilibili.com/video/BV1AQ4y167D7
889,2021-09-23,BV1Ch411n7VE,【梗百科】RNM退钱是啥梗？,00:43,321288,144,,208230967,1632391620,https://www.bilibili.com/video/BV1Ch411n7VE
890,2021-09-21,BV1hu411f7Kt,【梗百科】超市0元购？Ngana Rindu是什么？,02:02,1064882,1054,,505684476,1632215947,https://www.bilibili.com/video/BV1hu411f7Kt
891,2021-09-19,BV1K34y1X7qg,【梗百科】互联网北方女仆是啥？,02:09,522430,843,,805555401,1632024016,https://www.bilibili.com/video/BV1K34y1X7qg
892,2021-09-17,BV1nf4y1w7hy,【梗百科】违背祖宗的决定是啥梗？,01:37,263135,100,,378086108,1631849321,https://www.bilibili.com/video/BV1nf4y1w7hy
893,2021-09-15,BV1QL411x7pZ,【梗百科】青莲地心火是啥梗？,01:06,650744,75,,463080911,1631710002,https://www.bilibili.com/video/BV1QL411x7pZ
894,2021-09-14,BV1NQ4y1r7BW,【梗百科】甲壳虫汁是谁？,02:10,1437793,711,,720460854,1631613423,https://www.bilibili.com/video/BV1NQ4y1r7BW
895,2021-09-12,BV1mQ4y167qn,【梗百科】专抓粉丝是啥梗？,01:17,246303,74,,720403863,1631425496,https://www.bilibili.com/video/BV1mQ4y167qn
896,2021-09-09,BV1xq4y1N7Ak,【梗百科】西厂正规军是啥梗？你下载国家反诈中心app了吗？,01:22,482210,124,,547891480,1631153766,https://www.bilibili.com/video/BV1xq4y1N7Ak
897,2021-09-08,BV1yQ4y1C7YH,【梗百科】既见未来，为何不buy是啥梗？,01:02,822230,168,,717798314,1631069382,https://www.bilibili.com/video/BV1yQ4y1C7YH
898,2021-09-06,BV1Hg411V75i,【梗百科】人生重开模拟器是啥？,01:09,502124,61,,505276976,1630897503,https://www.bilibili.com/video/BV1Hg411V75i
899,2021-09-04,BV1Dg411V7p3,【梗百科】社交牛逼症是啥梗？,00:57,281482,176,,505369672,1630734977,https://www.bilibili.com/video/BV1Dg411V7p3
900,2021-09-02,BV15Q4y1a7oG,【梗百科】黑龙江军阀张美玉是啥梗？学姐来查寝咯！,02:03,656245,1020,,720302857,1630558203,https://www.bilibili.com/video/BV15Q4y1a7oG
901,2021-09-01,BV1Sg411G7Cy,【梗百科】你的牛牛是谁？开学第一天会遇到什么样的新室友？,01:35,1189491,1124,,505174324,1630477617,https://www.bilibili.com/video/BV1Sg411G7Cy
902,2021-08-31,BV1TA411w7XZ,【梗百科216】亮剑里都有什么梗？这才叫好抗战剧！把意大利炮给我拉过来！！,10:12,542272,2685,,335229081,1630386012,https://www.bilibili.com/video/BV1TA411w7XZ
903,2021-08-31,BV1Wy4y1G7w1,【梗百科】吃个桃桃是啥梗？,01:32,272319,961,,805146903,1630377498,https://www.bilibili.com/video/BV1Wy4y1G7w1
904,2021-08-28,BV1Fq4y1T7hY,【梗百科】容嬷嬷扎的对是啥梗？,01:17,461225,285,,547707775,1630131126,https://www.bilibili.com/video/BV1Fq4y1T7hY
905,2021-08-27,BV13U4y177H7,【梗百科】带善人真理圣主是啥梗？,01:27,831731,347,,675190668,1630046011,https://www.bilibili.com/video/BV13U4y177H7
906,2021-08-25,BV1kQ4y1Y7AY,【梗百科】jack-O蹲姿是什么梗？外网正在流行中的俯身劈叉？！！,01:22,227468,256,,720068041,1629857743,https://www.bilibili.com/video/BV1kQ4y1Y7AY
907,2021-08-24,BV1z44y1k79Q,【梗百科】郑女士是啥梗？1818黄金眼他又来咯！！！,01:05,519790,138,,975030881,1629791979,https://www.bilibili.com/video/BV1z44y1k79Q
908,2021-08-23,BV1oy4y137z9,【梗百科】Directed by Robert b weide 是啥梗？,03:48,374476,425,,805100687,1629710503,https://www.bilibili.com/video/BV1oy4y137z9
909,2021-08-21,BV1VQ4y1m7gi,【梗百科】大人，时代变了是啥梗？,01:27,862488,177,,717429808,1629537331,https://www.bilibili.com/video/BV1VQ4y1m7gi
910,2021-08-20,BV1vh411i7xe,【梗百科】个人感觉没原神好··画质 是啥梗？信了你就上钩了！,01:04,1270991,1012,,207426608,1629424874,https://www.bilibili.com/video/BV1vh411i7xe
911,2021-08-18,BV1Kv411N7Pt,【梗百科】暮光闪闪×摩迪凯组cp是啥梗？真就乱搭？,02:27,705292,902,,249891608,1629252705,https://www.bilibili.com/video/BV1Kv411N7Pt
912,2021-08-17,BV1Qv411P7MC,【梗百科】康熙怒斥群臣是啥梗？,02:33,218238,260,,249879577,1629168831,https://www.bilibili.com/video/BV1Qv411P7MC
913,2021-08-15,BV17L411J7ok,【梗百科】蓝蓝路是什么梗？“鬼畜”一词原来是因他而起？,02:00,967805,929,,462353712,1628993060,https://www.bilibili.com/video/BV17L411J7ok
914,2021-08-12,BV1eP4y1W7Nc,乒乒乓乓，天下无双是啥梗？国家队唱起歌来原来是这样的！,02:12,258525,127,,889753380,1628733795,https://www.bilibili.com/video/BV1eP4y1W7Nc
915,2021-08-11,BV1yP4y1W7as,【梗百科】多看空我是啥梗？,01:18,804995,1273,,889782713,1628664857,https://www.bilibili.com/video/BV1yP4y1W7as
916,2021-08-10,BV1J64y1s7Ca,【梗百科】粉红兔子揪粉红兔子是啥梗？原来是出自这里啊！！？,01:08,381474,175,,762247940,1628567846,https://www.bilibili.com/video/BV1J64y1s7Ca
917,2021-08-09,BV12h411q7U9,【梗百科215】steam掌机？海绵宝宝加入大乱斗？最近舞蹈区竟惨遭外星人入侵？,11:51,393350,2340,,207135861,1628487019,https://www.bilibili.com/video/BV12h411q7U9
918,2021-08-07,BV1Lh411B78D,【梗百科】人类高质量男性是啥梗？人间油物又是谁？,02:55,541004,604,,207231068,1628320038,https://www.bilibili.com/video/BV1Lh411B78D
919,2021-08-06,BV1hL411E7xe,【梗百科】Dame Tu Cosita是啥梗？黄皮外星人原来是出自这里！！！,02:29,744544,573,,462171928,1628216754,https://www.bilibili.com/video/BV1hL411E7xe
920,2021-08-03,BV13A411P7Wc,【梗百科】大触是啥梗？为什么可以代表技术高超的意思？,01:03,320363,211,,334615112,1627958679,https://www.bilibili.com/video/BV13A411P7Wc
921,2021-08-02,BV1QA411A7LA,【梗百科】重伤倒地是啥梗？,01:16,758530,251,,334557122,1627869281,https://www.bilibili.com/video/BV1QA411A7LA
922,2021-07-29,BV1Lh411z7EW,【梗百科】14.7分是怎么回事？,01:29,450052,304,,206897356,1627547405,https://www.bilibili.com/video/BV1Lh411z7EW
923,2021-07-29,BV1yq4y1H7Kc,【梗百科】你们都没有手机吗是啥梗？,01:18,327808,100,,546879882,1627523841,https://www.bilibili.com/video/BV1yq4y1H7Kc
924,2021-07-27,BV1FM4y1N7Yt,【梗百科】野性消费是啥梗？为什么突然大家都在买鸿星尔克？,02:28,209192,150,,931953368,1627351134,https://www.bilibili.com/video/BV1FM4y1N7Yt
925,2021-07-26,BV1Dq4y1X7n6,【梗百科】没有任何事能称之为巧合是啥梗？外网前段时间爆火的黑哥？！！！,02:53,193659,322,,589485296,1627271027,https://www.bilibili.com/video/BV1Dq4y1X7n6
926,2021-07-22,BV1Ty4y1j7gZ,【梗百科】我看不懂，但我大受震撼是啥梗？原来是出自这里啊？！,01:12,362871,127,,804305619,1626928798,https://www.bilibili.com/video/BV1Ty4y1j7gZ
927,2021-07-20,BV1sq4y1H7h5,【梗百科214】我的很大你忍一下？三句话让男人花18万并不简单？盘点最近网上的哪些梗？！！！！,07:41,826623,5079,,546852345,1626759614,https://www.bilibili.com/video/BV1sq4y1H7h5
928,2021-07-19,BV1J64y1t7f7,【梗百科】刘华强买瓜是啥梗？,02:24,1510853,407,,761783668,1626692044,https://www.bilibili.com/video/BV1J64y1t7f7
929,2021-07-17,BV1yg411T7rm,【梗百科】“厨”是啥梗？为什么可以代表热爱的意思？,00:41,218189,135,,504151513,1626495196,https://www.bilibili.com/video/BV1yg411T7rm
930,2021-07-15,BV1Yw411d7Cd,【梗百科】淄博冠军王喜顺是啥梗？,03:02,901944,1429,,334145809,1626314244,https://www.bilibili.com/video/BV1Yw411d7Cd
931,2021-07-14,BV1xL411H7AZ,【梗百科】马夫迪激情演说是啥梗？,01:48,1043149,352,,461719417,1626232318,https://www.bilibili.com/video/BV1xL411H7AZ
932,2021-07-14,BV1J44y127rc,【梗百科】B站崩了是咋回事？,01:05,231670,322,,974143006,1626226790,https://www.bilibili.com/video/BV1J44y127rc
933,2021-07-13,BV1hL411H7me,【梗百科】志豪哥是啥梗？,00:48,582241,442,,461707814,1626168606,https://www.bilibili.com/video/BV1hL411H7me
934,2021-07-12,BV1x64y1X75y,【梗百科】I'm gay 是啥梗？,01:21,923064,347,,759115384,1626072934,https://www.bilibili.com/video/BV1x64y1X75y
935,2021-07-11,BV1p54y1n7Ax,【梗百科】六道轮回是个棒槌是啥梗？,01:15,881127,417,,846613476,1625976906,https://www.bilibili.com/video/BV1p54y1n7Ax
936,2021-07-09,BV1Zh411h79v,【梗百科】Family是啥梗？ 此时此刻外网爆火中！,01:52,529790,331,,206557569,1625798554,https://www.bilibili.com/video/BV1Zh411h79v
937,2021-07-06,BV1eg411T7zT,【梗百科】oooohhhhhhhhhhh是啥梗？这个素材原来出处是这样的？,01:42,343953,2044,,504111140,1625560716,https://www.bilibili.com/video/BV1eg411T7zT
938,2021-07-03,BV1Rb4y1C7Ta,【梗百科】Doge是啥梗？神烦狗是怎么来的？,02:12,1075810,1044,,631429378,1625279232,https://www.bilibili.com/video/BV1Rb4y1C7Ta
939,2021-07-02,BV1hh411h7KT,【梗百科】勇敢牛牛 不怕困难！是啥梗？,01:11,1845884,3191,,206467568,1625191206,https://www.bilibili.com/video/BV1hh411h7KT
940,2021-06-29,BV1yq4y1s7Zd,【梗百科】吔屎啦，梁非凡！是啥梗？,01:11,126150,102,,546415497,1624938144,https://www.bilibili.com/video/BV1yq4y1s7Zd
941,2021-06-28,BV1r64y1t7NN,【梗百科】阿根廷人是啥梗？,01:07,726191,223,,761330964,1624875789,https://www.bilibili.com/video/BV1r64y1t7NN
942,2021-06-27,BV1Uy4y1T7eb,【梗百科213】外网爆火的三星助手？星战四格梗？今年这E3上又有了什么梗？,08:55,438523,1392,,803762561,1624789216,https://www.bilibili.com/video/BV1Uy4y1T7eb
943,2021-06-25,BV1V54y1H7CE,【梗百科】热爱105℃的你是啥梗？,02:21,404798,300,,846257961,1624602738,https://www.bilibili.com/video/BV1V54y1H7CE
944,2021-06-23,BV1Rg411M7C5,【梗百科】8700万的青眼白龙是啥？,02:13,314506,146,,503849533,1624448220,https://www.bilibili.com/video/BV1Rg411M7C5
945,2021-06-23,BV1bv411W7wU,【梗百科】美有姬是啥梗？,02:30,849120,651,,248755088,1624427517,https://www.bilibili.com/video/BV1bv411W7wU
946,2021-06-20,BV1Rg411g794,【梗百科】为了让世界更好 对吧？ 是啥梗？你们这几天有没有看到过这图？,01:21,313451,165,,503720285,1624176063,https://www.bilibili.com/video/BV1Rg411g794
947,2021-06-19,BV1fw411d7y2,【梗百科】任天堂就是世界的主宰是啥梗？,01:01,283593,60,,333734564,1624084405,https://www.bilibili.com/video/BV1fw411d7y2
948,2021-06-17,BV1rg411g7dL,【梗百科】假面骑士的末日到了是啥梗？,01:19,644425,398,,503707584,1623905615,https://www.bilibili.com/video/BV1rg411g7dL
949,2021-06-16,BV1kg411g7SR,【梗百科】聪油饼是啥梗？什么叫我命油我不油天？,01:52,264631,121,,503679954,1623843689,https://www.bilibili.com/video/BV1kg411g7SR
950,2021-06-11,BV1m64y167Qc,【梗百科211】藏狐？背后灵？为什么这个人就和水猴子过不去了？！！！,08:14,1740123,2781,,761038958,1623391207,https://www.bilibili.com/video/BV1m64y167Qc
951,2021-06-09,BV1ef4y1877B,【梗百科】蜜雪冰城主题曲是啥梗？你学编程天灭你是啥？,01:28,1532885,392,,291124416,1623223431,https://www.bilibili.com/video/BV1ef4y1877B
952,2021-06-08,BV1V54y1G7Vo,【梗百科】吴京中国是啥梗？这个图原来出自这里！！,00:42,774909,167,,846040774,1623145639,https://www.bilibili.com/video/BV1V54y1G7Vo
953,2021-06-06,BV14h411e7jk,【梗百科】采访第一个出考场的XX是啥梗？,02:29,376547,209,,205960610,1622981481,https://www.bilibili.com/video/BV14h411e7jk
954,2021-06-05,BV1Kh411e7vw,【梗百科】索隆十字架是啥梗？,01:28,258876,114,,205896269,1622869065,https://www.bilibili.com/video/BV1Kh411e7vw
955,2021-06-04,BV1KQ4y197L6,【梗百科】速通阿伟是啥梗？,02:08,985543,286,,715956190,1622776187,https://www.bilibili.com/video/BV1KQ4y197L6
956,2021-06-01,BV1ph411e7XM,【梗百科】贵州和广西相比是啥梗？,01:30,621272,899,,205946989,1622515368,https://www.bilibili.com/video/BV1ph411e7XM
957,2021-05-31,BV1h54y1V79y,【梗百科】吸血鬼夫人有啥梗？,01:51,180434,136,,845801640,1622462096,https://www.bilibili.com/video/BV1h54y1V79y
958,2021-05-30,BV1gA41137c9,【梗百科】哈！！是啥梗？,01:53,716218,423,,333328229,1622366329,https://www.bilibili.com/video/BV1gA41137c9
959,2021-05-28,BV1NK4y1R7Lc,【梗百科】肌肉金轮是啥梗？,00:56,941468,139,,930762232,1622194546,https://www.bilibili.com/video/BV1NK4y1R7Lc
960,2021-05-27,BV1tU4y1L74F,【梗百科】性格主导色是啥梗？,01:02,192097,87,,673314435,1622125405,https://www.bilibili.com/video/BV1tU4y1L74F
961,2021-05-26,BV11y4y1g7Cx,【梗百科】蓝衣战神是啥梗？,01:00,2598572,890,,803293878,1622013941,https://www.bilibili.com/video/BV11y4y1g7Cx
962,2021-05-25,BV1rb4y1o7iy,【梗百科】233是啥梗？为什么它能代表笑的意思？,00:45,244854,503,,630778282,1621943927,https://www.bilibili.com/video/BV1rb4y1o7iy
963,2021-05-24,BV1PA41137Up,【梗百科】cheems是啥梗？,02:09,891056,378,,333337583,1621854129,https://www.bilibili.com/video/BV1PA41137Up
964,2021-05-23,BV1hV411j7D7,【梗百科】让子弹飞申遗是啥梗？,02:29,1345375,966,,418207336,1621768181,https://www.bilibili.com/video/BV1hV411j7D7
965,2021-05-22,BV1A64y1y76C,【梗百科】星野源贴头是啥梗？,01:55,264860,211,,760625455,1621658309,https://www.bilibili.com/video/BV1A64y1y76C
966,2021-05-21,BV1vN411Z7wF,【梗百科】反戏精黑人小哥是啥梗？,01:45,456847,142,,503234199,1621589786,https://www.bilibili.com/video/BV1vN411Z7wF
967,2021-05-21,BV1UK4y197ga,【梗百科】曹县是啥梗？,01:18,1307372,842,,930701572,1621569619,https://www.bilibili.com/video/BV1UK4y197ga
968,2021-05-20,BV1b64y1y7RT,【梗百科】三点几饮茶是啥梗？真正的出处找到了！,01:14,384555,58,,760712538,1621497802,https://www.bilibili.com/video/BV1b64y1y7RT
969,2021-05-20,BV1Ao4y117ug,【梗百科】藏狐耍双节棍是啥梗？,01:11,1433362,631,,375682795,1621489133,https://www.bilibili.com/video/BV1Ao4y117ug
