idx,date,bvid,title,length,play,video_review,typename,aid,created_ts,url
1,2026-09-02,BV1VotU6iEiZ,耍起是什么梗【梗指南】,01:47,168753,122,,117201151462745,1788347803,https://www.bilibili.com/video/BV1VotU6iEiZ
2,2026-08-31,BV1A1t86wExG,我了叹是什么梗【梗指南】,01:34,305674,137,,117189742955337,1788173781,https://www.bilibili.com/video/BV1A1t86wExG
3,2026-08-25,BV1U1h36FEVL,舍命陪君子是什么梗【梗指南】,01:40,403740,127,,117153990773990,1787630700,https://www.bilibili.com/video/BV1U1h36FEVL
4,2026-08-23,BV1gE8s6AEjn,老叟戏顽童是什么梗【梗指南】,02:37,995165,388,,117142951429295,1787459853,https://www.bilibili.com/video/BV1gE8s6AEjn
5,2026-08-19,BV1n48E6aEcr,胆子真是肥嘟嘟的是什么梗【梗指南】,01:54,3448339,956,,117121023477617,1787132700,https://www.bilibili.com/video/BV1n48E6aEcr
6,2026-08-16,BV1XabQ6VEWS,牛来是什么梗【梗指南】,02:00,2104643,1684,,117103474510993,1786873500,https://www.bilibili.com/video/BV1XabQ6VEWS
7,2026-08-11,BV1Qtuv6VEPU,胡迪渲染大赛是什么梗【梗指南】,01:54,1031884,345,,117074902975756,1786421353,https://www.bilibili.com/video/BV1Qtuv6VEPU
8,2026-08-09,BV1tjum6gExd,野生狗奶是什么梗【梗指南】,01:45,1676300,332,,117065071593831,1786271495,https://www.bilibili.com/video/BV1tjum6gExd
9,2026-08-06,BV1YouJ6MEVh,你那双眼睛究竟看到多远是什么梗【梗指南】,02:58,1085451,373,,117048193583419,1786014072,https://www.bilibili.com/video/BV1YouJ6MEVh
10,2026-08-05,BV1tCMy6cEsk,正太扭腰是什么梗【梗指南】,01:54,1865180,453,,117042539727446,1785927632,https://www.bilibili.com/video/BV1tCMy6cEsk
11,2026-07-30,BV11n3t6QEQY,东北单兵口粮是什么梗【梗指南】,01:48,839438,350,,117007995374095,1785403800,https://www.bilibili.com/video/BV11n3t6QEQY
12,2026-07-25,BV14x3u6iEvc,中国人能飞是什么梗【梗指南】,01:40,5453840,2328,,116978954012318,1784970600,https://www.bilibili.com/video/BV14x3u6iEvc
13,2026-07-23,BV1RogD6aEvN,枪如人人如枪是什么梗【梗指南】,02:07,1032384,1418,,116968686357454,1784801316,https://www.bilibili.com/video/BV1RogD6aEvN
14,2026-07-19,BV1DiKr6nEcS,初音未来监护权杯是什么梗【梗指南】,01:26,372403,79,,116947043747397,1784470472,https://www.bilibili.com/video/BV1DiKr6nEcS
15,2026-07-18,BV19oKc6yEpR,宗主第二招是什么梗【梗指南】,02:00,1048140,811,,116939930273426,1784366400,https://www.bilibili.com/video/BV19oKc6yEpR
16,2026-07-15,BV1tHNi6aEsv,旱厕蜗牛是什么梗【梗指南】,02:09,1332515,500,,116923790526973,1784115825,https://www.bilibili.com/video/BV1tHNi6aEsv
17,2026-07-12,BV1XsNg6eEZL,我简直就是佐助本人是什么梗【梗指南】,01:21,717872,272,,116905805417032,1783848600,https://www.bilibili.com/video/BV1XsNg6eEZL
18,2026-07-08,BV1ehMg63EAF,omg你吓到我了是什么梗【梗指南】,01:47,1087036,276,,116884213138289,1783511808,https://www.bilibili.com/video/BV1ehMg63EAF
19,2026-07-01,BV1rMTe6nEBh,走个面儿是什么梗【梗指南】,02:32,891414,894,,116842739861115,1782879110,https://www.bilibili.com/video/BV1rMTe6nEBh
20,2026-06-26,BV11t7q68EeB,哈兰德吃人是什么梗【梗指南】,01:53,762574,268,,116814403079580,1782446654,https://www.bilibili.com/video/BV11t7q68EeB
21,2026-06-20,BV1bHjJ6mEhz,眩晕板大学是什么梗【梗指南】,02:24,2558856,2267,,116781888899609,1781950328,https://www.bilibili.com/video/BV1bHjJ6mEhz
22,2026-06-16,BV1hBJN6nEAz,青蛙教练是什么梗【梗指南】,02:00,1182414,234,,116749643025159,1781582700,https://www.bilibili.com/video/BV1hBJN6nEAz
23,2026-06-14,BV1b7Jw6MEc7,看左边看左边是什么梗【梗指南】,02:09,624205,244,,116747814371792,1781430666,https://www.bilibili.com/video/BV1b7Jw6MEc7
24,2026-06-11,BV1KoEq6vEaa,香港究竟有几个区是什么梗【梗指南】,01:58,1595978,1722,,116730919782630,1781172977,https://www.bilibili.com/video/BV1KoEq6vEaa
25,2026-06-10,BV1a3EX6nEe8,萨尔下是什么梗【梗指南】,03:20,711369,159,,116723722225784,1781064778,https://www.bilibili.com/video/BV1a3EX6nEe8
26,2026-06-07,BV1kPE46FEJA,为高考静音是什么梗【梗指南】,01:18,1806022,342,,116707800649038,1780819846,https://www.bilibili.com/video/BV1kPE46FEJA
27,2026-06-02,BV1WwVz6HEaq,pixpix是什么梗【梗指南】,02:07,1677949,371,,116679765920661,1780392239,https://www.bilibili.com/video/BV1WwVz6HEaq
28,2026-05-31,BV1QsVU64EGh,来杯好茶摇一摇是什么梗【梗指南】,01:57,2863100,1683,,116669313713749,1780232638,https://www.bilibili.com/video/BV1QsVU64EGh
29,2026-05-27,BV1uqG26mEKm,不舒服文学是什么梗【梗指南】,02:39,622815,286,,116646278662149,1779881021,https://www.bilibili.com/video/BV1uqG26mEKm
30,2026-05-26,BV1GuGo62Eug,高考战神皮肤是什么梗【梗指南】,02:37,1274374,288,,116635792836327,1779785999,https://www.bilibili.com/video/BV1GuGo62Eug
31,2026-05-22,BV19ZGb6uETu,这得花不少钱、百万英镑是什么梗【梗指南】,02:10,3873065,1248,,116618562636556,1779458160,https://www.bilibili.com/video/BV19ZGb6uETu
32,2026-05-20,BV1rLL26kEXD,5 2 0 段 子 大 赏【梗指南】,02:31,200336,118,,116605660956876,1779261467,https://www.bilibili.com/video/BV1rLL26kEXD
33,2026-05-18,BV1okLF6BEzC,爆缸笑脸是什么梗【梗指南】,02:07,945282,83,,116594101586113,1779095100,https://www.bilibili.com/video/BV1okLF6BEzC
34,2026-05-14,BV19z596jE4f,公厕文学是什么梗【梗指南】,02:04,343024,157,,116572307982102,1778752390,https://www.bilibili.com/video/BV19z596jE4f
35,2026-05-12,BV1ZD5u6FEt9,狗狗限速器是什么梗【梗指南】,01:26,521936,149,,116561486546745,1778587250,https://www.bilibili.com/video/BV1ZD5u6FEt9
36,2026-05-10,BV1xT576aExY,神人转场是什么梗【梗指南】,01:43,472691,145,,116550195481581,1778415143,https://www.bilibili.com/video/BV1xT576aExY
37,2026-05-08,BV1d1dGBvELB,曾经的王King是什么梗，成为王的代价是什么？【梗指南】,03:12,857860,506,,116538585645160,1778237893,https://www.bilibili.com/video/BV1d1dGBvELB
38,2026-05-06,BV1dERxBqESh,放生蒜苔是什么梗【梗指南】,01:42,645004,298,,116527680457581,1778071478,https://www.bilibili.com/video/BV1dERxBqESh
39,2026-05-04,BV1PARqBEECx,杰哥再发枪是什么梗【梗指南】,03:30,771414,260,,116516339123382,1777900692,https://www.bilibili.com/video/BV1PARqBEECx
40,2026-05-02,BV1twREBKEDS,娜塔莎是什么梗【梗指南】,01:52,6953799,990,,116504477565181,1777717606,https://www.bilibili.com/video/BV1twREBKEDS
41,2026-04-30,BV1tf9aBrEfu,蓝V历险记是什么梗【梗指南】,02:43,1039121,540,,116492918195380,1777543200,https://www.bilibili.com/video/BV1tf9aBrEfu
42,2026-04-29,BV1BS9SB6E6E,我早已麻痹是什么梗【梗指南】,01:43,410685,296,,116486089739119,1777436843,https://www.bilibili.com/video/BV1BS9SB6E6E
43,2026-04-23,BV1sGoYBkEMf,永劫嘉豪是什么梗【梗指南】,02:49,603460,184,,116453726486538,1776943220,https://www.bilibili.com/video/BV1sGoYBkEMf
44,2026-04-22,BV1qGosB6Eje,是关中王来了是什么梗【梗指南】,02:25,835950,632,,116447904859698,1776854247,https://www.bilibili.com/video/BV1qGosB6Eje
45,2026-04-20,BV1QUoNB5EX5,稳稳地接住你是什么梗【梗指南】,02:03,1668954,322,,116436362201087,1776678543,https://www.bilibili.com/video/BV1QUoNB5EX5
46,2026-04-19,BV14wdoBCEbs,呕吐的小曲是什么梗【梗指南】,02:21,1219373,694,,116429567296243,1776574550,https://www.bilibili.com/video/BV14wdoBCEbs
47,2026-04-17,BV1YVd5BKEzo,滚滚长江东逝水是什么梗【梗指南】,02:31,535331,262,,116419786245640,1776425024,https://www.bilibili.com/video/BV1YVd5BKEzo
48,2026-04-15,BV1RkQ7BMEt7,豪到你了是什么梗【梗指南】,02:01,1764935,597,,116408444783304,1776252144,https://www.bilibili.com/video/BV1RkQ7BMEt7
49,2026-04-10,BV1mwQFBkEmm,SBTI是什么梗【梗指南】,02:02,1283544,167,,116379571260481,1775811463,https://www.bilibili.com/video/BV1mwQFBkEmm
50,2026-04-07,BV194DvBEEZo,嘎子卖酸奶是什么梗【梗指南】,03:07,2621047,3533,,116362575873660,1775552186,https://www.bilibili.com/video/BV194DvBEEZo
51,2026-04-04,BV1yZDTBWEFR,蛋糕店里卖蛋糕是什么梗【梗指南】,01:53,1218488,890,,116345597331106,1775293144,https://www.bilibili.com/video/BV1yZDTBWEFR
52,2026-04-01,BV1d797BGEus,愚 人 节 段 子 大 赏【梗指南】,01:44,270080,196,,116328618788369,1775033933,https://www.bilibili.com/video/BV1d797BGEus
53,2026-03-31,BV1E2XrBmE29,禅者行脚是什么梗【梗指南】,02:02,2083559,754,,116323015327989,1774948758,https://www.bilibili.com/video/BV1E2XrBmE29
54,2026-03-26,BV1SQXWBJEHJ,奥赛级微笑是什么梗【梗指南】,02:14,827289,198,,116295802555542,1774533375,https://www.bilibili.com/video/BV1SQXWBJEHJ
55,2026-03-21,BV1UZAczVEAv,Donk放狠话是什么梗【梗指南】,01:40,1124353,339,,116266576711567,1774087437,https://www.bilibili.com/video/BV1UZAczVEAv
56,2026-03-18,BV17bwezEEZp,雪山救狐狸是什么梗【梗指南】,02:15,1596987,379,,116249598102273,1773828239,https://www.bilibili.com/video/BV17bwezEEZp
57,2026-03-16,BV1zJwEzuEA9,航天公式歌是什么梗【梗指南】,02:30,2125199,372,,116238072153673,1773652396,https://www.bilibili.com/video/BV1zJwEzuEA9
58,2026-03-15,BV1XtwNzxEgG,顶富熊大快跑是什么梗【梗指南】,01:46,544991,144,,116231210271855,1773547802,https://www.bilibili.com/video/BV1XtwNzxEgG
59,2026-03-13,BV14ScUzTERS,我的刀盾是什么梗【梗指南】,01:55,1592589,1773,,116220003092297,1773376827,https://www.bilibili.com/video/BV14ScUzTERS
60,2026-03-09,BV1kNNGzKEid,SHIT期刊是什么梗【梗指南】,02:05,635808,159,,116194602453043,1773028800,https://www.bilibili.com/video/BV1kNNGzKEid
61,2026-03-07,BV1JQNczNEWA,time will tell是什么梗【梗指南】,02:26,537456,345,,116188428372086,1772894947,https://www.bilibili.com/video/BV1JQNczNEWA
62,2026-03-06,BV1ArPszTEEq,没有人知道碰它的后果是什么是什么梗【梗指南】,01:37,270132,87,,116181449179879,1772788682,https://www.bilibili.com/video/BV1ArPszTEEq
63,2026-03-03,BV17ZAozDESq,我跟你很熟吗是什么梗【梗指南】,03:27,3360359,5495,,116164621503595,1772532038,https://www.bilibili.com/video/BV17ZAozDESq
64,2026-03-02,BV1aMPEzeEv1,选择庇护所是什么梗【梗指南】,01:48,718926,182,,116159974214399,1772460915,https://www.bilibili.com/video/BV1aMPEzeEv1
65,2026-02-27,BV1jDADzwEuj,摄影界天才是什么梗【梗指南】,02:00,251717,78,,116142878231745,1772199968,https://www.bilibili.com/video/BV1jDADzwEuj
66,2026-02-23,BV1BGfzB9ESV,让人笑话是什么梗【梗指南】,02:17,408770,175,,116120245830234,1771854510,https://www.bilibili.com/video/BV1BGfzB9ESV
67,2026-02-17,BV14jZ1BHEBM,机器人春晚是什么梗【梗指南】,02:17,1494887,1950,,116085617593473,1771326289,https://www.bilibili.com/video/BV14jZ1BHEBM
68,2026-02-15,BV1UrZxBYE5A,菲比拉电线是什么梗【梗指南】,01:49,407635,254,,116074125263280,1771150817,https://www.bilibili.com/video/BV1UrZxBYE5A
69,2026-02-11,BV1VGcszLEx8,我也要死吗是什么梗【梗指南】,02:21,1123225,424,,116050821713704,1770802500,https://www.bilibili.com/video/BV1VGcszLEx8
70,2026-02-08,BV1HacFzsEym,法尔孔战舞是什么梗【梗指南】,02:20,1557470,1081,,116034212200715,1770549000,https://www.bilibili.com/video/BV1HacFzsEym
71,2026-02-06,BV1tbFazXEg2,赛博老农是什么梗【梗指南】,01:37,559678,240,,116017535648910,1770350400,https://www.bilibili.com/video/BV1tbFazXEg2
72,2026-02-03,BV1FdFLzcEkS,360度转一圈是什么梗【梗指南】,03:17,744725,585,,116006278137529,1770115712,https://www.bilibili.com/video/BV1FdFLzcEkS
73,2026-01-31,BV1LZ6yBXEmR,老子才是老大是什么梗【梗指南】,01:51,1052053,818,,115989618360718,1769861435,https://www.bilibili.com/video/BV1LZ6yBXEmR
74,2026-01-28,BV11g6EBfEKW,颜色混合是什么梗【梗指南】,01:59,338318,251,,115972186834032,1769595336,https://www.bilibili.com/video/BV11g6EBfEKW
75,2026-01-22,BV1Y5zFBnE5A,眼神给出去是什么梗【梗指南】,01:44,833818,874,,115938548515188,1769082056,https://www.bilibili.com/video/BV1Y5zFBnE5A
76,2026-01-20,BV1ufkjBTE4Q,你已急哭是什么梗【梗指南】,01:33,1370234,377,,115927240867865,1768909437,https://www.bilibili.com/video/BV1ufkjBTE4Q
77,2026-01-13,BV1ZVrzBGE3P,这xx有力气是什么梗【梗指南】,01:56,777569,369,,115886606450825,1768296900,https://www.bilibili.com/video/BV1ZVrzBGE3P
78,2026-01-10,BV1ZZruBfEu4,失禁低音炮是什么梗【梗指南】,01:42,3196034,607,,115866490441559,1768017900,https://www.bilibili.com/video/BV1ZZruBfEu4
79,2026-01-07,BV1JeiCB2E7a,我的身材很曼妙是什么梗【梗指南】,01:46,1490684,343,,115853236572134,1767780371,https://www.bilibili.com/video/BV1JeiCB2E7a
80,2026-01-01,BV1PVi5BqE3g,2 0 2 5 热 梗 年 度 总 结【梗指南】,10:49,626934,951,,115817819669075,1767239896,https://www.bilibili.com/video/BV1PVi5BqE3g
81,2025-12-26,BV1V1BYBLE2W,萝卜纸巾，真棒小猫是什么梗【梗指南】,02:40,827985,627,,115785355821358,1766744560,https://www.bilibili.com/video/BV1V1BYBLE2W
82,2025-12-25,BV1EMBXBGErx,蕾塞舞是什么梗【梗指南】,02:20,1616449,302,,115779802564714,1766659760,https://www.bilibili.com/video/BV1EMBXBGErx
83,2025-12-24,BV1gzBLBxEvR,圣诞帽是什么梗【梗指南】,02:15,541912,394,,115773024503650,1766556384,https://www.bilibili.com/video/BV1gzBLBxEvR
84,2025-12-22,BV1qHBsBfEhe,卖引擎的tina是什么梗【梗指南】,01:51,545339,412,,115763209962798,1766406569,https://www.bilibili.com/video/BV1qHBsBfEhe
85,2025-12-20,BV1ZdqqBFE1i,新时代鸡蛋是什么梗【梗指南】,01:46,1449491,155,,115750157156736,1766223000,https://www.bilibili.com/video/BV1ZdqqBFE1i
86,2025-12-18,BV1NLqpBwEAV,爱你老己是什么梗【梗指南】,01:56,636096,282,,115740392816948,1766058325,https://www.bilibili.com/video/BV1NLqpBwEAV
87,2025-12-16,BV1zBmBBoEVU,xxx你被捕了是什么梗【梗指南】,02:09,745285,213,,115718968312410,1765857600,https://www.bilibili.com/video/BV1zBmBBoEVU
88,2025-12-14,BV13hmqBCEsr,小品天后大战AI是什么梗【梗指南】,02:35,442947,197,,115717559027151,1765710208,https://www.bilibili.com/video/BV13hmqBCEsr
89,2025-12-08,BV1gQ2rBQES5,最忙五人组是什么梗【梗指南】,01:41,1191103,312,,115681974551773,1765167165,https://www.bilibili.com/video/BV1gQ2rBQES5
90,2025-12-06,BV1bC2WBPEyZ,赛博案底是什么梗【梗指南】,01:29,994980,278,,115671757227165,1765011257,https://www.bilibili.com/video/BV1bC2WBPEyZ
91,2025-12-04,BV1sT2YBSE3c,那个L啊是什么梗【梗指南】,02:37,516424,167,,115659459528788,1764823444,https://www.bilibili.com/video/BV1sT2YBSE3c
92,2025-11-30,BV1NfSvBeEFW,兄弟我错了是什么梗【梗指南】,01:33,547122,263,,115638202861464,1764499188,https://www.bilibili.com/video/BV1NfSvBeEFW
93,2025-11-26,BV1JEU1BmEuN,xxx我的家乡是什么梗【梗指南】,02:40,440600,323,,115605722104080,1764129900,https://www.bilibili.com/video/BV1JEU1BmEuN
94,2025-11-23,BV1fCUAB8EFu,巨型吊牌是什么梗？鼠标垫吊牌都来了【梗指南】,01:48,721685,714,,115597736151438,1763889000,https://www.bilibili.com/video/BV1fCUAB8EFu
95,2025-11-18,BV1kPChBAEqd,没经济没建模小猫是什么梗【梗指南】,01:51,890699,333,,115560541062977,1763440500,https://www.bilibili.com/video/BV1kPChBAEqd
96,2025-11-15,BV1UiCyBUENr,黄蓝CP是什么梗【梗指南】,01:31,979096,327,,115553863863445,1763212895,https://www.bilibili.com/video/BV1UiCyBUENr
97,2025-11-14,BV1DbCgBxEX3,火影手游大的来了是什么梗【梗指南】,01:43,747716,254,,115547689847998,1763119048,https://www.bilibili.com/video/BV1DbCgBxEX3
98,2025-11-12,BV1bTCEBkEex,鲁皮子讨封是什么梗【梗指南】,01:43,755472,163,,115536163768640,1762942095,https://www.bilibili.com/video/BV1bTCEBkEex
99,2025-11-09,BV1AMkSBJEjQ,非洲十二少是什么梗【梗指南】,02:17,402447,302,,115517826270637,1762662539,https://www.bilibili.com/video/BV1AMkSBJEjQ
100,2025-11-06,BV1y82FBREGB,谁还有多余资金是什么梗【梗指南】,02:08,1786065,444,,115502307344410,1762425444,https://www.bilibili.com/video/BV1y82FBREGB
101,2025-11-05,BV1kU1sBdEDy,法国口音，我要验牌、给我擦皮鞋是什么梗【梗指南】,01:46,3681445,834,,115496435452978,1762335989,https://www.bilibili.com/video/BV1kU1sBdEDy
102,2025-11-01,BV14H15BeELS,苦命鸳鸯是什么梗【梗指南】,02:06,3577290,5436,,115472964062765,1761991200,https://www.bilibili.com/video/BV14H15BeELS
103,2025-10-29,BV1BEyrB4EVq,充乐宝是什么梗【梗指南】,01:51,577054,94,,115451388496993,1761737400,https://www.bilibili.com/video/BV1BEyrB4EVq
104,2025-10-28,BV1dCy6BnEUk,企鹅表情包是什么梗，高雅人士视察中！【梗指南】,01:33,1030455,281,,115451505934876,1761650242,https://www.bilibili.com/video/BV1dCy6BnEUk
105,2025-10-26,BV1XZxPzJECh,马喽音、也够音是什么梗【梗指南】,02:58,533787,280,,115440047097053,1761475614,https://www.bilibili.com/video/BV1XZxPzJECh
106,2025-10-23,BV1dJsVzVERK,CS2锻刀大赛是什么梗【梗指南】,01:34,1062265,464,,115423169216803,1761218019,https://www.bilibili.com/video/BV1dJsVzVERK
107,2025-10-17,BV1hhWEz7Enk,你是AI生成的吗是什么梗【梗指南】,02:16,1361661,200,,115388910142890,1760695445,https://www.bilibili.com/video/BV1hhWEz7Enk
108,2025-10-14,BV1To44zVEdS,从从容容游刃有余是什么梗【梗指南】,01:54,2252761,1464,,115372250369147,1760441033,https://www.bilibili.com/video/BV1To44zVEdS
109,2025-10-11,BV1hP4wzkEHt,颗秒邦邦邦邦是什么梗【梗指南】,02:49,1108193,249,,115354483363494,1760177100,https://www.bilibili.com/video/BV1hP4wzkEHt
110,2025-10-09,BV1Ccx6zNEWM,共享监狱是什么梗【梗指南】,02:00,579661,409,,115342269548869,1759983548,https://www.bilibili.com/video/BV1Ccx6zNEWM
111,2025-10-07,BV1NBxQzzEBc,勇敢的小羊是什么梗【梗指南】,01:52,652182,412,,115332689758476,1759837221,https://www.bilibili.com/video/BV1NBxQzzEBc
112,2025-10-03,BV1hrHGzbESL,鸡蛋免费抢是什么梗【梗指南】,02:08,972824,393,,115310157893404,1759493467,https://www.bilibili.com/video/BV1hrHGzbESL
113,2025-10-01,BV1BbHWzTEzx,班长李浩是什么梗【梗指南】,01:27,1395584,399,,115298850112954,1759321076,https://www.bilibili.com/video/BV1BbHWzTEzx
114,2025-09-29,BV1R9nqzYEc4,鸡排主理人是什么梗【梗指南】,02:24,652620,318,,115287307321683,1759144852,https://www.bilibili.com/video/BV1R9nqzYEc4
115,2025-09-26,BV13XJSzfErz,隔壁班嘉豪是什么梗【梗指南】,02:27,2149298,1629,,115257108332609,1758859800,https://www.bilibili.com/video/BV13XJSzfErz
116,2025-09-24,BV18RJSztEUi,日本打年糕是什么梗【梗指南】,02:06,647651,804,,115257091623166,1758687855,https://www.bilibili.com/video/BV18RJSztEUi
117,2025-09-21,BV1ZuWAzjEVD,硅基玩家是什么梗【梗指南】,02:11,484239,216,,115242428268648,1758460216,https://www.bilibili.com/video/BV1ZuWAzjEVD
118,2025-09-19,BV1vgWGzqEHx,雨姐大汗脚表情包的原型是谁？【梗指南】,02:02,1246377,640,,115230130570488,1758272608,https://www.bilibili.com/video/BV1vgWGzqEHx
119,2025-09-17,BV1ADpxz9ERT,囊囊囊是什么梗【梗指南】,01:55,727896,184,,115218352965150,1758099900,https://www.bilibili.com/video/BV1ADpxz9ERT
120,2025-09-14,BV19WpczNEy3,爱情酒吧是什么梗【梗指南】,02:02,375786,168,,115202263615658,1757847439,https://www.bilibili.com/video/BV19WpczNEy3
121,2025-09-09,BV1PvaCzcEm3,xx基础xx不基础是什么梗【梗指南】,02:26,502031,290,,115141781751956,1757408700,https://www.bilibili.com/video/BV1PvaCzcEm3
122,2025-09-08,BV1S4aRzNEAF,丝瓜汤是什么梗【梗指南】,02:53,1526877,927,,115166595253869,1757303191,https://www.bilibili.com/video/BV1S4aRzNEAF
123,2025-09-01,BV1Zuapz4E1i,DJ音效是什么梗【梗指南】,02:23,708733,247,,115129416944320,1756735782,https://www.bilibili.com/video/BV1Zuapz4E1i
124,2025-08-31,BV1pka3zKE76,古风小生是什么梗【梗指南】,02:46,530146,197,,115123125552866,1756642326,https://www.bilibili.com/video/BV1pka3zKE76
125,2025-08-30,BV1azhiznEci,幻梦都破碎是什么梗【梗指南】,02:18,1604447,2433,,115117555451970,1756554654,https://www.bilibili.com/video/BV1azhiznEci
126,2025-08-27,BV1vLe2ztEjK,老奶奶打方向盘是什么梗【梗指南】,02:08,3052466,1933,,115100459468845,1756293770,https://www.bilibili.com/video/BV1vLe2ztEjK
127,2025-08-26,BV18qvPzTESE,一半敖丙一半哪吒是什么梗【梗指南】,01:36,1329228,684,,115095241821573,1756214266,https://www.bilibili.com/video/BV18qvPzTESE
128,2025-08-24,BV1TWeJzMEy4,时 团 演 唱 会 段 子 大 赏【梗指南】,02:47,890680,2285,,115083078271359,1756028765,https://www.bilibili.com/video/BV1TWeJzMEy4
129,2025-08-21,BV1dFYRz2EKS,艾特海露是什么梗【梗指南】,02:10,1171914,406,,115066535939991,1755776840,https://www.bilibili.com/video/BV1dFYRz2EKS
130,2025-08-18,BV1fFYszNE16,九流门是什么梗【梗指南】,02:33,742070,416,,115049137964336,1755514935,https://www.bilibili.com/video/BV1fFYszNE16
131,2025-08-17,BV1L2Y1zsEur,Jet2 Holiday是什么梗【梗指南】,02:04,511539,222,,115044356524933,1755437791,https://www.bilibili.com/video/BV1L2Y1zsEur
132,2025-08-16,BV1dpYYzHEbN,八离世家是什么梗【梗指南】,01:53,766835,122,,115037461020998,1755338400,https://www.bilibili.com/video/BV1dpYYzHEbN
133,2025-08-14,BV1DibkzfEh5,印度3A大作是什么梗【梗指南】,02:37,2533992,2298,,115026908152237,1755171655,https://www.bilibili.com/video/BV1DibkzfEh5
134,2025-08-12,BV1uKb5z2EyG,校长办公室是什么梗【梗指南】,01:59,1060854,950,,115010600700653,1754971500,https://www.bilibili.com/video/BV1uKb5z2EyG
135,2025-08-09,BV1kLt4zNErp,被管家活活打断了双腿是什么梗【梗指南】,02:19,2935334,1623,,114997682309753,1754733900,https://www.bilibili.com/video/BV1kLt4zNErp
136,2025-08-08,BV1RWt1zrEy7,神人游戏是什么梗【梗指南】,01:44,859699,231,,114992280046312,1754647200,https://www.bilibili.com/video/BV1RWt1zrEy7
137,2025-07-31,BV1P182zPEU7,无限流战斗爽是什么梗【梗指南】,02:06,852453,216,,114947468101340,1753960099,https://www.bilibili.com/video/BV1P182zPEU7
138,2025-07-28,BV1bQ83zGEvt,赛博吟诗是什么梗【梗指南】,02:05,529270,605,,114926429474308,1753677000,https://www.bilibili.com/video/BV1bQ83zGEvt
139,2025-07-21,BV1nVgVz7E7M,演唱会偷情是什么梗【梗指南】,01:55,1406964,328,,114891046257937,1753098509,https://www.bilibili.com/video/BV1nVgVz7E7M
140,2025-07-19,BV1Y9u9zEErA,麦当劳之歌是什么梗【梗指南】,02:52,704407,513,,114879184831928,1752917508,https://www.bilibili.com/video/BV1Y9u9zEErA
141,2025-07-18,BV1rku2zkEU3,美美桑内是什么梗【梗指南】,02:18,1715029,1179,,114873228855922,1752826798,https://www.bilibili.com/video/BV1rku2zkEU3
142,2025-07-16,BV1GuubzGEVD,上海规则怪谈是什么梗【梗指南】,01:52,2065961,1588,,114863481293784,1752678043,https://www.bilibili.com/video/BV1GuubzGEVD
143,2025-07-14,BV1iiuPz2EWX,测谎仪是什么梗【梗指南】,02:38,548550,419,,114846787964822,1752466500,https://www.bilibili.com/video/BV1iiuPz2EWX
144,2025-07-10,BV188GGzeEG8,小妹妹还没睡呀是什么梗【梗指南】,01:55,665106,308,,114828333024698,1752141563,https://www.bilibili.com/video/BV188GGzeEG8
145,2025-07-08,BV1ZmGJzNEW9,你抚琵琶奏琴弦是什么梗【梗指南】,01:46,1279368,1465,,114817041959689,1751969471,https://www.bilibili.com/video/BV1ZmGJzNEW9
146,2025-07-05,BV1f937z8E69,别害怕男神来了是什么梗【梗指南】,02:25,1085771,443,,114793805710829,1751709600,https://www.bilibili.com/video/BV1f937z8E69
147,2025-06-28,BV1GLK2znEg7,谁敢想谁敢想是什么梗【梗指南】,02:20,1046538,657,,114760368524910,1751104487,https://www.bilibili.com/video/BV1GLK2znEg7
148,2025-06-23,BV1L5KxzhEkj,跟一群好朋友去内蒙是什么体验,14:41,559971,1324,,114728407995901,1750653000,https://www.bilibili.com/video/BV1L5KxzhEkj
149,2025-06-22,BV15JNdz1EiF,签证舞是什么梗【梗指南】,02:12,458008,196,,114710540257837,1750565100,https://www.bilibili.com/video/BV15JNdz1EiF
150,2025-06-20,BV12qNdzPEBk,调教AI主播是什么梗【梗指南】,02:09,3125099,2039,,114710691383908,1750392300,https://www.bilibili.com/video/BV12qNdzPEBk
151,2025-06-17,BV1c5NqzTEpc,出租屋有蟑螂，但粥批没几个是什么梗【梗指南】,04:06,2203183,2014,,114698796205570,1750164973,https://www.bilibili.com/video/BV1c5NqzTEpc
152,2025-06-13,BV1aqMAzPE9B,黄蓝大战是什么梗【梗指南】,02:47,535136,447,,114670761482962,1749746373,https://www.bilibili.com/video/BV1aqMAzPE9B
153,2025-06-11,BV1bhMJzGEqg,三角篓行动是什么梗【梗指南】,02:57,2336489,2140,,114664553843481,1749645042,https://www.bilibili.com/video/BV1bhMJzGEqg
154,2025-06-10,BV1eKM3z4EwM,东方莎士比亚是什么梗【梗指南】,02:53,770304,260,,114659067692459,1749560022,https://www.bilibili.com/video/BV1eKM3z4EwM
155,2025-06-07,BV1v9TCzDEbB,高考电子陪考人是什么梗【梗指南】,02:42,634740,392,,114642240211958,1749302098,https://www.bilibili.com/video/BV1v9TCzDEbB
156,2025-06-06,BV1cdTKzREwp,大孝子是什么梗【梗指南】,02:40,591522,412,,114635445439245,1749204000,https://www.bilibili.com/video/BV1cdTKzREwp
157,2025-06-04,BV1AtTjz9ENa,苏超联赛是什么梗【梗指南】,02:43,709049,1172,,114624892505318,1749037343,https://www.bilibili.com/video/BV1AtTjz9ENa
158,2025-06-01,BV13Z7zzZELT,那一天的忧郁忧郁起来是什么梗【梗指南】,03:01,2236258,5027,,114607662302690,1748774453,https://www.bilibili.com/video/BV13Z7zzZELT
159,2025-05-27,BV1UWjdzwEVR,痛核风是什么梗【梗指南】,02:52,564009,580,,114579577245336,1748345873,https://www.bilibili.com/video/BV1UWjdzwEVR
160,2025-05-21,BV1hoJ6zNEWx,妈祖点化牦牛精是什么梗【梗指南】,02:47,814906,832,,114545922150148,1747832195,https://www.bilibili.com/video/BV1hoJ6zNEWx
161,2025-05-20,BV18kJazkEv9,i人团队是什么梗【梗指南】,02:30,1103472,1086,,114540385669071,1747747981,https://www.bilibili.com/video/BV18kJazkEv9
162,2025-05-17,BV1PCJAzJEwJ,食界大战是什么梗【梗指南】,02:01,3423556,484,,114522517933972,1747476286,https://www.bilibili.com/video/BV1PCJAzJEwJ
163,2025-05-17,BV1bSEtztEJv,凋灵刷煤是什么梗【梗指南】,01:52,1181912,740,,114518659173923,1747416218,https://www.bilibili.com/video/BV1bSEtztEJv
164,2025-05-12,BV16GEJzQEwf,不认识我但听过我是什么梗【梗指南】,04:39,1479843,5123,,114494248520386,1747043841,https://www.bilibili.com/video/BV16GEJzQEwf
165,2025-05-10,BV1osVozzEjP,撞大运、来国道试试是什么梗【梗指南】,03:04,1445600,892,,114482655331755,1746866912,https://www.bilibili.com/video/BV1osVozzEjP
166,2025-05-06,BV13eVpziE7u,22号审讯室是什么梗【梗指南】,05:38,1666311,1306,,114461264447532,1746540515,https://www.bilibili.com/video/BV13eVpziE7u
167,2025-05-02,BV18jVGzTEyd,爷们要脸是什么梗【梗指南】,02:58,1440902,2639,,114438229198907,1746188961,https://www.bilibili.com/video/BV18jVGzTEyd
168,2025-05-01,BV1onGqz2ETF,资本你赢了是什么梗【梗指南】,02:30,1278822,1030,,114432239732161,1746097810,https://www.bilibili.com/video/BV1onGqz2ETF
169,2025-04-29,BV1p2G2zDE5p,西装打团是什么梗【梗指南】,03:02,573010,146,,114421753972265,1745938243,https://www.bilibili.com/video/BV1p2G2zDE5p
170,2025-04-24,BV1dALVzQECb,你最喜欢的歌手是谁是什么梗【梗指南】,02:32,1432987,1250,,114393719244483,1745509890,https://www.bilibili.com/video/BV1dALVzQECb
171,2025-04-21,BV1s752ztEEk,GO学长瓦学弟是什么梗【梗指南】,04:17,2418768,2322,,114376270940510,1745243761,https://www.bilibili.com/video/BV1s752ztEEk
172,2025-04-18,BV1g95jzHEbB,比起xx我更喜欢你是什么梗【梗指南】,02:39,1605184,2222,,114358134768694,1744966793,https://www.bilibili.com/video/BV1g95jzHEbB
173,2025-04-15,BV1N4dfYdEvJ,gogogo出发咯是什么梗【梗指南】,02:43,2280257,670,,114342481758576,1744728085,https://www.bilibili.com/video/BV1N4dfYdEvJ
174,2025-04-10,BV17FdVY2Ejn,speed有哪些名场面【梗指南】,06:51,2270715,2005,,114313675211803,1744289111,https://www.bilibili.com/video/BV17FdVY2Ejn
175,2025-04-02,BV1XzfNYZE61,四川芬达、没座是什么梗【梗指南】,03:43,3746478,3893,,114268443905653,1743598638,https://www.bilibili.com/video/BV1XzfNYZE61
176,2025-03-31,BV1o9ZnYzEFz,网络弄潮儿冲浪指南！【梗指南】,04:01,1066857,545,,114255978299465,1743424200,https://www.bilibili.com/video/BV1o9ZnYzEFz
177,2025-03-30,BV1FfZBYcEii,妩媚大主播是什么梗【梗指南】,01:51,1733633,485,,114251213637170,1743335433,https://www.bilibili.com/video/BV1FfZBYcEii
178,2025-03-26,BV1ETovYLEFb,我们赢你们输是什么梗【梗指南】,03:34,1031516,552,,114227121620407,1742979600,https://www.bilibili.com/video/BV1ETovYLEFb
179,2025-03-18,BV1UfXLYAE5C,滔博陀螺是什么梗【梗指南】,03:22,1087946,483,,114183198737857,1742297667,https://www.bilibili.com/video/BV1UfXLYAE5C
180,2025-03-17,BV1gBXTY1EB8,回答我是什么梗【梗指南】,02:55,2613203,925,,114177729432300,1742214326,https://www.bilibili.com/video/BV1gBXTY1EB8
181,2025-03-14,BV1tkQgY1EVm,功能饮料享受者是什么梗【梗指南】,01:31,1231960,742,,114160029402055,1741944058,https://www.bilibili.com/video/BV1tkQgY1EVm
182,2025-03-07,BV1gf92YtEYG,屎尿屁文学是什么梗【梗指南】,01:51,582487,396,,114121206924615,1741351695,https://www.bilibili.com/video/BV1gf92YtEYG
183,2025-03-04,BV1cw9zYWE4N,烧冬瓜是什么梗【梗指南】,03:43,822259,265,,114098440245086,1741057309,https://www.bilibili.com/video/BV1cw9zYWE4N
184,2025-03-02,BV1ux9tYMEsP,馕言文是什么梗【梗指南】,01:54,1886057,720,,114092517887667,1740913973,https://www.bilibili.com/video/BV1ux9tYMEsP
185,2025-02-27,BV1Sj9cYbEtK,鹿童真男人是什么梗【梗指南】,01:36,1925431,44961,,114075388348991,1740652452,https://www.bilibili.com/video/BV1Sj9cYbEtK
186,2025-02-24,BV1G5PWexEXu,灵感菇是什么梗【梗指南】,02:16,2949555,774,,114058174924852,1740389758,https://www.bilibili.com/video/BV1G5PWexEXu
187,2025-02-20,BV14ZApeVEco,王心凌画质是什么梗【梗指南】,02:00,2441100,779,,114036029000826,1740052000,https://www.bilibili.com/video/BV14ZApeVEco
188,2025-02-19,BV1QiAzeaES7,又幻想了是什么梗【梗指南】,02:23,1323803,937,,114030056311258,1739960868,https://www.bilibili.com/video/BV1QiAzeaES7
189,2025-02-15,BV1p5ANeSELW,我老爸得了MVP是什么梗【梗指南】,02:07,2607048,1168,,114007189029518,1739611955,https://www.bilibili.com/video/BV1p5ANeSELW
190,2025-02-13,BV1nqKsejEeB,来财来财是什么梗【梗指南】,02:51,1347283,1408,,113996166335732,1739443774,https://www.bilibili.com/video/BV1nqKsejEeB
191,2025-02-11,BV1VYN6e3EUL,寂寞的人听伤心的歌是什么梗【梗指南】,02:46,1744338,2598,,113985579909818,1739282237,https://www.bilibili.com/video/BV1VYN6e3EUL
192,2025-02-07,BV137N8erEGn,春节档电影有些什么梗呢？【梗指南】,02:45,638420,734,,113962242804307,1738926161,https://www.bilibili.com/video/BV137N8erEGn
193,2025-01-31,BV1RsFDeZEzo,提灯定损是什么梗【梗指南】,03:09,1444790,552,,113922413694844,1738320660,https://www.bilibili.com/video/BV1RsFDeZEzo
194,2025-01-30,BV1DVFLeJEFW,拼好晚是什么梗【梗指南】,01:37,1582486,1045,,113917279929208,1738242519,https://www.bilibili.com/video/BV1DVFLeJEFW
195,2025-01-29,BV17pFTe3EJc,春晚机器人有什么梗【梗指南】,02:39,1832253,2323,,113911424617072,1738150593,https://www.bilibili.com/video/BV17pFTe3EJc
196,2025-01-23,BV1JEfGYxEfd,举报一手是什么梗【梗指南】,03:04,2674581,2379,,113877803140431,1737637642,https://www.bilibili.com/video/BV1JEfGYxEfd
197,2025-01-22,BV17gwmebE6t,A I 梗 合 集【梗指南】,02:46,566558,219,,113859482357710,1737518400,https://www.bilibili.com/video/BV17gwmebE6t
198,2025-01-20,BV1nmwmePEya,红温是什么梗【梗指南】,02:43,1061088,636,,113858811330870,1737376200,https://www.bilibili.com/video/BV1nmwmePEya
199,2025-01-19,BV1ipw6eTEea,屠尼双擎是什么梗【梗指南】,01:50,774119,1369,,113855019614854,1737290067,https://www.bilibili.com/video/BV1ipw6eTEea
200,2025-01-18,BV11wwKeXEA3,潘宏训猪是什么梗【梗指南】,04:26,789268,318,,113849248252186,1737203109,https://www.bilibili.com/video/BV11wwKeXEA3
201,2025-01-15,BV1R4ceejEV1,赛博难民是什么梗【梗指南】,03:01,380356,510,,113830407504585,1736914598,https://www.bilibili.com/video/BV1R4ceejEV1
202,2025-01-09,BV18tr6Y3E6i,有的兄弟有的是什么梗【梗指南】,01:40,1622803,950,,113798211961102,1736423111,https://www.bilibili.com/video/BV18tr6Y3E6i
203,2025-01-06,BV1PhrVYsEC6,人名歌词填空是什么【梗指南】,02:08,1014202,454,,113781082423840,1736161700,https://www.bilibili.com/video/BV1PhrVYsEC6
204,2025-01-02,BV1es6BYrECb,独攀是什么梗【梗指南】,01:26,546368,271,,113758164749375,1735811981,https://www.bilibili.com/video/BV1es6BYrECb
205,2024-12-30,BV17363YiEwC,我的要求不算高是什么梗【梗指南】,01:57,1098775,361,,113740951325201,1735549326,https://www.bilibili.com/video/BV17363YiEwC
206,2024-12-28,BV1jLCaYNE7G,考研之路是什么梗【梗指南】,01:32,479722,151,,113729811255141,1735381932,https://www.bilibili.com/video/BV1jLCaYNE7G
207,2024-12-27,BV1PFCnY2E89,江南style是什么梗【梗指南】,01:52,1462472,1147,,113724039954821,1735291314,https://www.bilibili.com/video/BV1PFCnY2E89
208,2024-12-26,BV1MHCqYiEhB,2 0 2 4 热 梗 年 度 总 结【梗指南】,04:36,2380941,899,,113717597504514,1735204200,https://www.bilibili.com/video/BV1MHCqYiEhB
209,2024-12-24,BV1AqkdY5E12,驯化大数据是什么梗【梗指南】,01:39,447970,1949,,113707178788058,1735034150,https://www.bilibili.com/video/BV1AqkdY5E12
210,2024-12-23,BV1oJCVYUEBu,2 0 2 4 十 大 学 问（下）【梗指南】,08:03,485963,229,,113700837002900,1734944700,https://www.bilibili.com/video/BV1oJCVYUEBu
211,2024-12-22,BV1g2kiYiEk8,2 0 2 4 十 大 学 问（中）【梗指南】,06:50,492863,395,,113695921278956,1734869700,https://www.bilibili.com/video/BV1g2kiYiEk8
212,2024-12-21,BV1zek4YXE38,2 0 2 4 十 大 学 问（上）【梗指南】,07:08,689837,477,,113689344607136,1734784200,https://www.bilibili.com/video/BV1zek4YXE38
213,2024-12-20,BV1AHkmYpEf7,被村里人包围了是什么梗【梗指南】,01:34,1394629,332,,113685016086524,1734696864,https://www.bilibili.com/video/BV1AHkmYpEf7
214,2024-12-16,BV1YHqfYWEkq,阿诺文学是什么梗【梗指南】,02:58,790582,621,,113657686065581,1734339600,https://www.bilibili.com/video/BV1YHqfYWEkq
215,2024-12-14,BV1Y3BLYNEbH,TGA公式是什么梗【梗指南】,01:52,1118291,1189,,113649179953118,1734149263,https://www.bilibili.com/video/BV1Y3BLYNEbH
216,2024-12-13,BV1ePqzYPEJ1,猴奈我何是什么梗【梗指南】,02:17,2035519,2271,,113644515886949,1734077916,https://www.bilibili.com/video/BV1ePqzYPEJ1
217,2024-12-10,BV1Gtq6YqE93,咽食症是什么梗【梗指南】,02:56,638388,353,,113628627929832,1733835565,https://www.bilibili.com/video/BV1Gtq6YqE93
218,2024-12-07,BV1Pnq5YjEwG,拼尽全力也无法战胜是什么梗【梗指南】,02:20,4141860,1612,,113610693018187,1733561743,https://www.bilibili.com/video/BV1Pnq5YjEwG
219,2024-12-04,BV1FziUYMEon,那很好了是什么梗【梗指南】,02:05,3519325,1874,,113594486230929,1733314711,https://www.bilibili.com/video/BV1FziUYMEon
220,2024-12-02,BV1Hd6KYcE8x,头顶尖尖的是什么梗【梗指南】,02:51,6802376,7792,,113582960279932,1733138728,https://www.bilibili.com/video/BV1Hd6KYcE8x
221,2024-12-01,BV14szdYkEsD,Queen Never Cry是什么梗【梗指南】,01:38,1359946,331,,113576769685674,1733044174,https://www.bilibili.com/video/BV14szdYkEsD
222,2024-11-30,BV1aMzJY2EFz,她拍的是什么梗【梗指南】,02:26,2169925,1113,,113570125713329,1732946400,https://www.bilibili.com/video/BV1aMzJY2EFz
223,2024-11-29,BV1S3z6YNEUW,自己吓自己是什么梗【梗指南】,03:25,4873444,4776,,113565562307086,1732873133,https://www.bilibili.com/video/BV1S3z6YNEUW
224,2024-11-26,BV1CezGY1Es7,太好了是xx是什么梗【梗指南】,01:30,1435766,400,,113548600541826,1732614411,https://www.bilibili.com/video/BV1CezGY1Es7
225,2024-11-23,BV1S8ByYyEqW,麦学是什么梗【梗指南】,08:16,1138197,7702,,113532074984828,1732362393,https://www.bilibili.com/video/BV1S8ByYyEqW
226,2024-11-22,BV1zBBiYTEN9,业主群闹事头像是什么梗【梗指南】,02:03,1112452,1154,,113526236512749,1732273187,https://www.bilibili.com/video/BV1zBBiYTEN9
227,2024-11-20,BV15sSTYCEtG,坏猫之歌是什么梗【梗指南】,02:08,954236,422,,113514693790537,1732096962,https://www.bilibili.com/video/BV15sSTYCEtG
228,2024-11-19,BV1zHSFYaEqW,米饭仙人是什么梗【梗指南】,02:43,2031668,1723,,113508586883684,1732011000,https://www.bilibili.com/video/BV1zHSFYaEqW
229,2024-11-15,BV1AkmoYtEhx,清华健身房是什么梗【梗指南】,01:43,1420557,1340,,113486323515938,1731664064,https://www.bilibili.com/video/BV1AkmoYtEhx
230,2024-11-13,BV1MSUTYYEan,熏鸡事变是什么梗【梗指南】,04:35,2532326,5779,,113475384773505,1731497525,https://www.bilibili.com/video/BV1MSUTYYEan
231,2024-11-11,BV1aMmUYUEpb,无孩爱猫女是什么梗【梗指南】,02:16,1804536,4794,,113464093769975,1731324964,https://www.bilibili.com/video/BV1aMmUYUEpb
232,2024-11-09,BV1FCDrYpE9a,如何分辨狼和狗是什么梗【梗指南】,03:02,1940633,817,,113452886526444,1731154121,https://www.bilibili.com/video/BV1FCDrYpE9a
233,2024-11-06,BV1p1D3YzEHw,UZI捧杯是什么梗【梗指南】,02:17,799002,701,,113435320845431,1730885883,https://www.bilibili.com/video/BV1p1D3YzEHw
234,2024-11-04,BV1RxDsYfENW,八个瑞士卷是什么梗【梗指南】,02:27,1859749,3330,,113424851796670,1730726443,https://www.bilibili.com/video/BV1RxDsYfENW
235,2024-11-02,BV1UoDcYnEGm,借你号玩玩是什么梗【梗指南】,02:14,1671547,726,,113411698459433,1730539800,https://www.bilibili.com/video/BV1UoDcYnEGm
236,2024-10-31,BV14JS7YoEME,变异酒馆是什么梗【梗指南】,01:59,708821,221,,113401078482729,1730363490,https://www.bilibili.com/video/BV14JS7YoEME
237,2024-10-27,BV1Kh1MY9Ewb,邪恶栀子花是什么梗【梗指南】,02:50,978522,383,,113378680898995,1730021826,https://www.bilibili.com/video/BV1Kh1MY9Ewb
238,2024-10-24,BV1FZykYgE6J,珂学是什么梗【梗指南】,03:39,828762,2199,,113362591548290,1729776170,https://www.bilibili.com/video/BV1FZykYgE6J
239,2024-10-22,BV1eayHYqEtx,对宁谈墙是什么梗【梗指南】,03:47,1977222,4920,,113350226871184,1729588008,https://www.bilibili.com/video/BV1eayHYqEtx
240,2024-10-19,BV1QyC9Y9EQj,赛博阎王是什么梗【梗指南】,01:48,595609,205,,113333181089767,1729327443,https://www.bilibili.com/video/BV1QyC9Y9EQj
241,2024-10-18,BV19MC2YKECA,乙游大世界是什么梗【梗指南】,02:08,620369,875,,113327778890556,1729244823,https://www.bilibili.com/video/BV19MC2YKECA
242,2024-10-17,BV1aryAYmE26,我是毒液是什么梗【梗指南】,02:12,3465612,1057,,113320933721054,1729140727,https://www.bilibili.com/video/BV1aryAYmE26
243,2024-10-12,BV1Sa28YxEFS,大学生防沉迷是什么梗【梗指南】,02:31,1192127,618,,113294341833971,1728734786,https://www.bilibili.com/video/BV1Sa28YxEFS
244,2024-10-08,BV11f27YJEWu,何炅异食癖是什么梗【梗指南】,02:16,2132600,1880,,113269981382412,1728362828,https://www.bilibili.com/video/BV11f27YJEWu
245,2024-10-06,BV1To1oYcE7X,感谢碧昂斯是什么梗【梗指南】,04:05,1642456,2638,,113255217369050,1728187500,https://www.bilibili.com/video/BV1To1oYcE7X
246,2024-10-05,BV1qB1mYHEmF,认祖归洲是什么梗【梗指南】,02:36,716630,252,,113250318421775,1728100800,https://www.bilibili.com/video/BV1qB1mYHEmF
247,2024-10-03,BV1MSxQeQEDp,六星街里还传来巴扬琴声吗是什么梗？【梗指南】,02:55,2303782,3809,,113242567412219,1727952000,https://www.bilibili.com/video/BV1MSxQeQEDp
248,2024-10-02,BV1MC4geBEDB,电子切糕是什么梗【梗指南】,02:22,1557227,914,,113237534180572,1727867952,https://www.bilibili.com/video/BV1MC4geBEDB
249,2024-10-01,BV16ixvexEXh,国 庆 节 段 子 大 赏【梗指南】,02:58,319299,273,,113231746041755,1727779571,https://www.bilibili.com/video/BV16ixvexEXh
250,2024-09-29,BV1ngxCejErs,小作坊下猛料是什么梗【梗指南】,02:17,1786617,476,,113220606035651,1727609830,https://www.bilibili.com/video/BV1ngxCejErs
251,2024-09-27,BV1AysZe4EDv,姜老师是什么梗【梗指南】,02:23,867863,473,,113208241358131,1727428500,https://www.bilibili.com/video/BV1AysZe4EDv
252,2024-09-24,BV1YHsYeNEgw,柯南摇是什么梗【梗指南】,02:11,1362186,953,,113191833181829,1727170546,https://www.bilibili.com/video/BV1YHsYeNEgw
253,2024-09-22,BV1s3tDe1EEt,xx要保护的三样东西是什么梗【梗指南】,02:28,1236814,1340,,113180592310820,1727002200,https://www.bilibili.com/video/BV1s3tDe1EEt
254,2024-09-21,BV1sQtzeUE8V,马超~马超是什么梗【梗指南】,02:42,3085120,2366,,113174485404588,1726913100,https://www.bilibili.com/video/BV1sQtzeUE8V
255,2024-09-20,BV1E1bceAEJt,白日梦哥布林是什么梗【梗指南】,02:05,1072362,375,,113169368351634,1726832891,https://www.bilibili.com/video/BV1E1bceAEJt
256,2024-09-19,BV18QtpeyEuM,沙威玛，哦沙威玛是什么梗【梗指南】,02:49,4448058,3017,,113163311844645,1726742400,https://www.bilibili.com/video/BV18QtpeyEuM
257,2024-09-13,BV1a2tFeSEux,小语K是什么梗【梗指南】,01:48,732368,306,,113130562784980,1726235676,https://www.bilibili.com/video/BV1a2tFeSEux
258,2024-09-10,BV1av4hevE1N,沪爷冲击是什么梗【梗指南】,02:17,2030490,1726,,113112560894546,1725960974,https://www.bilibili.com/video/BV1av4hevE1N
259,2024-09-08,BV1PtpqefEWT,国 足 段 子 大 赏【梗指南】,02:09,653968,946,,113102259487038,1725803626,https://www.bilibili.com/video/BV1PtpqefEWT
260,2024-09-07,BV1tjHQezECZ,B站大学的老师们都有哪些梗？【梗指南】,02:47,1293692,373,,113090465105059,1725710400,https://www.bilibili.com/video/BV1tjHQezECZ
261,2024-09-06,BV1WxHQeYEmU,何晨光的小道具是什么梗【梗指南】,03:00,1735183,965,,113090431549884,1725623483,https://www.bilibili.com/video/BV1WxHQeYEmU
262,2024-09-01,BV1a4421f7PV,江西进刑曲是什么梗【梗指南】,02:08,1869968,7021,,1756586402,1725182690,https://www.bilibili.com/video/BV1a4421f7PV
263,2024-08-31,BV1VS421Q73u,哈圈大战乙游是什么梗【梗指南】,04:07,1178740,5662,,1506543120,1725077014,https://www.bilibili.com/video/BV1VS421Q73u
264,2024-08-28,BV1ab42177ki,勇敢去做是什么梗【梗指南】,01:50,3568411,1211,,1806513418,1724842506,https://www.bilibili.com/video/BV1ab42177ki
265,2024-08-25,BV1Nb421E73D,广智铠甲是什么梗【梗指南】,01:42,2380941,1179,,1806654280,1724582559,https://www.bilibili.com/video/BV1Nb421E73D
266,2024-08-23,BV1ix4y1s7L8,新 生 群 段 子 大 赏【梗指南】,03:36,922599,836,,1006518724,1724407200,https://www.bilibili.com/video/BV1ix4y1s7L8
267,2024-08-22,BV1bS421X7jk,国潮包装是什么梗【梗指南】,02:00,2857165,3054,,1506297738,1724300400,https://www.bilibili.com/video/BV1bS421X7jk
268,2024-08-20,BV1Cw4m1r7ai,boss带条狗是什么梗【梗指南】,02:38,2006847,2877,,1106276202,1724113800,https://www.bilibili.com/video/BV1Cw4m1r7ai
269,2024-08-18,BV1t142187d2,海露插线板是什么梗【梗指南】,02:50,1928241,509,,1556324294,1723953600,https://www.bilibili.com/video/BV1t142187d2
270,2024-08-17,BV1vH4y1c76G,火男颠勺是什么梗【梗指南】,01:58,804464,256,,1056349017,1723863600,https://www.bilibili.com/video/BV1vH4y1c76G
271,2024-08-15,BV1qS421X747,黑神话往生咒是什么梗【梗指南】,02:35,1115009,501,,1506294342,1723734828,https://www.bilibili.com/video/BV1qS421X747
272,2024-08-12,BV1NE421w7op,族谱歌单是什么梗【梗指南】,01:50,2922205,1224,,1656287371,1723453359,https://www.bilibili.com/video/BV1NE421w7op
273,2024-08-10,BV1qM4m1177R,七 夕 节 段 子 大 赏【梗指南】,02:41,663699,1434,,1306494052,1723281600,https://www.bilibili.com/video/BV1qM4m1177R
274,2024-08-08,BV13y411q78s,彩六国服是什么梗【梗指南】,03:24,802591,747,,1956356957,1723118066,https://www.bilibili.com/video/BV13y411q78s
275,2024-08-05,BV1ST421k7xw,是青岛不是冰岛是什么梗【梗指南】,02:49,2329941,7866,,1706285631,1722870181,https://www.bilibili.com/video/BV1ST421k7xw
276,2024-08-03,BV1Zx4y1x7K2,马达马达是什么梗【梗指南】,02:32,2273960,1703,,1006261658,1722675516,https://www.bilibili.com/video/BV1Zx4y1x7K2
277,2024-08-02,BV1Sr421M7V7,宿敌就是宿敌是什么梗【梗指南】,02:22,1257910,2184,,1406396664,1722571500,https://www.bilibili.com/video/BV1Sr421M7V7
278,2024-07-31,BV1Vb42177ed,还我妈生鼻是什么梗【梗指南】,02:20,1864358,1904,,1806485335,1722420600,https://www.bilibili.com/video/BV1Vb42177ed
279,2024-07-28,BV1Kb42177Yw,奥 运 会 整 活 大 赏【梗指南】,04:10,1394248,8432,,1806459897,1722169588,https://www.bilibili.com/video/BV1Kb42177Yw
280,2024-07-27,BV1GW42197eX,活全家片头是什么梗【梗指南】,02:00,4203965,2328,,1856314454,1722085430,https://www.bilibili.com/video/BV1GW42197eX
281,2024-07-25,BV1MW421975N,岳山后人是什么梗【梗指南】,02:46,1435225,984,,1856330586,1721906072,https://www.bilibili.com/video/BV1MW421975N
282,2024-07-24,BV1Z1421475U,演的什么玩意这是是什么梗【梗指南】,02:18,2267542,1419,,1556354160,1721828428,https://www.bilibili.com/video/BV1Z1421475U
283,2024-07-23,BV1cf421B7Hi,精致女孩坐高铁是什么梗【梗指南】,02:47,2604913,3163,,1206345178,1721732110,https://www.bilibili.com/video/BV1cf421B7Hi
284,2024-07-21,BV1f4421Z73Q,cheki cheki是什么梗【梗指南】,02:39,1052226,570,,1756481135,1721556000,https://www.bilibili.com/video/BV1f4421Z73Q
285,2024-07-20,BV1tE4m1d7Ng,二次元广场舞是什么梗【梗指南】,02:15,1041703,850,,1256430355,1721466000,https://www.bilibili.com/video/BV1tE4m1d7Ng
286,2024-07-20,BV1wE421w7FN,国服第一打野是什么梗【梗指南】,04:04,1696526,3919,,1656276102,1721408685,https://www.bilibili.com/video/BV1wE421w7FN
287,2024-07-18,BV1FZ421K73R,出来XX是什么梗？古惑仔大变装【梗指南】,01:57,1489262,2354,,1156465944,1721295190,https://www.bilibili.com/video/BV1FZ421K73R
288,2024-07-16,BV1yJ4m1T7SN,电子奸臣是什么梗【梗指南】,02:27,2974749,2786,,1256013730,1721120616,https://www.bilibili.com/video/BV1yJ4m1T7SN
289,2024-07-15,BV1Ry411q7ko,没事哒是什么梗【梗指南】,02:13,1885776,1167,,1956009630,1721037449,https://www.bilibili.com/video/BV1Ry411q7ko
290,2024-07-14,BV19z421z7zW,特朗普被枪击！？梗图火速来袭！【梗指南】,02:22,2025413,3784,,1356044328,1720958371,https://www.bilibili.com/video/BV19z421z7zW
291,2024-07-12,BV1zi421Y7fN,乐意效劳是什么梗【梗指南】,02:28,1922208,1414,,1456173516,1720785300,https://www.bilibili.com/video/BV1zi421Y7fN
292,2024-07-11,BV1jy411B7aK,北伐是什么梗【梗指南】,02:40,2129255,752,,1956079391,1720692180,https://www.bilibili.com/video/BV1jy411B7aK
293,2024-07-10,BV1ST421r7nw,火车头撞击是什么梗【梗指南】,02:01,4372412,1411,,1706088257,1720614063,https://www.bilibili.com/video/BV1ST421r7nw
294,2024-07-08,BV1PZ421u7qw,赛博寸止是什么梗【梗指南】,02:05,1244390,463,,1156021913,1720435200,https://www.bilibili.com/video/BV1PZ421u7qw
295,2024-07-06,BV1Ni421Y7Hs,河南物语是什么梗【梗指南】,02:21,2187070,1621,,1456066437,1720273820,https://www.bilibili.com/video/BV1Ni421Y7Hs
296,2024-07-03,BV1E4421D7Cb,AI 篡改记忆是什么梗【梗指南】,02:19,2067110,1169,,1756034763,1720007135,https://www.bilibili.com/video/BV1E4421D7Cb
297,2024-06-29,BV1FH4y1w7hJ,哈圈春晚是什么梗【梗指南】,03:04,1020483,1711,,1055939588,1719651444,https://www.bilibili.com/video/BV1FH4y1w7hJ
298,2024-06-28,BV1Mn4y1X7wY,BW&BML观前指南【梗指南】,02:36,816271,608,,1055777943,1719550607,https://www.bilibili.com/video/BV1Mn4y1X7wY
299,2024-06-27,BV11i421e75V,脚臭柠檬茶是什么梗【梗指南】,02:05,2213474,2207,,1455829178,1719503743,https://www.bilibili.com/video/BV11i421e75V
300,2024-06-26,BV1V6421Z7Xn,一起做大做强是什么梗【梗指南】,03:20,1134501,427,,1405900701,1719396000,https://www.bilibili.com/video/BV1V6421Z7Xn
301,2024-06-25,BV1bn4y1X7aL,赛博讨口子是什么梗【梗指南】,01:52,1024433,483,,1055848774,1719328786,https://www.bilibili.com/video/BV1bn4y1X7aL
302,2024-06-22,BV1zS421d7ZM,山东车牌之歌是什么梗【梗指南】,02:27,1194000,1297,,1505872635,1719070489,https://www.bilibili.com/video/BV1zS421d7ZM
303,2024-06-21,BV1Bb421H7ZY,劝人学法，千刀万剐？【专业梗指南】,12:04,726067,542,,1805777015,1718964000,https://www.bilibili.com/video/BV1Bb421H7ZY
304,2024-06-20,BV1EJ4m1T7z8,已老实求放过是什么梗【梗指南】,02:37,2536982,631,,1255957522,1718877600,https://www.bilibili.com/video/BV1EJ4m1T7z8
305,2024-06-19,BV1o1421r7gV,劝人学医，天打雷劈？【专业梗指南】,09:56,781780,1475,,1555936374,1718791200,https://www.bilibili.com/video/BV1o1421r7gV
306,2024-06-18,BV1Vn4y1X72g,学英语的唯一出路就只有炒饭吗？【专业梗指南】,04:26,1379120,963,,1055768435,1718701200,https://www.bilibili.com/video/BV1Vn4y1X72g
307,2024-06-17,BV1CS421d72m,赛博孟德尔是什么梗【梗指南】,02:52,1035743,574,,1505883267,1718626526,https://www.bilibili.com/video/BV1CS421d72m
308,2024-06-16,BV1JS411A7kb,鸡爪流是什么梗【梗指南】,03:26,4559546,3500,,1905865041,1718530800,https://www.bilibili.com/video/BV1JS411A7kb
309,2024-06-15,BV1kw4m1v7Fr,收徒是什么梗【梗指南】,02:29,2258454,1765,,1105624647,1718446185,https://www.bilibili.com/video/BV1kw4m1v7Fr
310,2024-06-14,BV1t7421d7J1,震惊！学新闻后他居然变成这样……【专业梗指南】,14:47,834043,1040,,1655682237,1718359200,https://www.bilibili.com/video/BV1t7421d7J1
311,2024-06-13,BV12Z421u7Dd,涂山，我罩的，懂是什么梗【梗指南】,02:33,1277545,2319,,1155603703,1718274322,https://www.bilibili.com/video/BV12Z421u7Dd
312,2024-06-12,BV16y411B7Yn,山口山加速器是什么梗【梗指南】,02:48,674914,186,,1955600019,1718186400,https://www.bilibili.com/video/BV16y411B7Yn
313,2024-06-08,BV17M4m1S7Qq,爆改棺材房是什么梗【梗指南】,05:04,2012446,1980,,1305670599,1717840800,https://www.bilibili.com/video/BV17M4m1S7Qq
314,2024-06-07,BV1K4421X7Nq,高 考 段 子 大 赏【梗指南】,03:07,1197811,1276,,1755333773,1717693541,https://www.bilibili.com/video/BV1K4421X7Nq
315,2024-06-05,BV1cx4y1H72o,女高街景三人组是什么梗【梗指南】,01:40,1087586,839,,1005267486,1717595234,https://www.bilibili.com/video/BV1cx4y1H72o
316,2024-06-03,BV1DM4m1z7tB,鸣潮公式是什么梗【梗指南】,02:11,5340496,6059,,1305400332,1717409700,https://www.bilibili.com/video/BV1DM4m1z7tB
317,2024-06-01,BV1Vz421h7Jk,儿 童 节 段 子 大 赏【梗指南】,02:20,871182,1154,,1355395616,1717227143,https://www.bilibili.com/video/BV1Vz421h7Jk
318,2024-05-29,BV1s142127mG,新世纪咒术战士是什么梗【梗指南】,03:11,2044167,1458,,1555234971,1716982756,https://www.bilibili.com/video/BV1s142127mG
319,2024-05-27,BV1bn4y1o7M1,谁给我报的名是什么梗【梗指南】,02:53,1172900,510,,1055053311,1716804000,https://www.bilibili.com/video/BV1bn4y1o7M1
320,2024-05-25,BV1Bi421m7RW,Doge是什么梗【梗指南】,01:38,2076027,4656,,1455198614,1716627229,https://www.bilibili.com/video/BV1Bi421m7RW
321,2024-05-24,BV1Xy411h7cK,F1 meme是什么梗【梗指南】,03:16,2130961,1564,,1954829591,1716550553,https://www.bilibili.com/video/BV1Xy411h7cK
322,2024-05-21,BV151421i75K,hero死了是什么梗【梗指南】,02:52,3932462,5332,,1554821337,1716295197,https://www.bilibili.com/video/BV151421i75K
323,2024-05-20,BV1wZ421x7Q1,5 2 0 段 子 大 赏【梗指南】,02:19,649219,1210,,1154937099,1716203907,https://www.bilibili.com/video/BV1wZ421x7Q1
324,2024-05-19,BV13t421T7em,演唱会尖叫梗图原版是谁？【梗指南】,01:39,848089,575,,1754903111,1716115386,https://www.bilibili.com/video/BV13t421T7em
325,2024-05-16,BV1Hi421D7kn,火影忍者手游NSDD是什么梗,01:37,2132642,47100,,1454684689,1715852241,https://www.bilibili.com/video/BV1Hi421D7kn
326,2024-05-14,BV17Z421478N,电竞春晚是什么梗【梗指南】,04:06,1187136,860,,1154626800,1715690974,https://www.bilibili.com/video/BV17Z421478N
327,2024-05-13,BV1bb421B7JG,歌手请战是什么梗【梗指南】,02:07,1010852,1029,,1804637353,1715592089,https://www.bilibili.com/video/BV1bb421B7JG
328,2024-05-11,BV1zx4y1i7i4,格莱美大战优乐美是什么梗【梗指南】,02:13,2191257,2699,,1004450835,1715427571,https://www.bilibili.com/video/BV1zx4y1i7i4
329,2024-05-09,BV1as421N7PJ,亚比囧囧囧是什么梗【梗指南】,01:33,1449380,1543,,1854361572,1715262832,https://www.bilibili.com/video/BV1as421N7PJ
330,2024-05-08,BV1eT421Q7c5,复制人是什么梗【梗指南】,02:21,1771542,1138,,1704319767,1715176455,https://www.bilibili.com/video/BV1eT421Q7c5
331,2024-05-07,BV1gM4m1Z7Qe,犀利脸表情包原版是谁？【梗指南】,02:09,653273,500,,1304066182,1715074395,https://www.bilibili.com/video/BV1gM4m1Z7Qe
332,2024-05-05,BV1RE421G7oV,男人中的男人是什么梗【梗指南】,02:52,2471953,4283,,1654174796,1714881900,https://www.bilibili.com/video/BV1RE421G7oV
333,2024-05-02,BV1wz421U7Gm,晚安大小姐是什么梗【梗指南】,02:53,4607313,3839,,1353991517,1714649415,https://www.bilibili.com/video/BV1wz421U7Gm
334,2024-04-30,BV1uH4y1V7kW,劳 动 节 段 子 大 赏【梗指南】,02:20,662098,266,,1053885830,1714468200,https://www.bilibili.com/video/BV1uH4y1V7kW
335,2024-04-29,BV18H4y1P7wK,私人笑声是什么梗【梗指南】,02:41,2321308,5026,,1053767429,1714401152,https://www.bilibili.com/video/BV18H4y1P7wK
336,2024-04-26,BV1AF4m1A7wF,人生易如反掌是什么梗【梗指南】,02:45,2032218,1727,,1203689027,1714135076,https://www.bilibili.com/video/BV1AF4m1A7wF
337,2024-04-25,BV1ip421Q7eP,欧金金是什么梗【梗指南】,01:36,3151127,3922,,1853592033,1714036624,https://www.bilibili.com/video/BV1ip421Q7eP
338,2024-04-23,BV1yw4m1y7uo,【梗指南】颜如玉是什么梗,01:42,1624850,441,,1103713982,1713859200,https://www.bilibili.com/video/BV1yw4m1y7uo
339,2024-04-22,BV1PC411H7sK,游戏方言是什么梗【梗指南】,01:45,1166622,1261,,1953656885,1713779046,https://www.bilibili.com/video/BV1PC411H7sK
340,2024-04-20,BV1CH4y1P7Ac,鸵鸟会XX吗是什么梗【梗指南】,02:30,805367,468,,1053321788,1713607200,https://www.bilibili.com/video/BV1CH4y1P7Ac
341,2024-04-19,BV1Jt421E7GX,听不清楚该罚是什么梗【梗指南】,03:26,1894488,1616,,1803251308,1713530101,https://www.bilibili.com/video/BV1Jt421E7GX
342,2024-04-18,BV16Z421Y7W5,邓超out是什么梗【梗指南】,02:11,1911527,1176,,1153251387,1713433841,https://www.bilibili.com/video/BV16Z421Y7W5
343,2024-04-16,BV1BZ421Y78M,不是哥们是什么梗【梗指南】,01:43,2710625,1932,,1153242933,1713258415,https://www.bilibili.com/video/BV1BZ421Y78M
344,2024-04-14,BV19E421u752,东华金龙是什么梗【梗指南】,03:33,917056,1250,,1653063434,1713090997,https://www.bilibili.com/video/BV19E421u752
345,2024-04-10,BV1ED421s7wD,河南省歌是什么梗【梗指南】,02:25,4257524,6519,,1502839622,1712721900,https://www.bilibili.com/video/BV1ED421s7wD
346,2024-04-08,BV1pT421m7Rg,大香蕉是什么梗【梗指南】,01:57,2925342,2113,,1702979263,1712572067,https://www.bilibili.com/video/BV1pT421m7Rg
347,2024-04-06,BV1aE421g759,谢帝我要迪士尼是什么梗【梗指南】,04:45,2402067,5834,,1652659927,1712379066,https://www.bilibili.com/video/BV1aE421g759
348,2024-04-04,BV1CC411V7QA,控告律师是什么梗【梗指南】,02:26,1108704,985,,1952720956,1712221293,https://www.bilibili.com/video/BV1CC411V7QA
349,2024-04-02,BV1aH4y1J7w4,你的钢门比较松弛是什么梗【梗指南】,03:31,4966539,3960,,1052537417,1712062582,https://www.bilibili.com/video/BV1aH4y1J7w4
350,2024-04-01,BV1DA4m1A7wS,梗指南首次露脸？！一个机器人终于决定出镜了……【梗指南】,01:52,4049378,5030,,1102492331,1711939045,https://www.bilibili.com/video/BV1DA4m1A7wS
351,2024-03-30,BV1sp42117zk,S U 7 段 子 大 赏【梗指南】,02:32,1685163,1726,,1852390878,1711809548,https://www.bilibili.com/video/BV1sp42117zk
352,2024-03-29,BV1jA4m1A75S,超yue自我是什么梗【梗指南】,02:15,1193505,1491,,1102381919,1711707565,https://www.bilibili.com/video/BV1jA4m1A75S
353,2024-03-24,BV1QA4m1P7xq,奎桑提的神秘商店是什么梗【梗指南】,01:49,2228586,940,,1102202429,1711253100,https://www.bilibili.com/video/BV1QA4m1P7xq
354,2024-03-21,BV1em411k7kh,生气猫、委屈猫是什么梗？猫梗全明星！【梗指南】,05:05,4260253,3110,,1902227855,1710993900,https://www.bilibili.com/video/BV1em411k7kh
355,2024-03-20,BV1P2421N7NY,做我的儿子吧是什么梗【梗指南】,02:12,1061050,774,,1602199505,1710925627,https://www.bilibili.com/video/BV1P2421N7NY
356,2024-03-18,BV1tt421V7E5,骷髅打金服是什么梗【梗指南】,01:58,2103493,1629,,1801774749,1710759344,https://www.bilibili.com/video/BV1tt421V7E5
357,2024-03-17,BV1wx421k76J,打歌是什么梗【梗指南】,02:00,1354647,1078,,1751983122,1710677873,https://www.bilibili.com/video/BV1wx421k76J
358,2024-03-16,BV1ur421n7TF,3 1 5 段 子 大 赏【梗指南】,01:49,1764259,1181,,1401753793,1710579569,https://www.bilibili.com/video/BV1ur421n7TF
359,2024-03-13,BV1YZ42187Zs,时间差不多咯是什么梗【梗指南】,04:06,2416891,2263,,1151630635,1710322200,https://www.bilibili.com/video/BV1YZ42187Zs
360,2024-03-11,BV1Ax421C7Fh,四处征兵的男人是什么梗【梗指南】,03:16,1863099,1458,,1751657361,1710154807,https://www.bilibili.com/video/BV1Ax421C7Fh
361,2024-03-07,BV13H4y157bM,姚安娜式搜点是什么梗【梗指南】,01:55,1530083,1159,,1051465239,1709820721,https://www.bilibili.com/video/BV13H4y157bM
362,2024-03-06,BV18m411Z7bv,全球发音是什么梗【梗指南】,01:45,2511685,1411,,1901470453,1709722240,https://www.bilibili.com/video/BV18m411Z7bv
363,2024-03-05,BV1gw4m1Z7e9,杨颖霉霉是什么梗【梗指南】,01:13,1902809,1683,,1101426413,1709642641,https://www.bilibili.com/video/BV1gw4m1Z7e9
364,2024-03-02,BV1RJ4m1a7PN,二次元先玩马嘉祺的梗是什么梗【梗指南】,02:03,2682804,6572,,1251290226,1709372569,https://www.bilibili.com/video/BV1RJ4m1a7PN
365,2024-02-29,BV1SJ4m1e7cG,翘到可以顶起XX是什么梗【梗指南】,02:10,1677071,1568,,1251171909,1709202844,https://www.bilibili.com/video/BV1SJ4m1e7cG
366,2024-02-27,BV1at421b7HP,扣税国王是什么梗【梗指南】,02:23,3027992,1482,,1801046793,1709026655,https://www.bilibili.com/video/BV1at421b7HP
367,2024-02-25,BV1tj421S78V,阎王点卯是什么梗【梗指南】,02:36,2803186,2336,,1651063888,1708852942,https://www.bilibili.com/video/BV1tj421S78V
368,2024-02-22,BV1Jy421z7bY,【补档】春山学是什么梗【梗指南】,02:15,1397176,1309,,1550962367,1708591913,https://www.bilibili.com/video/BV1Jy421z7bY
369,2024-02-21,BV1Jt421b7Ze,小丑的小曲是什么梗【梗指南】,02:14,3739614,2234,,1800978166,1708512163,https://www.bilibili.com/video/BV1Jt421b7Ze
370,2024-02-20,BV16H4y1E7AR,应声虫是什么梗【梗指南】,02:33,1231005,1454,,1050796292,1708420800,https://www.bilibili.com/video/BV16H4y1E7AR
371,2024-02-16,BV1Ct421a7tq,高速运转的机械是什么梗【梗指南】,03:04,2328972,3215,,1800619145,1708082870,https://www.bilibili.com/video/BV1Ct421a7tq
372,2024-02-14,BV1zJ4m1x7zs,情 人 节 段 子 大 赏【梗指南】,02:25,667889,367,,1250593471,1707922195,https://www.bilibili.com/video/BV1zJ4m1x7zs
373,2024-02-11,BV11j421X7ky,我有四不吃是什么梗？因为他善！【梗指南】,02:58,3796618,4388,,1650658790,1707644700,https://www.bilibili.com/video/BV11j421X7ky
374,2024-02-09,BV1EF4m1M7oP,春 节 段 子 大 赏【梗指南】,05:09,756413,1000,,1200489049,1707469500,https://www.bilibili.com/video/BV1EF4m1M7oP
375,2024-02-08,BV19m41197DU,里奥哟西是什么梗【梗指南】,01:34,2669967,2298,,1900278850,1707387428,https://www.bilibili.com/video/BV19m41197DU
376,2024-02-07,BV13x4y117NN,兄弟你好香是什么梗【梗指南】,01:22,6081012,2766,,1000347224,1707296976,https://www.bilibili.com/video/BV13x4y117NN
377,2024-02-05,BV17H4y1h7Ba,无牙仔跳舞是什么梗【梗指南】,02:44,1942762,1231,,1050411678,1707142686,https://www.bilibili.com/video/BV17H4y1h7Ba
378,2024-02-03,BV1EJ4m147Xm,听泉猫是什么梗【梗指南】,02:24,4540109,2238,,1250226207,1706956200,https://www.bilibili.com/video/BV1EJ4m147Xm
379,2024-02-02,BV126421G7bW,2 0 2 3 二 次 元 热 梗 盘 点【梗指南】,06:51,1162947,2643,,1400043368,1706869800,https://www.bilibili.com/video/BV126421G7bW
380,2024-02-01,BV1Xw411572x,【梗指南】贴膜游戏是什么梗,02:01,945853,1000,,326927644,1706781600,https://www.bilibili.com/video/BV1Xw411572x
381,2024-01-30,BV1qx42197q4,你真是饿了是什么梗【梗指南】,02:37,4259651,6469,,1750051449,1706618148,https://www.bilibili.com/video/BV1qx42197q4
382,2024-01-29,BV1aa4y1876i,山竹醇是什么意思【梗指南】,01:35,3907408,3133,,666928118,1706533452,https://www.bilibili.com/video/BV1aa4y1876i
383,2024-01-26,BV1DC4y1r712,我爱说实话是什么梗【梗指南】,03:37,2584680,4064,,794140818,1706242500,https://www.bilibili.com/video/BV1DC4y1r712
384,2024-01-24,BV1AQ4y1c7Su,【梗指南】鹅猪大战是什么梗,02:51,1298493,802,,709136422,1706092200,https://www.bilibili.com/video/BV1AQ4y1c7Su
385,2024-01-23,BV1B5411y79r,农场主模拟器是什么梗【梗指南】,01:56,1762047,1757,,454216295,1706005881,https://www.bilibili.com/video/BV1B5411y79r
386,2024-01-21,BV1xK411a7GX,紫微星是什么梗【梗指南】,02:37,2324251,3606,,496562556,1705837526,https://www.bilibili.com/video/BV1xK411a7GX
387,2024-01-20,BV17Q4y1A7gj,【梗指南】刘德华解冻是什么梗,02:40,2657715,1331,,709086315,1705744920,https://www.bilibili.com/video/BV17Q4y1A7gj
388,2024-01-18,BV1Ub4y1P7dF,还是PVP大佬是什么梗【梗指南】,03:08,4991263,2573,,623993667,1705587395,https://www.bilibili.com/video/BV1Ub4y1P7dF
389,2024-01-16,BV1YV411X7Fn,浇给是什么梗【梗指南】,02:17,3975114,2931,,411373959,1705399945,https://www.bilibili.com/video/BV1YV411X7Fn
390,2024-01-14,BV1yw411J7hP,农业大摸底是什么梗【梗指南】,02:03,1691017,1298,,326333231,1705226330,https://www.bilibili.com/video/BV1yw411J7hP
391,2024-01-12,BV1Gt4y1R7Yp,龙鸣联赛是什么梗【梗指南】,01:51,601515,303,,623697797,1705050900,https://www.bilibili.com/video/BV1Gt4y1R7Yp
392,2024-01-10,BV1MK411v7C1,对焦测试员、摇摆拳法是什么梗【梗指南】,03:33,1720327,1478,,496017243,1704882600,https://www.bilibili.com/video/BV1MK411v7C1
393,2024-01-08,BV1pe411e7Rw,霍金奔向萝莉岛是什么梗【梗指南】,02:06,2100846,2189,,240949391,1704713134,https://www.bilibili.com/video/BV1pe411e7Rw
394,2024-01-07,BV1LN4y1q7aL,【梗指南】鹰爪功是什么梗,02:59,1326796,458,,878408282,1704627574,https://www.bilibili.com/video/BV1LN4y1q7aL
395,2024-01-06,BV12e411i7hD,古希腊掌管XX的神是什么梗【梗指南】,01:25,2873198,2625,,240893186,1704551403,https://www.bilibili.com/video/BV12e411i7hD
396,2024-01-05,BV1bT4y1H7iC,【梗指南】冷门歌手是什么梗,02:14,1692157,1393,,923324667,1704435182,https://www.bilibili.com/video/BV1bT4y1H7iC
397,2024-01-04,BV1Mc41187QD,南方小土豆是什么梗【梗指南】,02:34,1684887,3520,,283303398,1704341213,https://www.bilibili.com/video/BV1Mc41187QD
398,2024-01-02,BV14G411z76p,金牌讲师是什么梗【梗指南】,02:25,1303010,1217,,410647199,1704198805,https://www.bilibili.com/video/BV14G411z76p
399,2023-12-31,BV1NN4y1B7jf,三次元桂乃芬是什么梗【梗指南】,02:32,3508784,2115,,878051038,1703993400,https://www.bilibili.com/video/BV1NN4y1B7jf
400,2023-12-30,BV1Re411q7si,跨 年 段 子 大 赏【梗指南】,02:37,858349,1625,,240590700,1703935394,https://www.bilibili.com/video/BV1Re411q7si
401,2023-12-28,BV11a4y1B7Jr,你染上XX了是什么梗【梗指南】,03:16,2357031,1290,,665389669,1703736000,https://www.bilibili.com/video/BV11a4y1B7Jr
402,2023-12-25,BV1De411z74R,2 0 2 3 热 梗 年 度 总 结【梗指南】,14:47,6592061,16561,,237854502,1703498400,https://www.bilibili.com/video/BV1De411z74R
403,2023-12-23,BV1xg4y1y7BS,被知识侵犯是什么梗【梗指南】,01:32,1725902,830,,835172117,1703327400,https://www.bilibili.com/video/BV1xg4y1y7BS
404,2023-12-22,BV1dQ4y1M7jd,人人都在爆发的S属性是什么东西？【年度梗指南】,10:34,637945,684,,707528693,1703239200,https://www.bilibili.com/video/BV1dQ4y1M7jd
405,2023-12-21,BV1N94y1w78f,16种人格真的能概括70亿人吗？【年度梗指南】,06:43,816673,523,,367594420,1703152800,https://www.bilibili.com/video/BV1N94y1w78f
406,2023-12-21,BV1Le411r7md,科目三还是极乐净土？年度之舞是……【年度梗指南】,03:24,880460,529,,237568725,1703124000,https://www.bilibili.com/video/BV1Le411r7md
407,2023-12-20,BV1EC4y1S7vg,恐龙到底能不能扛狼？【年度梗指南】,06:36,909980,971,,792489757,1703066400,https://www.bilibili.com/video/BV1EC4y1S7vg
408,2023-12-20,BV1ii4y1e7rt,九转大肠为什么用的是猪大肠？【年度梗指南】,05:59,716841,661,,537390100,1703037600,https://www.bilibili.com/video/BV1ii4y1e7rt
409,2023-12-18,BV1Kg4y1C7Bj,闻会军是谁？竟一夜之间刷爆朋友圈【梗指南】,02:40,3337232,3423,,834947841,1702858200,https://www.bilibili.com/video/BV1Kg4y1C7Bj
410,2023-12-16,BV1zN4y1h7mG,返场八一式阿波罗是什么梗【梗指南】,01:55,2679597,5405,,877322219,1702727661,https://www.bilibili.com/video/BV1zN4y1h7mG
411,2023-12-15,BV1Mi4y1e7k5,战斗！爽！是什么梗【梗指南】,01:43,4100507,1793,,537293547,1702638102,https://www.bilibili.com/video/BV1Mi4y1e7k5
412,2023-12-12,BV1LQ4y1G7vx,大声发是什么梗【梗指南】,02:31,2190661,745,,707165074,1702373559,https://www.bilibili.com/video/BV1LQ4y1G7vx
413,2023-12-11,BV1Lb4y1j7JD,【梗指南】迪士尼法务部是什么梗,01:49,1133748,964,,622031328,1702287600,https://www.bilibili.com/video/BV1Lb4y1j7JD
414,2023-12-10,BV1ea4y197KU,忆昔当年泪不干是什么梗【梗指南】,02:29,3788751,1156,,664606532,1702199700,https://www.bilibili.com/video/BV1ea4y197KU
415,2023-12-08,BV13i4y1v7wa,乐坛翟天临是什么梗【梗指南】,03:02,1866412,2463,,536943140,1702010663,https://www.bilibili.com/video/BV13i4y1v7wa
416,2023-12-05,BV1FC4y1w7AV,【梗指南】皮卡堂文学是什么梗,02:31,736622,212,,749367760,1701770400,https://www.bilibili.com/video/BV1FC4y1w7AV
417,2023-12-03,BV1YC4y1c7vb,赛博灯泡是什么梗【梗指南】,01:44,2825920,1190,,749249187,1701594000,https://www.bilibili.com/video/BV1YC4y1c7vb
418,2023-12-01,BV1934y1F71b,【梗指南】齿轮骑士是什么梗,02:15,1469393,1031,,834028719,1701432000,https://www.bilibili.com/video/BV1934y1F71b
419,2023-11-30,BV1zC4y1y7AK,极品少萝是什么梗【梗指南】,01:37,2434607,2248,,791546911,1701345018,https://www.bilibili.com/video/BV1zC4y1y7AK
420,2023-11-27,BV1Xc411D7RS,连一刻也没有为XX哀悼是什么梗【梗指南】,01:17,1940562,348,,278929101,1701069151,https://www.bilibili.com/video/BV1Xc411D7RS
421,2023-11-25,BV1Y94y1J7qh,吗喽是什么梗【梗指南】,01:44,3090026,1583,,366281861,1700905877,https://www.bilibili.com/video/BV1Y94y1J7qh
422,2023-11-21,BV1yQ4y1b77a,唐妞不等式是什么梗【梗指南】,01:54,5370461,4871,,706152766,1700563217,https://www.bilibili.com/video/BV1yQ4y1b77a
423,2023-11-19,BV1GG411D7qk,刘青松圣经是什么梗【梗指南】,01:35,2567210,890,,408547762,1700385642,https://www.bilibili.com/video/BV1GG411D7qk
424,2023-11-18,BV17H4y1q7E6,东北儿歌是什么梗【梗指南】,01:58,1259202,1037,,963537460,1700303400,https://www.bilibili.com/video/BV17H4y1q7E6
425,2023-11-16,BV16u4y1A7nZ,瑶瑶领先是什么梗【梗指南】,01:39,1552374,1149,,920952959,1700115472,https://www.bilibili.com/video/BV16u4y1A7nZ
426,2023-11-15,BV1BQ4y1t7fQ,刚满18岁是什么梗【梗指南】,01:48,5256911,7427,,705972947,1700036418,https://www.bilibili.com/video/BV1BQ4y1t7fQ
427,2023-11-13,BV1Gg4y1Q7bf,震惊张艺谋是什么梗【梗指南】,02:46,2081656,1643,,833383114,1699871768,https://www.bilibili.com/video/BV1Gg4y1Q7bf
428,2023-11-10,BV1RN411g7kb,稀世珍宝是什么梗【梗指南】,01:36,2012205,1217,,493309281,1699613495,https://www.bilibili.com/video/BV1RN411g7kb
429,2023-11-09,BV1NG411Q7eU,这框真帅吧是什么梗【梗指南】,03:04,2956049,2153,,408163894,1699526100,https://www.bilibili.com/video/BV1NG411Q7eU
430,2023-11-08,BV1Du4y1876h,【梗指南】家长文学是什么梗,02:28,1120316,495,,918196363,1699439590,https://www.bilibili.com/video/BV1Du4y1876h
431,2023-11-06,BV11y4y1c78g,精忠报国是什么梗【梗指南】,02:29,2529754,2362,,790525151,1699274711,https://www.bilibili.com/video/BV11y4y1c78g
432,2023-11-05,BV1Ra4y1D7Uv,菜就多练是什么梗【梗指南】,02:23,2030531,2277,,663040495,1699188215,https://www.bilibili.com/video/BV1Ra4y1D7Uv
433,2023-11-03,BV1hM411Q75n,58同城哥是什么梗【梗指南】,01:40,2568679,2609,,535471635,1699003679,https://www.bilibili.com/video/BV1hM411Q75n
434,2023-11-02,BV1BG411X75r,冒充职业选手是什么梗【梗指南】,01:23,2190404,715,,407943579,1698919500,https://www.bilibili.com/video/BV1BG411X75r
435,2023-11-01,BV1MN4y1r7Jy,万梗节是什么梗【梗指南】,01:51,1185284,725,,875463762,1698832444,https://www.bilibili.com/video/BV1MN4y1r7Jy
436,2023-10-31,BV1Ty4y1c7rW,当代华佗是什么梗【梗指南】,02:06,1665896,803,,790370432,1698757571,https://www.bilibili.com/video/BV1Ty4y1c7rW
437,2023-10-30,BV18y4y1A7yp,【梗指南】吕布骑狗是什么梗,01:53,1765606,981,,790308523,1698662042,https://www.bilibili.com/video/BV18y4y1A7yp
438,2023-10-29,BV1zB4y1d7ze,骡马假日是什么梗【梗指南】,01:36,1398784,1551,,577760238,1698576900,https://www.bilibili.com/video/BV1zB4y1d7ze
439,2023-10-28,BV1X84y1R7f5,【梗指南】导员破防曲是什么梗,03:02,2089993,646,,620216135,1698489000,https://www.bilibili.com/video/BV1X84y1R7f5
440,2023-10-26,BV1dw411B7BY,jiafei是什么梗【梗指南】,03:20,2513666,1773,,322512345,1698292800,https://www.bilibili.com/video/BV1dw411B7BY
441,2023-10-25,BV1S94y1L7BP,【梗指南】双11省学是什么梗,02:36,1310619,509,,365067973,1698230191,https://www.bilibili.com/video/BV1S94y1L7BP
442,2023-10-24,BV1nu4y1n7Fg,省钱侠是什么梗【梗指南】,02:07,1702152,815,,920045105,1698120300,https://www.bilibili.com/video/BV1nu4y1n7Fg
443,2023-10-23,BV1vu4y1a72J,我不吃牛肉是什么梗【梗指南】,03:28,4527050,3487,,917520398,1698053505,https://www.bilibili.com/video/BV1vu4y1a72J
444,2023-10-18,BV1Pp4y1M7Pw,OOTD是什么梗【梗指南】,01:29,2130633,877,,959874465,1697625787,https://www.bilibili.com/video/BV1Pp4y1M7Pw
445,2023-10-15,BV1kH4y1R76H,Huh猫和吐舌羊是什么梗【梗指南】,02:11,1938484,1121,,962219900,1697378402,https://www.bilibili.com/video/BV1kH4y1R76H
446,2023-10-13,BV1Ay4y1N7Ln,完颜慧德、拱出去、笑拥了是什么梗【梗指南】,02:52,3095208,2936,,789597797,1697189375,https://www.bilibili.com/video/BV1Ay4y1N7Ln
447,2023-10-12,BV13w411c7rH,CF领先十年是什么梗【梗指南】,01:48,2399534,808,,277105186,1697106414,https://www.bilibili.com/video/BV13w411c7rH
448,2023-10-11,BV1Ph4y1z7xP,佛山电翰是什么梗【梗指南】,02:01,2773354,1882,,662031285,1697027654,https://www.bilibili.com/video/BV1Ph4y1z7xP
449,2023-10-10,BV1TC4y1G7PH,赌狗快摇是什么梗【梗指南】,01:36,4381538,598,,747115010,1696932551,https://www.bilibili.com/video/BV1TC4y1G7PH
450,2023-10-08,BV19w411w7pA,i人e人是什么梗【梗指南】,01:47,1851310,1337,,276912996,1696758844,https://www.bilibili.com/video/BV19w411w7pA
451,2023-10-06,BV13C4y1Z7sB,哦嗨哟学妹是什么梗【梗指南】,01:47,2245203,1599,,789305914,1696584391,https://www.bilibili.com/video/BV13C4y1Z7sB
452,2023-10-04,BV1P34y137EV,四金一铜是什么梗【梗指南】,02:00,3607025,2498,,831784866,1696420443,https://www.bilibili.com/video/BV1P34y137EV
453,2023-10-03,BV1Rw41117Wc,逃吧挚爱是什么梗【梗指南】,01:41,2568382,3069,,319185776,1696338600,https://www.bilibili.com/video/BV1Rw41117Wc
454,2023-10-02,BV1oF41117wH,【梗指南】花少北落水是什么梗,01:52,1496632,1617,,276604926,1696240800,https://www.bilibili.com/video/BV1oF41117wH
455,2023-09-30,BV1uC4y1o7wk,3+7=8是什么意思【梗指南】,01:43,2182811,5490,,789066146,1696057153,https://www.bilibili.com/video/BV1uC4y1o7wk
456,2023-09-28,BV1Dw411Y7FM,乌蒙山连着山外山是什么梗【梗指南】,02:35,2212049,1609,,321548503,1695903089,https://www.bilibili.com/video/BV1Dw411Y7FM
457,2023-09-26,BV1LC4y1f77F,【梗指南】稳了都稳了，跟上暴叔的节奏是什么梗,02:19,1174415,391,,788958981,1695726000,https://www.bilibili.com/video/BV1LC4y1f77F
458,2023-09-25,BV1pN411n7A2,三国杀XX是什么梗【梗指南】,01:24,1964428,1170,,491482040,1695638012,https://www.bilibili.com/video/BV1pN411n7A2
459,2023-09-23,BV1gk4y1c7aL,2.5条悟是什么梗【梗指南】,02:02,2291682,1272,,746279758,1695463111,https://www.bilibili.com/video/BV1gk4y1c7aL
460,2023-09-21,BV1f34y1P7Jz,【梗指南】14发滋崩是什么梗,02:24,1366282,1537,,831152627,1695265200,https://www.bilibili.com/video/BV1f34y1P7Jz
461,2023-09-20,BV1PF411S7UF,左眼忘记你右眼记住你是什么梗【梗指南】,02:34,1871983,1748,,276198253,1695211155,https://www.bilibili.com/video/BV1PF411S7UF
462,2023-09-19,BV1Uj411k7SF,刘德华为什么很少演反派是什么梗【梗指南】,01:45,2830571,2048,,448668223,1695117344,https://www.bilibili.com/video/BV1Uj411k7SF
463,2023-09-15,BV1994y1W7sS,【梗指南】one more thing是什么梗,02:16,1787193,1160,,363493875,1694750400,https://www.bilibili.com/video/BV1994y1W7sS
464,2023-09-14,BV1uk4y1w7Dz,哪里贵了是什么梗【梗指南】,02:44,2672695,2626,,745954335,1694685441,https://www.bilibili.com/video/BV1uk4y1w7Dz
465,2023-09-13,BV1aw411i7vr,中铁大案是什么梗【梗指南】,01:46,3702173,1455,,320997643,1694580167,https://www.bilibili.com/video/BV1aw411i7vr
466,2023-09-11,BV1ez4y1j7X5,花西子是什么梗【梗指南】,02:28,2595113,4167,,575848283,1694432267,https://www.bilibili.com/video/BV1ez4y1j7X5
467,2023-09-09,BV1fF411S7XR,请XX无条件归还XX是什么梗【梗指南】,02:25,1850488,5495,,275821980,1694253045,https://www.bilibili.com/video/BV1fF411S7XR
468,2023-09-08,BV1u34y1M79J,我姓石是什么梗【梗指南】,02:08,2987253,3475,,830728884,1694179335,https://www.bilibili.com/video/BV1u34y1M79J
469,2023-09-06,BV1UF41167dh,地铁判官是什么梗【梗指南】,01:48,4631869,3922,,275638229,1693959300,https://www.bilibili.com/video/BV1UF41167dh
470,2023-09-04,BV1Fz4y1T7Vj,oi是什么梗【梗指南】,01:36,3270544,1677,,575545601,1693836026,https://www.bilibili.com/video/BV1Fz4y1T7Vj
471,2023-09-03,BV1xh4y1K7C4,我服了爸爸是什么梗【梗指南】,01:30,3423029,3319,,618075785,1693734361,https://www.bilibili.com/video/BV1xh4y1K7C4
472,2023-09-02,BV1u8411B7wq,遥遥领先是什么梗【梗指南】,02:11,4503667,5169,,233119407,1693647357,https://www.bilibili.com/video/BV1u8411B7wq
473,2023-08-31,BV1Zh4y1N7Kv,新 生 群 段 子 大 赏【梗指南】,04:05,1223028,3167,,617980861,1693475127,https://www.bilibili.com/video/BV1Zh4y1N7Kv
474,2023-08-30,BV1Ez4y1K7ap,【梗指南】屌丝饮料是什么梗,02:15,1682286,2541,,575416463,1693369997,https://www.bilibili.com/video/BV1Ez4y1K7ap
475,2023-08-29,BV1Qr4y1X74v,每日一题防止聪明是什么梗【梗指南】,01:31,2401928,1611,,745346621,1693308458,https://www.bilibili.com/video/BV1Qr4y1X74v
476,2023-08-26,BV1N94y167Xq,我阴暗世界里的小太阳是什么梗【梗指南】,01:45,2745882,2084,,362756293,1693051158,https://www.bilibili.com/video/BV1N94y167Xq
477,2023-08-24,BV1au4y1X7yz,狗罕见是什么梗【梗指南】,01:44,882647,2799,,830160115,1692881640,https://www.bilibili.com/video/BV1au4y1X7yz
478,2023-08-22,BV1Aw41197p1,七 夕 节 段 子 大 赏【梗指南】,03:02,1127458,2459,,320021263,1692697661,https://www.bilibili.com/video/BV1Aw41197p1
479,2023-08-20,BV15G411f7nr,手游圈TF是什么梗【梗指南】,02:06,1436781,2725,,404875659,1692525600,https://www.bilibili.com/video/BV15G411f7nr
480,2023-08-18,BV1V94y1r7fV,819战斗之夜是什么意思【梗指南】,02:12,1573653,1271,,362452080,1692353746,https://www.bilibili.com/video/BV1V94y1r7fV
481,2023-08-17,BV1Fr4y1o7VX,中国大力王秀才是什么梗【梗指南】,02:12,5926957,4574,,744940358,1692270262,https://www.bilibili.com/video/BV1Fr4y1o7VX
482,2023-08-15,BV1SV4y1Y7Mq,夏令营兵王是什么梗【梗指南】,02:49,4002499,9770,,872293951,1692093901,https://www.bilibili.com/video/BV1SV4y1Y7Mq
483,2023-08-14,BV1pm4y1p7Hg,爸爸的雷达是什么梗【梗指南】,02:05,2533229,1803,,702147919,1692005241,https://www.bilibili.com/video/BV1pm4y1p7Hg
484,2023-08-13,BV1f14y1q7G4,【梗指南】果真是你是什么意思,01:57,1115145,993,,787215181,1691920800,https://www.bilibili.com/video/BV1f14y1q7G4
485,2023-08-11,BV1V94y1k7xi,【梗指南】快给我变是什么梗,01:50,1030528,1329,,362121074,1691726400,https://www.bilibili.com/video/BV1V94y1k7xi
486,2023-08-10,BV1FF411Z7Fk,尊嘟假嘟是什么梗【梗指南】,01:31,3761230,6099,,274570546,1691666448,https://www.bilibili.com/video/BV1FF411Z7Fk
487,2023-08-09,BV1LX4y1j78y,哈基米是什么梗【梗指南】,02:01,4034132,5612,,359565106,1691585004,https://www.bilibili.com/video/BV1LX4y1j78y
488,2023-08-06,BV1zh4y1r7Ew,T F 十 周 年 段 子 大 赏【梗指南】,02:36,2933814,7130,,659387445,1691337546,https://www.bilibili.com/video/BV1zh4y1r7Ew
489,2023-08-05,BV1nh4y1r71N,沙勒知名教师是什么梗【梗指南】,03:14,2070767,3626,,659299990,1691231400,https://www.bilibili.com/video/BV1nh4y1r71N
490,2023-08-04,BV1G8411d7tS,奔驰打野是什么梗【梗指南】,04:21,3590679,5017,,231756005,1691146720,https://www.bilibili.com/video/BV1G8411d7tS
491,2023-08-03,BV1jV4y1i7M3,【梗指南】这么玩是吧是什么梗,02:29,1466193,1894,,871757848,1691056800,https://www.bilibili.com/video/BV1jV4y1i7M3
492,2023-07-31,BV1Xu411G7DB,本视频收益全部XX是什么梗【梗指南】,01:46,1393496,1453,,531619072,1690776600,https://www.bilibili.com/video/BV1Xu411G7DB
493,2023-07-29,BV1J14y167By,升舱的钱我来出是什么梗【梗指南】,02:48,3543750,5841,,786599082,1690630839,https://www.bilibili.com/video/BV1J14y167By
494,2023-07-27,BV1j8411U7cc,撞火佛祖是什么梗【梗指南】,02:53,1465533,905,,231423864,1690453149,https://www.bilibili.com/video/BV1j8411U7cc
495,2023-07-26,BV1Em4y1j7nz,GG Bond被抓走了是什么梗【梗指南】,02:02,2310567,1410,,701481773,1690347897,https://www.bilibili.com/video/BV1Em4y1j7nz
496,2023-07-25,BV1jV4y1q7oi,B W 段 子 大 赏【梗指南】,03:04,1032081,944,,871429490,1690292898,https://www.bilibili.com/video/BV1jV4y1q7oi
497,2023-07-20,BV1u94y1q716,贴吧攻陷是什么梗【梗指南】,01:39,1627579,1174,,361165944,1689848591,https://www.bilibili.com/video/BV1u94y1q716
498,2023-07-19,BV1Cm4y1771M,命运的齿轮开始转动是什么梗【梗指南】,01:31,2737718,2136,,701203979,1689764411,https://www.bilibili.com/video/BV1Cm4y1771M
499,2023-07-18,BV1cP411C7cv,【梗指南】时光代刀人是什么梗,02:20,1045535,835,,316057995,1689672600,https://www.bilibili.com/video/BV1cP411C7cv
500,2023-07-17,BV13V411K73g,你爸爸喜欢吃什么是什么梗【梗指南】,02:19,1575748,1509,,403578383,1689592558,https://www.bilibili.com/video/BV13V411K73g
501,2023-07-15,BV19X4y1a7qm,恐龙扛狼是什么梗【梗指南】,02:02,2961699,2555,,358420693,1689415295,https://www.bilibili.com/video/BV19X4y1a7qm
502,2023-07-14,BV1pP411y7fV,逆天寒是什么梗【梗指南】,03:06,3244058,2752,,315837660,1689328800,https://www.bilibili.com/video/BV1pP411y7fV
503,2023-07-13,BV1R8411D7Lp,【梗指南】鹤岗一套房是什么梗,01:57,1232856,741,,230890931,1689242400,https://www.bilibili.com/video/BV1R8411D7Lp
504,2023-07-12,BV1gx4y1o7bc,彩六直播是什么梗【梗指南】,01:55,2051508,1303,,998334098,1689153557,https://www.bilibili.com/video/BV1gx4y1o7bc
505,2023-07-11,BV1Sk4y1P7e1,豪情在天是什么梗【梗指南】,03:57,2148892,1667,,743329069,1689048255,https://www.bilibili.com/video/BV1Sk4y1P7e1
506,2023-07-09,BV1jV411u772,奎桑提圣经是什么梗【梗指南】,02:40,1614457,734,,403163300,1688897795,https://www.bilibili.com/video/BV1jV411u772
507,2023-07-06,BV17j411U7Yw,张敏便利店是什么梗【梗指南】,02:40,3179401,2151,,445575461,1688642640,https://www.bilibili.com/video/BV17j411U7Yw
508,2023-07-04,BV1rh4y177Y1,爽滑慢舔是什么梗【梗指南】,02:09,4541243,3117,,615551023,1688478245,https://www.bilibili.com/video/BV1rh4y177Y1
509,2023-07-03,BV1QN411U7ga,山河大学是什么梗【梗指南】,01:40,1101981,1319,,487897032,1688396108,https://www.bilibili.com/video/BV1QN411U7ga
510,2023-07-02,BV15s4y1k7Kb,杀人奶昔是什么梗【梗指南】,03:14,1676410,1279,,997894755,1688291100,https://www.bilibili.com/video/BV15s4y1k7Kb
511,2023-06-26,BV1Qg4y1P7iT,鸡你胎没是什么梗【梗指南】,02:14,3065890,5142,,827681606,1687765599,https://www.bilibili.com/video/BV1Qg4y1P7iT
512,2023-06-24,BV1iV411u72E,鱼越大鱼越小是什么梗【梗指南】,01:34,2375618,1770,,402704563,1687602216,https://www.bilibili.com/video/BV1iV411u72E
513,2023-06-22,BV1wN411D7wS,端 午 节 段 子 大 赏【梗指南】,02:23,443492,4909,,487602751,1687444014,https://www.bilibili.com/video/BV1wN411D7wS
514,2023-06-21,BV1J14y1U7hL,S属性爆发是什么梗【梗指南】,01:30,1477090,866,,785040164,1687358937,https://www.bilibili.com/video/BV1J14y1U7hL
515,2023-06-19,BV1ph4y137Ea,热带风味冰红茶是什么梗【梗指南】,02:10,3257703,1507,,614882456,1687149281,https://www.bilibili.com/video/BV1ph4y137Ea
516,2023-06-16,BV1Jh4y1X7qm,谁问你了是什么梗【梗指南】,01:35,3860935,6408,,657280993,1686916435,https://www.bilibili.com/video/BV1Jh4y1X7qm
517,2023-06-14,BV1Cu4y1o7fS,京糖夫妇是什么梗【梗指南】,01:53,1122286,831,,827301969,1686737400,https://www.bilibili.com/video/BV1Cu4y1o7fS
518,2023-06-11,BV1is4y1v7N1,柯学是什么梗【梗指南】,03:02,1740739,4354,,997158833,1686458105,https://www.bilibili.com/video/BV1is4y1v7N1
519,2023-06-09,BV12c41137zt,电子宠物是什么梗【梗指南】,02:18,1880602,2508,,272011528,1686305400,https://www.bilibili.com/video/BV12c41137zt
520,2023-06-07,BV1c14y1Q7Ub,高 考 段 子 大 赏【梗指南】,02:41,1123444,1629,,784521485,1686147203,https://www.bilibili.com/video/BV1c14y1Q7Ub
521,2023-06-03,BV1xu411W7z9,🤣👉 神之一指是什么梗【梗指南】,02:20,3602558,2045,,529446311,1685787874,https://www.bilibili.com/video/BV1xu411W7z9
522,2023-06-01,BV1Bh4y1d7Fg,儿 童 节 段 子 大 赏【梗指南】,02:25,809617,2684,,656841013,1685609664,https://www.bilibili.com/video/BV1Bh4y1d7Fg
523,2023-05-30,BV15k4y1W75P,我黑不黑怕关你屁事是什么梗【梗指南】,01:47,1407208,1339,,741639019,1685444620,https://www.bilibili.com/video/BV15k4y1W75P
524,2023-05-28,BV1pc411G7eF,【梗指南】我有一道自制的小菜是什么梗,02:38,1739343,1707,,271639641,1685248863,https://www.bilibili.com/video/BV1pc411G7eF
525,2023-05-27,BV1F8411f7JR,瑞你看见了吗是什么梗【梗指南】,02:11,2237004,767,,229124064,1685179378,https://www.bilibili.com/video/BV1F8411f7JR
526,2023-05-26,BV1Am4y1b7rm,【梗指南】劳改蛋是什么梗,02:40,986903,771,,699057553,1685093400,https://www.bilibili.com/video/BV1Am4y1b7rm
527,2023-05-25,BV1id4y1f7TG,【梗指南】你人还怪好嘞是什么梗,02:30,3653191,4016,,401582573,1685010658,https://www.bilibili.com/video/BV1id4y1f7TG
528,2023-05-24,BV1tV4y1B7Wb,平底锅文学是什么梗【梗指南】,01:45,1392005,2954,,869036493,1684924197,https://www.bilibili.com/video/BV1tV4y1B7Wb
529,2023-05-21,BV1hh411F7hA,你管得着吗是什么梗【梗指南】,03:08,1968602,6966,,228900156,1684666598,https://www.bilibili.com/video/BV1hh411F7hA
530,2023-05-20,BV1FM4y1q7it,5 2 0 段 子 大 赏【梗指南】,03:01,712759,529,,911265106,1684573022,https://www.bilibili.com/video/BV1FM4y1q7it
531,2023-05-18,BV1qs4y1z7Fy,林克竞选弱智吧主是什么梗【梗指南】,01:50,1591848,1141,,996365520,1684408875,https://www.bilibili.com/video/BV1qs4y1z7Fy
532,2023-05-17,BV1Gm4y187M1,特种兵式旅游是什么梗【梗指南】,03:19,596409,494,,698728111,1684297200,https://www.bilibili.com/video/BV1Gm4y187M1
533,2023-05-16,BV1wo4y1F73p,【梗指南】早C晚A是什么梗,02:40,944217,575,,401171063,1684236600,https://www.bilibili.com/video/BV1wo4y1F73p
534,2023-05-15,BV19c411P7zP,紫米面包犹如汉堡是什么梗【梗指南】,01:34,1301658,965,,271199867,1684147996,https://www.bilibili.com/video/BV19c411P7zP
535,2023-05-13,BV1jk4y177ps,曹操盖饭是什么梗【梗指南】,01:53,2000043,1321,,741032503,1683968656,https://www.bilibili.com/video/BV1jk4y177ps
536,2023-05-11,BV1Cd4y1f71G,偷盘哥是什么梗【梗指南】,02:12,1137289,1247,,401081679,1683814627,https://www.bilibili.com/video/BV1Cd4y1f71G
537,2023-05-10,BV1ks4y1D7YR,小胖孩绷不住了是什么梗【梗指南】,01:55,704132,397,,995912730,1683711598,https://www.bilibili.com/video/BV1ks4y1D7YR
538,2023-05-09,BV1Gm4y1h7DX,啊？是什么梗【梗指南】,01:41,3429451,14251,,698399030,1683627485,https://www.bilibili.com/video/BV1Gm4y1h7DX
539,2023-05-08,BV1fL41187Ws,挖呀挖呀挖是什么梗【梗指南】,01:48,1574117,2031,,443468049,1683552705,https://www.bilibili.com/video/BV1fL41187Ws
540,2023-05-05,BV1Qh411L7eL,猫鼠队是什么梗【梗指南】,01:34,2185555,912,,228257042,1683277550,https://www.bilibili.com/video/BV1Qh411L7eL
541,2023-05-04,BV17g4y157bY,C P 2 9 段 子 大 赏【梗指南】,02:17,1037871,853,,825849559,1683210014,https://www.bilibili.com/video/BV17g4y157bY
542,2023-05-02,BV14k4y1E7Eb,我能站在这你能吗是什么梗【梗指南】,01:58,2922016,4763,,740738883,1683024467,https://www.bilibili.com/video/BV14k4y1E7Eb
543,2023-05-01,BV1aT411h7Cz,劳 动 节 段 子 大 赏【梗指南】,02:41,655212,1161,,485657341,1682931743,https://www.bilibili.com/video/BV1aT411h7Cz
544,2023-04-30,BV1eg4y1L7sG,乌龟大师仙逝是什么梗【梗指南】,01:52,2778597,1178,,825575843,1682845800,https://www.bilibili.com/video/BV1eg4y1L7sG
545,2023-04-28,BV1Uk4y177wu,我承认阁下很强是什么梗【梗指南】,01:53,2485011,1364,,740617578,1682673661,https://www.bilibili.com/video/BV1Uk4y177wu
546,2023-04-26,BV1EM41157UC,华语乐坛新四大天王是什么梗【梗指南】,02:43,3239846,14861,,527920083,1682513737,https://www.bilibili.com/video/BV1EM41157UC
547,2023-04-25,BV1Dk4y1J73r,斐济杯仙人是什么梗【梗指南】,02:04,1689055,1196,,740490921,1682417135,https://www.bilibili.com/video/BV1Dk4y1J73r
548,2023-04-23,BV17h4y1p7VC,oiiaioooooiai是什么梗【梗指南】,01:37,3361639,1750,,612811243,1682252062,https://www.bilibili.com/video/BV17h4y1p7VC
549,2023-04-21,BV1bT411n7R6,冰歧淋是什么梗【梗指南】,02:38,723289,2034,,485267314,1682070754,https://www.bilibili.com/video/BV1bT411n7R6
550,2023-04-20,BV1th4y1H711,这件事情泰裤辣是什么梗【梗指南】,02:31,5546317,7181,,612651427,1681986894,https://www.bilibili.com/video/BV1th4y1H711
551,2023-04-19,BV1Sh4y1H7jj,X门是什么梗【梗指南】,02:07,1803883,10700,,612722211,1681876599,https://www.bilibili.com/video/BV1Sh4y1H7jj
552,2023-04-17,BV1zM4y1y7yc,【梗指南】万物皆可Dee是什么梗,02:38,512790,668,,910098804,1681731487,https://www.bilibili.com/video/BV1zM4y1y7yc
553,2023-04-16,BV1mg4y1T7eU,七十二变怎么样的变是什么梗【梗指南】,01:35,1098432,816,,825077218,1681618500,https://www.bilibili.com/video/BV1mg4y1T7eU
554,2023-04-13,BV1TM4y127BV,更适合中国宝宝体质的XX是什么梗【梗指南】,01:30,1368807,1502,,909895048,1681359300,https://www.bilibili.com/video/BV1TM4y127BV
555,2023-04-12,BV1gh4y1W7EQ,正版极限国度是什么梗【梗指南】,02:34,2483740,1866,,612458589,1681294909,https://www.bilibili.com/video/BV1gh4y1W7EQ
556,2023-04-11,BV1U84y1T7bZ,双倍给下一个人是什么梗【梗指南】,02:02,2901914,1184,,612272559,1681204501,https://www.bilibili.com/video/BV1U84y1T7bZ
557,2023-04-09,BV1ig4y1M71Y,Happy猫是什么梗【梗指南】,01:33,1905737,934,,824705439,1681011101,https://www.bilibili.com/video/BV1ig4y1M71Y
558,2023-04-07,BV1yh411g7zX,互联网大佛是什么梗【梗指南】,02:35,1174477,706,,227223696,1680877856,https://www.bilibili.com/video/BV1yh411g7zX
559,2023-04-06,BV1Gg4y1g7zP,万能背锅侠是什么梗【梗指南】,01:45,1161048,1551,,824532283,1680754736,https://www.bilibili.com/video/BV1Gg4y1g7zP
560,2023-04-02,BV1jT411s7JG,【梗指南】外外外星人是什么梗,02:06,881649,897,,484463121,1680431400,https://www.bilibili.com/video/BV1jT411s7JG
561,2023-04-01,BV1fv4y1H7XY,愚 人 节 段 子 大 赏【梗指南】,01:31,754508,3691,,569381281,1680309600,https://www.bilibili.com/video/BV1fv4y1H7XY
562,2023-03-31,BV1QM4y1U75Z,这是围棋吗是什么梗【梗指南】,02:28,1674553,2328,,909345151,1680236225,https://www.bilibili.com/video/BV1QM4y1U75Z
563,2023-03-30,BV1WL411S75N,达利安造船厂是什么梗【梗指南】,01:36,1590155,1735,,441784582,1680170512,https://www.bilibili.com/video/BV1WL411S75N
564,2023-03-28,BV1EL411X7iA,无论它是对是错是什么梗【梗指南】,02:55,796046,2746,,439241658,1679976900,https://www.bilibili.com/video/BV1EL411X7iA
565,2023-03-27,BV1Mc411j7S6,打虎相机、佳能400D是什么梗【梗指南】,02:17,1374398,793,,269193324,1679913366,https://www.bilibili.com/video/BV1Mc411j7S6
566,2023-03-25,BV14M4y1z71h,XX这么可爱真是抱歉是什么梗【梗指南】,02:02,1209391,989,,909082965,1679754788,https://www.bilibili.com/video/BV14M4y1z71h
567,2023-03-23,BV1ng4y1W7rm,【梗指南】外卖练习生是什么梗,03:18,690975,287,,823944061,1679569200,https://www.bilibili.com/video/BV1ng4y1W7rm
568,2023-03-22,BV1YM4y1B7RN,韦一敏效应是什么梗【梗指南】,02:01,2239818,1981,,908945652,1679487999,https://www.bilibili.com/video/BV1YM4y1B7RN
569,2023-03-21,BV1hL411r7P4,沃尔玛购物袋是什么梗【梗指南】,01:58,3042205,3942,,441291441,1679404929,https://www.bilibili.com/video/BV1hL411r7P4
570,2023-03-19,BV1wY4y1X7QK,你可算问对人了是什么梗【梗指南】,01:56,1377212,816,,653642785,1679222048,https://www.bilibili.com/video/BV1wY4y1X7QK
571,2023-03-18,BV1Us4y1H7jp,哦啊啊哎哎是什么梗【梗指南】,03:06,2521668,2988,,951141281,1679138604,https://www.bilibili.com/video/BV1Us4y1H7jp
572,2023-03-16,BV1TY4y1R7cS,西瓜条是什么梗【梗指南】,02:24,3028727,4405,,653517013,1678960694,https://www.bilibili.com/video/BV1TY4y1R7cS
573,2023-03-14,BV19k4y1h7qu,十年后你儿子问你xx是什么梗【梗指南】,02:17,2169052,2144,,738448378,1678785553,https://www.bilibili.com/video/BV19k4y1h7qu
574,2023-03-12,BV1XL411d7gy,川哥指哪我打哪是什么梗【梗指南】,01:41,4694669,4207,,438365472,1678601796,https://www.bilibili.com/video/BV1XL411d7gy
575,2023-03-09,BV1s54y1M7wQ,孔乙己的长衫是什么梗【梗指南】,01:57,2931144,1719,,865741661,1678355857,https://www.bilibili.com/video/BV1s54y1M7wQ
576,2023-03-07,BV1Rs4y1V7yt,芝顿~芝顿~是什么梗【梗指南】,01:50,2708889,2118,,950657006,1678200923,https://www.bilibili.com/video/BV1Rs4y1V7yt
577,2023-03-06,BV1Bo4y1z7LN,地下宝宝巴士是什么梗【梗指南】,01:44,1285952,950,,395596164,1678105809,https://www.bilibili.com/video/BV1Bo4y1z7LN
578,2023-03-04,BV1ts4y1L7Y6,唠嗑区是什么意思【梗指南】,03:05,836484,641,,950428592,1677925200,https://www.bilibili.com/video/BV1ts4y1L7Y6
579,2023-03-02,BV1tj411g7Xu,等会你要去哪里是什么梗【梗指南】,02:48,2229812,7427,,437866792,1677750354,https://www.bilibili.com/video/BV1tj411g7Xu
580,2023-02-28,BV1A24y1V7U3,奶嗝文学是什么梗【梗指南】,02:11,1712528,7347,,780237198,1677582873,https://www.bilibili.com/video/BV1A24y1V7U3
581,2023-02-27,BV18D4y1u7yy,XX是一个魁梧女子是什么梗【梗指南】,02:15,1323442,888,,737745166,1677473276,https://www.bilibili.com/video/BV18D4y1u7yy
582,2023-02-23,BV1wA41117HG,变态冰箱是什么梗【梗指南】,02:25,1651272,1442,,309883645,1677144755,https://www.bilibili.com/video/BV1wA41117HG
583,2023-02-22,BV13g4y1W7Ra,爱如火是什么梗【梗指南】,02:53,2231501,2914,,822341790,1677061236,https://www.bilibili.com/video/BV13g4y1W7Ra
584,2023-02-21,BV1yM411A7io,杂交叫兽是什么东西【梗指南】,03:10,820311,3055,,479715826,1676955056,https://www.bilibili.com/video/BV1yM411A7io
585,2023-02-19,BV1UA41127Tt,我放弃了xx，我原本想xx是什么梗【梗指南】,03:23,2336977,4383,,309708894,1676801781,https://www.bilibili.com/video/BV1UA41127Tt
586,2023-02-16,BV1Ry4y1f72Y,蝉鸣文学是什么梗【梗指南】,01:42,2427504,1408,,779429477,1676544636,https://www.bilibili.com/video/BV1Ry4y1f72Y
587,2023-02-15,BV1Ss4y1a7gL,甜美的空气是什么梗【梗指南】,01:47,1782030,3224,,949398544,1676459202,https://www.bilibili.com/video/BV1Ss4y1a7gL
588,2023-02-14,BV1xD4y1P7C2,情 人 节 段 子 大 赏【梗指南】,03:02,757350,610,,736785054,1676384470,https://www.bilibili.com/video/BV1xD4y1P7C2
589,2023-02-13,BV1884y1p7GN,sigma表情是什么梗【梗指南】,01:36,1760212,802,,609366442,1676287376,https://www.bilibili.com/video/BV1884y1p7GN
590,2023-02-09,BV1TT411R7Qb,阳光开朗大男孩是什么梗【梗指南】,02:32,4438201,3463,,479087359,1675935397,https://www.bilibili.com/video/BV1TT411R7Qb
591,2023-02-06,BV1pR4y1z7LH,青海摇是什么梗【梗指南】,02:38,2420616,3633,,351384296,1675681795,https://www.bilibili.com/video/BV1pR4y1z7LH
592,2023-02-05,BV1Zs4y1W75m,英雄联盟马服是什么梗【梗指南】,01:54,1720460,1834,,948909417,1675589297,https://www.bilibili.com/video/BV1Zs4y1W75m
593,2023-02-04,BV1aD4y1T7QP,长鼻狗是什么梗【梗指南】,01:47,1006380,840,,736309735,1675503973,https://www.bilibili.com/video/BV1aD4y1T7QP
594,2023-02-01,BV1f24y1q7w8,电影院睡了三个小时是什么梗【梗指南】,01:27,3991053,3409,,693642942,1675243839,https://www.bilibili.com/video/BV1f24y1q7w8
595,2023-01-29,BV1jY411S7jU,绝望的文盲是什么梗【梗指南】,01:47,3499012,5859,,266089556,1674988646,https://www.bilibili.com/video/BV1jY411S7jU
596,2023-01-27,BV17D4y1J7v2,鼠鼠文学是什么梗【梗指南】,01:59,3345230,3983,,735983478,1674826836,https://www.bilibili.com/video/BV17D4y1J7v2
597,2023-01-24,BV1yM411q773,顶级厨师九转大肠是什么梗【梗指南】,02:45,6806969,8541,,523347146,1674552084,https://www.bilibili.com/video/BV1yM411q773
598,2023-01-21,BV1e24y16724,春 节 段 子 大 赏【梗指南】,03:51,1124546,1688,,693136355,1674275527,https://www.bilibili.com/video/BV1e24y16724
599,2023-01-20,BV1ds4y1t7um,调大休是什么意思【梗指南】,01:54,2400945,2516,,948111923,1674207000,https://www.bilibili.com/video/BV1ds4y1t7um
600,2023-01-19,BV1jG4y1C7gG,【梗指南】谢谢龙兔兔是什么梗,01:26,951288,3691,,862819227,1674121200,https://www.bilibili.com/video/BV1jG4y1C7gG
601,2023-01-18,BV1eR4y1e7ZX,暴雪绿茶是什么意思【梗指南】,01:51,1138825,944,,350484868,1674014700,https://www.bilibili.com/video/BV1eR4y1e7ZX
602,2023-01-17,BV1gW4y1G7iG,银行不妙曲是什么梗【梗指南】,01:47,3914825,2654,,947911113,1673958888,https://www.bilibili.com/video/BV1gW4y1G7iG
603,2023-01-14,BV1ZT41127st,夜の踊りXX是什么梗【梗指南】,01:36,1733552,736,,480312888,1673698010,https://www.bilibili.com/video/BV1ZT41127st
604,2023-01-12,BV1KG4y11762,万柳书院少爷是什么梗【梗指南】,02:03,1620193,4866,,862657024,1673519718,https://www.bilibili.com/video/BV1KG4y11762
605,2023-01-11,BV17W4y137F9,加州女孩是什么梗【梗指南】,01:36,3212465,1992,,947733499,1673444901,https://www.bilibili.com/video/BV17W4y137F9
606,2023-01-10,BV1EM411F7C8,老马啊老马是什么梗【梗指南】,02:29,4789597,2254,,480066418,1673352918,https://www.bilibili.com/video/BV1EM411F7C8
607,2023-01-09,BV1jA411Z7bT,可颂猫是什么梗【梗指南】,02:01,1737517,1398,,307559764,1673265187,https://www.bilibili.com/video/BV1jA411Z7bT
608,2023-01-07,BV1yK411y7Ss,2-16是什么梗【梗指南】,05:21,3457385,4918,,477438151,1673083200,https://www.bilibili.com/video/BV1yK411y7Ss
609,2023-01-05,BV1u84y1e7on,远方传来风笛是什么梗【梗指南】,01:53,2776033,3596,,607259901,1672913820,https://www.bilibili.com/video/BV1u84y1e7on
610,2023-01-04,BV1VG4y1L7Gu,R星出品，必属精品是什么梗【梗指南】,01:53,4055186,3468,,819796694,1672837661,https://www.bilibili.com/video/BV1VG4y1L7Gu
611,2023-01-03,BV1We4y1V71d,卡布叻男团是什么梗【梗指南】,01:33,1750374,2327,,649744953,1672741800,https://www.bilibili.com/video/BV1We4y1V71d
612,2023-01-01,BV1VK411q7gB,中国人不蹦洋迪是什么梗【梗指南】,01:44,2342964,1178,,477056742,1672567710,https://www.bilibili.com/video/BV1VK411q7gB
613,2022-12-31,BV1Ee4y1L7Wp,跨 年 段 子 大 赏【梗指南】,02:39,920094,2957,,649560135,1672477423,https://www.bilibili.com/video/BV1Ee4y1L7Wp
614,2022-12-30,BV1YA411Q7yp,不辣椒响乐是什么梗【梗指南】,01:31,1629029,1107,,306964111,1672396643,https://www.bilibili.com/video/BV1YA411Q7yp
615,2022-12-28,BV1i8411J7rH,2 0 2 2 热 梗 年 度 总 结【梗指南】,16:52,880624,10904,,221861122,1672219800,https://www.bilibili.com/video/BV1i8411J7rH
616,2022-12-26,BV1UY411m75o,牛姐的养老保险是什么梗【梗指南】,01:51,1744992,1224,,264263668,1672045355,https://www.bilibili.com/video/BV1UY411m75o
617,2022-12-24,BV1J44y1o71R,布洛芬小红人是什么梗【梗指南】,01:32,1675809,1117,,989230506,1671877661,https://www.bilibili.com/video/BV1J44y1o71R
618,2022-12-21,BV1od4y1Y7Vb,宝鹃 我的嗓子是什么梗【梗指南】,03:08,1701304,1200,,391525201,1671628708,https://www.bilibili.com/video/BV1od4y1Y7Vb
619,2022-12-20,BV1pg411J7He,太痛苦了是什么梗【梗指南】,03:07,1805593,6716,,519036488,1671533272,https://www.bilibili.com/video/BV1pg411J7He
620,2022-12-18,BV1U14y1N7aN,给你俩窝窝是什么梗【梗指南】,02:07,3768209,3142,,776386900,1671360450,https://www.bilibili.com/video/BV1U14y1N7aN
621,2022-12-17,BV1yG411P7m7,真的想听到你们说话是什么梗【梗指南】,03:29,4028400,1581,,433918258,1671278400,https://www.bilibili.com/video/BV1yG411P7m7
622,2022-12-16,BV1D84y1x79S,物资掠夺者是什么东西【梗指南】,01:59,2112891,3908,,606353199,1671200798,https://www.bilibili.com/video/BV1D84y1x79S
623,2022-12-14,BV1CD4y18773,世 界 杯 段 子 大 赏【梗指南】,04:14,845994,1700,,733858078,1670991000,https://www.bilibili.com/video/BV1CD4y18773
624,2022-12-11,BV15K411r7C5,刚刚在那边看到你是什么梗【梗指南】,01:45,1686519,1238,,476230641,1670742219,https://www.bilibili.com/video/BV15K411r7C5
625,2022-12-10,BV1bV4y1P7n6,【梗指南】肉鸡队长是什么梗,01:32,3786872,357,,861030068,1670673600,https://www.bilibili.com/video/BV1bV4y1P7n6
626,2022-12-08,BV1Nd4y1x7Go,臣妾要告发是什么梗【梗指南】,02:41,1068304,688,,391076752,1670498324,https://www.bilibili.com/video/BV1Nd4y1x7Go
627,2022-12-07,BV1SG4y1g7XP,迪宇宙是什么梗【梗指南】,01:30,2130194,1386,,818414809,1670410660,https://www.bilibili.com/video/BV1SG4y1g7XP
628,2022-12-04,BV19K411R7Yi,你是懂xx的是什么梗【梗指南】,01:30,1722267,1554,,475785344,1670146500,https://www.bilibili.com/video/BV19K411R7Yi
629,2022-12-02,BV1AP411M7oe,旋转鸡块是什么梗【梗指南】,02:05,4608553,3612,,305765976,1669955895,https://www.bilibili.com/video/BV1AP411M7oe
630,2022-11-29,BV1JM41167ia,【梗指南】第五玩家精神状态是什么梗,02:26,2987797,4487,,520737674,1669723473,https://www.bilibili.com/video/BV1JM41167ia
631,2022-11-27,BV1PY411d72r,心之钢联盟是什么梗【梗指南】,02:31,1305035,523,,263058049,1669541952,https://www.bilibili.com/video/BV1PY411d72r
632,2022-11-26,BV1qv4y127x1,【梗指南】心态侠是什么梗,02:12,9206838,1917,,563018677,1669464000,https://www.bilibili.com/video/BV1qv4y127x1
633,2022-11-25,BV1kK411d7RM,矮人科技是什么梗【梗指南】,02:13,1041688,1631,,475422277,1669308775,https://www.bilibili.com/video/BV1kK411d7RM
634,2022-11-22,BV1EM411r7Rv,妈传菜是什么梗【梗指南】,02:13,2206503,4228,,520412343,1669131596,https://www.bilibili.com/video/BV1EM411r7Rv
635,2022-11-22,BV1z841177rd,富贵不能赢是什么梗【梗指南】,01:46,3266140,1451,,220398029,1669047537,https://www.bilibili.com/video/BV1z841177rd
636,2022-11-20,BV1dG4y1o7Gj,暴雪压塌养猪场是什么梗【梗指南】,02:14,1426064,867,,860277699,1668920256,https://www.bilibili.com/video/BV1dG4y1o7Gj
637,2022-11-19,BV1jv4y1U72X,骰子型上单是什么梗【梗指南】,03:07,13781338,17492,,562816422,1668859200,https://www.bilibili.com/video/BV1jv4y1U72X
638,2022-11-17,BV1JD4y147NS,杀人篮球是什么东西【梗指南】,01:29,1701237,1413,,732637861,1668697243,https://www.bilibili.com/video/BV1JD4y147NS
639,2022-11-16,BV1VK411Z7nw,米津玄师被创飞是什么梗【梗指南】,02:45,4355966,3162,,475186085,1668593598,https://www.bilibili.com/video/BV1VK411Z7nw
640,2022-11-14,BV1rg411s7JU,尖叫扭曲阴暗地爬行是什么梗【梗指南】,01:50,2128353,2154,,520039846,1668418171,https://www.bilibili.com/video/BV1rg411s7JU
641,2022-11-11,BV1Ne4y1s7aj,光 棍 节 段 子 大 赏【梗指南】,03:04,568618,325,,647602721,1668178122,https://www.bilibili.com/video/BV1Ne4y1s7aj
642,2022-11-09,BV1Yd4y1F7vP,我是当主播不是当儿子是什么梗【梗指南】,02:37,2129265,3495,,347495459,1667984522,https://www.bilibili.com/video/BV1Yd4y1F7vP
643,2022-11-06,BV1ae411F7uv,注意看是什么梗【梗指南】,02:06,2020941,1549,,262360387,1667743455,https://www.bilibili.com/video/BV1ae411F7uv
644,2022-11-04,BV1vG4y1Z7c4,联合国那边怎么说是什么梗【梗指南】,01:46,2763714,1258,,859847463,1667558113,https://www.bilibili.com/video/BV1vG4y1Z7c4
645,2022-11-02,BV1S84y1i74b,无痛养狗是什么梗【梗指南】,01:32,1133236,485,,604660403,1667390646,https://www.bilibili.com/video/BV1S84y1i74b
646,2022-11-01,BV1i8411Y7bo,万 圣 节 段 子 大 赏【梗指南】,02:28,469921,430,,219645840,1667295594,https://www.bilibili.com/video/BV1i8411Y7bo
647,2022-10-31,BV1q8411Y7VH,把纸片当成异性是什么梗【梗指南】,02:20,1440510,1628,,219650108,1667215824,https://www.bilibili.com/video/BV1q8411Y7VH
648,2022-10-30,BV1e84y1i7RZ,大外孙你牛波一是什么梗【梗指南】,02:53,1323951,652,,604578653,1667123810,https://www.bilibili.com/video/BV1e84y1i7RZ
649,2022-10-28,BV1Qe4y127Y3,刘慈欣还是留了一手是什么梗【梗指南】,01:49,3937674,3333,,559582992,1666951500,https://www.bilibili.com/video/BV1Qe4y127Y3
650,2022-10-27,BV1EP4y1S7tH,石矶娘娘是什么梗【梗指南】,03:04,3942754,3302,,901922048,1666862306,https://www.bilibili.com/video/BV1EP4y1S7tH
651,2022-10-27,BV19e41137Fb,种田.JPG是什么梗【梗指南】,02:07,1644931,989,,261922799,1666834200,https://www.bilibili.com/video/BV19e41137Fb
652,2022-10-24,BV1pP4y1S7Lp,6是什么梗【梗指南】,01:26,4357317,10660,,901967727,1666603835,https://www.bilibili.com/video/BV1pP4y1S7Lp
653,2022-10-22,BV1Te4y1e7FJ,蓝色妖姬是什么梗【梗指南】,02:20,6809080,3871,,561807740,1666431300,https://www.bilibili.com/video/BV1Te4y1e7FJ
654,2022-10-20,BV1B8411e72U,无所谓，我会出手是什么梗【梗指南】,01:42,5855364,2843,,219328342,1666261263,https://www.bilibili.com/video/BV1B8411e72U
655,2022-10-19,BV1We4y1J7Pm,王宝钏挖野菜是什么梗【梗指南】,02:09,2775210,1373,,646692449,1666179897,https://www.bilibili.com/video/BV1We4y1J7Pm
656,2022-10-18,BV1M8411e7Rh,表姑在温州搞批发是什么梗【梗指南】,01:53,1922267,1520,,219227363,1666088406,https://www.bilibili.com/video/BV1M8411e7Rh
657,2022-10-17,BV1dP411P7oS,能坚持一个月就行是什么梗【梗指南】,01:46,8157918,1434,,304137413,1666000835,https://www.bilibili.com/video/BV1dP411P7oS
658,2022-10-15,BV1Pt4y1F7Cs,ka le是什么梗【梗指南】,01:56,1574987,1529,,986590951,1665826500,https://www.bilibili.com/video/BV1Pt4y1F7Cs
659,2022-10-14,BV11m4y1A7GF,每一把都当最后一把是什么梗【梗指南】,01:55,1596648,889,,689070971,1665746105,https://www.bilibili.com/video/BV11m4y1A7GF
660,2022-10-13,BV1nW4y1J786,别质疑先相信是什么梗【梗指南】,02:26,1343442,1114,,944063114,1665654515,https://www.bilibili.com/video/BV1nW4y1J786
661,2022-10-12,BV1ue4y1S7xx,电子木鱼是什么东西【梗指南】,01:40,1989566,1083,,559012140,1665578468,https://www.bilibili.com/video/BV1ue4y1S7xx
662,2022-10-11,BV19d4y1i7WR,他在XXX你是什么梗【梗指南】,01:49,2257104,5425,,388957224,1665493435,https://www.bilibili.com/video/BV19d4y1i7WR
663,2022-10-09,BV18N4y1A7C1,飞镖扎气球是什么梗【梗指南】,02:23,9698015,1330,,901379383,1665315254,https://www.bilibili.com/video/BV18N4y1A7C1
664,2022-10-08,BV18V4y1L7uw,我的蛋很大是什么梗【梗指南】,03:14,1438450,3486,,858953843,1665243673,https://www.bilibili.com/video/BV18V4y1L7uw
665,2022-10-07,BV1SW4y1n7uS,Among Us眼是什么梗【梗指南】,01:36,1578564,1852,,943800113,1665138429,https://www.bilibili.com/video/BV1SW4y1n7uS
666,2022-10-05,BV1xB4y1j7xT,过20岁就不要穿的像个孩子是什么梗【梗指南】,01:47,2697066,1385,,603823038,1664964600,https://www.bilibili.com/video/BV1xB4y1j7xT
667,2022-10-04,BV1NG411n7pW,萌妹的代名词是什么梗【梗指南】,01:52,2122951,1764,,431180668,1664877256,https://www.bilibili.com/video/BV1NG411n7pW
668,2022-10-02,BV1Qe4y1B7ue,国 庆 节 段 子 大 赏【梗指南】,03:05,656773,958,,561160624,1664708866,https://www.bilibili.com/video/BV1Qe4y1B7ue
669,2022-09-30,BV1be4y1H7J5,脸给你丢光是什么梗【梗指南】,01:20,2933566,1706,,646078687,1664546106,https://www.bilibili.com/video/BV1be4y1H7J5
670,2022-09-29,BV1re4y1H7gK,朕宰了你是什么梗【梗指南】,02:58,2520390,2849,,646089593,1664446603,https://www.bilibili.com/video/BV1re4y1H7gK
671,2022-09-28,BV1Le4y1H7Xp,你行不行啊细狗是什么梗【梗指南】,01:45,5195103,3598,,646038691,1664358046,https://www.bilibili.com/video/BV1Le4y1H7Xp
672,2022-09-27,BV1UB4y1J7mn,【梗指南】电子榨菜是什么梗,02:00,2114975,4788,,603432735,1664276400,https://www.bilibili.com/video/BV1UB4y1J7mn
673,2022-09-25,BV1xB4y1773J,躲闪摇是什么梗【梗指南】,01:35,5423161,1888,,603488950,1664096931,https://www.bilibili.com/video/BV1xB4y1773J
674,2022-09-23,BV1Ut4y1A7CR,翰流是什么意思【梗指南】,02:40,2248883,4856,,985778438,1663907685,https://www.bilibili.com/video/BV1Ut4y1A7CR
675,2022-09-21,BV1V24y1o7dE,三号楼是什么梗【梗指南】,02:13,2007251,1371,,688293937,1663734574,https://www.bilibili.com/video/BV1V24y1o7dE
676,2022-09-20,BV1814y1Y7mA,宇将军文学是什么梗【梗指南】,01:32,3226253,801,,773202552,1663648895,https://www.bilibili.com/video/BV1814y1Y7mA
677,2022-09-19,BV1QG41137Cr,iPhone代金券是什么梗【梗指南】,02:27,2452404,2830,,430628087,1663560186,https://www.bilibili.com/video/BV1QG41137Cr
678,2022-09-17,BV1uB4y1H7n3,慌张的祖国人是什么梗【梗指南】,02:13,4911605,1458,,603171348,1663406721,https://www.bilibili.com/video/BV1uB4y1H7n3
679,2022-09-16,BV13e4y1y7SB,空中飞人是什么梗【梗指南】,01:38,1702967,893,,558014050,1663321935,https://www.bilibili.com/video/BV13e4y1y7SB
680,2022-09-15,BV17G4y1q7NU,羊了个羊是什么【梗指南】,01:49,2667938,1544,,815547054,1663212439,https://www.bilibili.com/video/BV17G4y1q7NU
681,2022-09-14,BV1te4y187Y2,如何用Dubstep XX是什么梗【梗指南】,02:34,1160873,593,,560578538,1663134863,https://www.bilibili.com/video/BV1te4y187Y2
682,2022-09-13,BV1zt4y1L7hB,科技与狠活是什么梗【梗指南】,02:11,2362998,2346,,985434730,1663042756,https://www.bilibili.com/video/BV1zt4y1L7hB
683,2022-09-11,BV1rG411V7PJ,老炮儿是什么梗【梗指南】,01:41,981039,1019,,430421176,1662906539,https://www.bilibili.com/video/BV1rG411V7PJ
684,2022-09-10,BV1Ce4y1C7y2,中 秋 节 段 子 大 赏【梗指南】,02:20,536414,826,,557916680,1662808212,https://www.bilibili.com/video/BV1Ce4y1C7y2
685,2022-09-09,BV1jP4y1Z78x,古代的监狱是什么梗【梗指南】,02:42,927938,597,,900359568,1662719878,https://www.bilibili.com/video/BV1jP4y1Z78x
686,2022-09-08,BV1vW4y1B7xG,iPhone 段 子 大 赏【梗指南】,02:24,820285,6032,,942870733,1662639170,https://www.bilibili.com/video/BV1vW4y1B7xG
687,2022-09-07,BV12d4y1g7cX,网课小丑是什么东西【梗指南】,01:27,2300863,2776,,345257674,1662551774,https://www.bilibili.com/video/BV12d4y1g7cX
688,2022-09-06,BV1td4y1X7AW,李甫西大夫走路是什么梗【梗指南】,01:39,2301345,1023,,387830418,1662467818,https://www.bilibili.com/video/BV1td4y1X7AW
689,2022-09-04,BV1VV4y1p7Ve,科目三睡觉是什么梗【梗指南】,03:45,3644631,2548,,857642588,1662265200,https://www.bilibili.com/video/BV1VV4y1p7Ve
690,2022-09-03,BV1eG411G7Fe,只强是什么梗【梗指南】,02:28,3209311,2638,,430239166,1662196200,https://www.bilibili.com/video/BV1eG411G7Fe
691,2022-09-02,BV1AU4y1z7Bj,开学买条瑜伽裤是什么梗【梗指南】,01:44,1839672,1132,,687650757,1662094304,https://www.bilibili.com/video/BV1AU4y1z7Bj
692,2022-08-31,BV1na411V7qg,失败的man是什么梗【梗指南】,02:08,3913432,1657,,217553953,1661948809,https://www.bilibili.com/video/BV1na411V7qg
693,2022-08-30,BV1DT411F7Ss,小镇刺头是什么意思【梗指南】,01:25,1611319,267,,472526743,1661868939,https://www.bilibili.com/video/BV1DT411F7Ss
694,2022-08-29,BV1pa411V7yJ,喜欢XX的XX一枚是什么梗【梗指南】,01:36,1164203,1145,,217555002,1661770680,https://www.bilibili.com/video/BV1pa411V7yJ
695,2022-08-26,BV1NB4y147z6,爱宝爱宝爱宝是什么梗【梗指南】,03:19,994668,2305,,599971308,1661504400,https://www.bilibili.com/video/BV1NB4y147z6
696,2022-08-26,BV1gP4y1f76X,探窗KFC是什么梗【梗指南】,02:05,1631140,872,,899979810,1661486400,https://www.bilibili.com/video/BV1gP4y1f76X
697,2022-08-25,BV1Ra411d7yH,任何邪恶终将绳之以法是什么梗【梗指南】,02:03,1153323,1981,,259774588,1661421600,https://www.bilibili.com/video/BV1Ra411d7yH
698,2022-08-19,BV1oG411x7At,新型骗菊是什么梗【梗指南】,01:56,913130,875,,429669366,1660901400,https://www.bilibili.com/video/BV1oG411x7At
699,2022-08-17,BV1hW4y1h7XN,Life Goes On是什么梗【梗指南】,01:36,2403269,2579,,942021264,1660708800,https://www.bilibili.com/video/BV1hW4y1h7XN
700,2022-08-16,BV1cN4y1V7Y3,新学期人设是什么梗【梗指南】,02:04,1879213,1578,,899564028,1660643743,https://www.bilibili.com/video/BV1cN4y1V7Y3
701,2022-08-15,BV1rv4y1c7n6,水晶吊坠是什么梗【梗指南】,02:39,1639593,1882,,557033260,1660558934,https://www.bilibili.com/video/BV1rv4y1c7n6
702,2022-08-14,BV1VY4y1c7XZ,不就是一XX吗是什么梗【梗指南】,01:19,2108434,4494,,644446969,1660472062,https://www.bilibili.com/video/BV1VY4y1c7XZ
703,2022-08-13,BV1AV4y1s75y,我删掉了XX是什么梗【梗指南】,02:15,3263342,7376,,856950632,1660382119,https://www.bilibili.com/video/BV1AV4y1s75y
704,2022-08-12,BV17t4y1g75J,中 元 节 段 子 大 赏【梗指南】,02:17,1156127,3470,,984383640,1660298809,https://www.bilibili.com/video/BV17t4y1g75J
705,2022-08-11,BV1FV4y1s7i1,【梗指南】进货式闯关是什么梗,02:44,1957284,2433,,856974801,1660209000,https://www.bilibili.com/video/BV1FV4y1s7i1
706,2022-08-09,BV1PU4y1C7e4,你是我唯一的姐是什么梗【梗指南】,02:17,2806510,7542,,686865631,1660040143,https://www.bilibili.com/video/BV1PU4y1C7e4
707,2022-08-08,BV1vd4y1N7rQ,没有人懂我是什么梗【梗指南】,02:14,1095413,1383,,344277833,1659956362,https://www.bilibili.com/video/BV1vd4y1N7rQ
708,2022-08-06,BV1sa411f7aH,意大利面拌42号混凝土是什么梗【梗指南】,02:30,1419860,2226,,259215240,1659795054,https://www.bilibili.com/video/BV1sa411f7aH
709,2022-08-05,BV1SB4y147UU,东风快递是什么梗【梗指南】,01:41,681264,1083,,601660558,1659697709,https://www.bilibili.com/video/BV1SB4y147UU
710,2022-08-04,BV1RN4y1V7MH,七 夕 节 段 子 大 赏【梗指南】,03:05,779055,2879,,899219402,1659585600,https://www.bilibili.com/video/BV1RN4y1V7MH
711,2022-08-02,BV1VB4y187wR,急急国王是什么梗【梗指南】,01:21,2694974,3346,,601597038,1659449684,https://www.bilibili.com/video/BV1VB4y187wR
712,2022-07-31,BV1BV4y1j7BP,熊出没片尾曲是什么梗【梗指南】,01:37,3036877,2769,,856584849,1659275053,https://www.bilibili.com/video/BV1BV4y1j7BP
713,2022-07-30,BV1ja411S7x1,XX扣一分是什么梗【梗指南】,01:37,2263644,2439,,258965853,1659179483,https://www.bilibili.com/video/BV1ja411S7x1
714,2022-07-29,BV1nd4y1U7jU,拖鞋超人是什么梗【梗指南】,02:19,2188664,1389,,386469996,1659086860,https://www.bilibili.com/video/BV1nd4y1U7jU
715,2022-07-28,BV17U4y1v79g,栓Q是什么梗【梗指南】,01:54,1354670,1976,,686391565,1659000206,https://www.bilibili.com/video/BV17U4y1v79g
716,2022-07-27,BV1or4y1L77b,胖虎眼是什么梗【梗指南】,01:37,6178949,11462,,771366961,1658896368,https://www.bilibili.com/video/BV1or4y1L77b
717,2022-07-26,BV1BB4y1k7q7,我刚提的新车是什么梗【梗指南】,03:07,7341712,10807,,598780254,1658826551,https://www.bilibili.com/video/BV1BB4y1k7q7
718,2022-07-25,BV1zr4y177Ws,我没惹你们任何人是什么梗【梗指南】,01:42,3594082,1825,,771215349,1658721600,https://www.bilibili.com/video/BV1zr4y177Ws
719,2022-07-24,BV18G411H7zU,你这背景太假了是什么梗【梗指南】,02:01,2001643,1606,,428805180,1658655000,https://www.bilibili.com/video/BV18G411H7zU
720,2022-07-23,BV1yg411Z7Km,食不食油饼是什么梗【梗指南】,02:13,4038023,30601,,513705517,1658568600,https://www.bilibili.com/video/BV1yg411Z7Km
721,2022-07-21,BV1GY4y1j75j,别来沾边是什么梗【梗指南】,01:59,2226770,2554,,643662871,1658396700,https://www.bilibili.com/video/BV1GY4y1j75j
722,2022-07-20,BV1ha411M7rh,【梗指南】脑干缺失的美是什么梗,01:59,1382454,1481,,216088141,1658291703,https://www.bilibili.com/video/BV1ha411M7rh
723,2022-07-19,BV1MW4y1U7sX,我徐才魁彻底疯狂是什么梗【梗指南】,01:08,2885296,4165,,941066032,1658225411,https://www.bilibili.com/video/BV1MW4y1U7sX
724,2022-07-18,BV16T41177Ew,帽子侠是什么梗【梗指南】,01:26,668490,1011,,471087473,1658136060,https://www.bilibili.com/video/BV16T41177Ew
725,2022-07-17,BV1zY4y1L7Ji,修女与鱼是什么梗【梗指南】,01:14,1053592,956,,643590490,1658058762,https://www.bilibili.com/video/BV1zY4y1L7Ji
726,2022-07-14,BV1p94y1Q7GA,田中脊髓剑是什么梗【梗指南】,01:46,2807654,2194,,343492248,1657796747,https://www.bilibili.com/video/BV1p94y1Q7GA
727,2022-07-13,BV1qB4y1v7PB,Noot Noot是什么梗【梗指南】,02:12,1760644,1402,,598456006,1657704532,https://www.bilibili.com/video/BV1qB4y1v7PB
728,2022-07-11,BV1n34y1H78A,哥味文学是什么梗【梗指南】,01:43,1591098,1917,,813345126,1657536894,https://www.bilibili.com/video/BV1n34y1H78A
729,2022-07-09,BV1jG411W7tM,小镇做题家是什么梗【梗指南】,01:33,4333523,16655,,428133221,1657357643,https://www.bilibili.com/video/BV1jG411W7tM
730,2022-07-08,BV1DZ4y1a7Cz,东京电视台传说是什么梗【梗指南】,01:41,726679,247,,385670045,1657272879,https://www.bilibili.com/video/BV1DZ4y1a7Cz
731,2022-07-07,BV1XZ4y1a75V,我去 你们说的那个是我xx是什么梗【梗指南】,01:20,1926973,1976,,385673158,1657183403,https://www.bilibili.com/video/BV1XZ4y1a75V
732,2022-07-06,BV12G411W7aN,招生减章是什么梗【梗指南】,01:32,1021191,710,,428231020,1657081553,https://www.bilibili.com/video/BV12G411W7aN
733,2022-07-04,BV1634y1p71T,嘻→嘻↗嘻→嘻→嘻↗↘是什么梗【梗指南】,01:55,3537246,2515,,813076512,1656944619,https://www.bilibili.com/video/BV1634y1p71T
734,2022-07-02,BV1kW4y1z71d,ESO男团是什么梗【梗指南】,01:53,1938311,2610,,940505705,1656770024,https://www.bilibili.com/video/BV1kW4y1z71d
735,2022-07-01,BV1kt4y187Uh,雪莲文学是什么梗【梗指南】,01:43,3408537,2838,,982969595,1656674145,https://www.bilibili.com/video/BV1kt4y187Uh
736,2022-06-30,BV1zf4y1o7wS,我来这只办三件事是什么梗【梗指南】,01:44,835538,1232,,300438111,1656581353,https://www.bilibili.com/video/BV1zf4y1o7wS
737,2022-06-28,BV1mB4y1v7Vu,新型人贩子是什么梗【梗指南】,02:17,2968463,4435,,597963688,1656421184,https://www.bilibili.com/video/BV1mB4y1v7Vu
738,2022-06-27,BV1Qt4y1b716,龙龟宇宙是什么梗【梗指南】,02:01,847884,1052,,982800204,1656338534,https://www.bilibili.com/video/BV1Qt4y1b716
739,2022-06-24,BV1s3411w7vx,嘎子偷狗是什么梗【梗指南】,01:36,7776237,3951,,512855286,1656075113,https://www.bilibili.com/video/BV1s3411w7vx
740,2022-06-23,BV1f34y157rX,【梗指南】雪糕刺客是什么梗,02:10,1735090,2864,,812628828,1655978419,https://www.bilibili.com/video/BV1f34y157rX
741,2022-06-22,BV1H3411u7zC,一洗是什么梗【梗指南】,01:34,2264246,1548,,427703305,1655890810,https://www.bilibili.com/video/BV1H3411u7zC
742,2022-06-19,BV1qL4y1A7hb,父 亲 节 段 子 大 赏【梗指南】,01:50,533677,344,,855152923,1655651126,https://www.bilibili.com/video/BV1qL4y1A7hb
743,2022-06-18,BV1eU4y1X7Xq,我的狗踩到了蜜蜂是什么梗【梗指南】,01:59,1960740,1379,,685076549,1655566201,https://www.bilibili.com/video/BV1eU4y1X7Xq
744,2022-06-17,BV1JW4y167fz,再爱就不礼貌了是什么梗【梗指南】,01:49,3582032,2260,,940105343,1655462321,https://www.bilibili.com/video/BV1JW4y167fz
745,2022-06-16,BV1e34y157Te,王迅找茬是什么梗【梗指南】,03:57,1731228,1694,,812578880,1655372841,https://www.bilibili.com/video/BV1e34y157Te
746,2022-06-14,BV1GW4y1k7uX,女生自用是什么梗【梗指南】,01:53,1749710,1296,,939945214,1655215493,https://www.bilibili.com/video/BV1GW4y1k7uX
747,2022-06-13,BV1r94y1178u,duai duai duai是什么梗【梗指南】,02:09,1887356,1985,,342380896,1655096385,https://www.bilibili.com/video/BV1r94y1178u
748,2022-06-11,BV1Kg411R7Ua,轻轻敲醒沉睡的心灵是什么梗【梗指南】,02:38,3050004,3010,,512471902,1654953429,https://www.bilibili.com/video/BV1Kg411R7Ua
749,2022-06-10,BV12U4y1R7T4,【梗指南】小孩幼稚，大人刚好是什么梗,02:25,859301,1081,,684951623,1654857000,https://www.bilibili.com/video/BV12U4y1R7T4
750,2022-06-09,BV1RW4y1C7PF,很喜欢文学是什么梗【梗指南】,01:27,945884,373,,939753319,1654770543,https://www.bilibili.com/video/BV1RW4y1C7PF
751,2022-06-08,BV1TY4y1G7LL,高 考 段 子 大 赏【梗指南】,03:07,965861,1162,,642372202,1654660840,https://www.bilibili.com/video/BV1TY4y1G7LL
752,2022-06-07,BV1mZ4y1i7yt,如果第一个出考场是什么梗【梗指南】,01:59,1201413,3535,,384832626,1654579625,https://www.bilibili.com/video/BV1mZ4y1i7yt
753,2022-06-06,BV1E3411G75p,白马，定叫他有来无回是！什么梗【梗指南】,01:50,3335493,3024,,427261569,1654509742,https://www.bilibili.com/video/BV1E3411G75p
754,2022-06-04,BV1PU4y117gG,你了不起你清高是什么梗【梗指南】,03:09,1840073,1489,,684626891,1654334856,https://www.bilibili.com/video/BV1PU4y117gG
755,2022-06-03,BV13A4y1o7h7,端 午 节 段 子 大 赏【梗指南】,02:19,362499,2687,,897190986,1654229400,https://www.bilibili.com/video/BV13A4y1o7h7
756,2022-06-01,BV1KY4y1z7FL,儿 童 节 段 子 大 赏【梗指南】,02:27,574294,818,,639548140,1654058643,https://www.bilibili.com/video/BV1KY4y1z7FL
757,2022-05-31,BV1Pr4y1x7xh,原来是小别扇是什么梗【梗指南】,01:42,1986162,1037,,769514235,1653989912,https://www.bilibili.com/video/BV1Pr4y1x7xh
758,2022-05-30,BV1k341137dx,卢雷元年是什么梗【梗指南】,01:44,1109820,875,,427107162,1653918793,https://www.bilibili.com/video/BV1k341137dx
759,2022-05-29,BV1pY4y1z7Bu,电摇嘲讽是什么梗【梗指南】,02:14,6260230,4040,,639605768,1653828135,https://www.bilibili.com/video/BV1pY4y1z7Bu
760,2022-05-28,BV1634y1j7t4,纳米机器，小子是什么梗【梗指南】,02:00,2575504,1289,,811905183,1653728400,https://www.bilibili.com/video/BV1634y1j7t4
761,2022-05-27,BV1zY4y1B7ih,不行让晋江来是什么意思【梗指南】,01:31,669409,475,,639493207,1653651285,https://www.bilibili.com/video/BV1zY4y1B7ih
762,2022-05-26,BV1xY411u7X2,王心凌男孩是什么梗【梗指南】,01:51,1426190,1583,,256939644,1653537970,https://www.bilibili.com/video/BV1xY411u7X2
763,2022-05-25,BV1bt4y1s7mz,优雅！实在太优雅了！是什么梗【梗指南】,04:50,1290906,1765,,981950089,1653469799,https://www.bilibili.com/video/BV1bt4y1s7mz
764,2022-05-24,BV1o34y1E7NN,可达鸭八音盒是什么【梗指南】,01:30,1424776,1365,,811856152,1653381465,https://www.bilibili.com/video/BV1o34y1E7NN
765,2022-05-23,BV1QB4y197uF,插U盘是什么梗【梗指南】,01:51,1446625,1146,,596772153,1653277200,https://www.bilibili.com/video/BV1QB4y197uF
766,2022-05-21,BV17Y4y167A3,退！退！退！是什么梗【梗指南】,01:37,5699376,3720,,639290702,1653115397,https://www.bilibili.com/video/BV17Y4y167A3
767,2022-05-20,BV1pS4y187R8,5 2 0 段 子 大 赏【梗指南】,02:19,593595,404,,726636228,1653019388,https://www.bilibili.com/video/BV1pS4y187R8
768,2022-05-18,BV1M5411R7ST,【梗指南】我能说脏话吗是什么梗,01:35,1412779,903,,469140212,1652872868,https://www.bilibili.com/video/BV1M5411R7ST
769,2022-05-16,BV1UY4y1z7ET,22=35是什么意思【梗指南】,01:37,2151467,996,,639195612,1652714249,https://www.bilibili.com/video/BV1UY4y1z7ET
770,2022-05-14,BV1bA4y1f76h,釜山图书馆是什么梗【梗指南】,01:50,1743454,1217,,896621191,1652533921,https://www.bilibili.com/video/BV1bA4y1f76h
771,2022-05-12,BV1sU4y1m7jo,我是云南的是什么梗【梗指南】,02:27,4480592,5026,,684037996,1652349267,https://www.bilibili.com/video/BV1sU4y1m7jo
772,2022-05-11,BV1g34y1h7Qr,召唤巨大喷流是什么梗【梗指南】,01:42,1526587,990,,811433599,1652278831,https://www.bilibili.com/video/BV1g34y1h7Qr
773,2022-05-10,BV1mB4y1C7yD,知网是什么东西是什么梗【梗指南】,01:46,1297232,1233,,596384636,1652168740,https://www.bilibili.com/video/BV1mB4y1C7yD
774,2022-05-08,BV1mU4y127bb,母 亲 节 段 子 大 赏【梗指南】,01:35,445159,842,,683952543,1652003725,https://www.bilibili.com/video/BV1mU4y127bb
775,2022-05-07,BV1pY411A7GT,中小学生禁止饮用纯净水是什么梗【梗指南】,02:10,2601046,3912,,256278932,1651924089,https://www.bilibili.com/video/BV1pY411A7GT
776,2022-05-06,BV1a44y1u7Zx,天冷防韩是什么梗【梗指南】,01:10,593581,270,,981314134,1651850133,https://www.bilibili.com/video/BV1a44y1u7Zx
777,2022-05-05,BV1i44y1u76X,优待俘虏是什么梗【梗指南】,02:17,1008973,775,,981359494,1651755916,https://www.bilibili.com/video/BV1i44y1u76X
778,2022-05-04,BV1yr4y187d2,娇妻文学是什么意思【梗指南】,01:40,1233154,2067,,768854278,1651654273,https://www.bilibili.com/video/BV1yr4y187d2
779,2022-05-02,BV1ui4y1U7a4,上巴是什么梗【梗指南】,01:57,2170221,2895,,553630615,1651499776,https://www.bilibili.com/video/BV1ui4y1U7a4
780,2022-05-01,BV14u411C7Cd,劳 动 节 段 子 大 赏【梗指南】,01:32,715506,819,,511169625,1651417423,https://www.bilibili.com/video/BV14u411C7Cd
781,2022-04-30,BV1BF411T7eW,你们不要再打了是什么梗【梗指南】,02:20,793938,1727,,298684678,1651324821,https://www.bilibili.com/video/BV1BF411T7eW
782,2022-04-29,BV1734y1a7Pn,【梗指南】都市隶人是什么意思,02:44,665780,641,,811086483,1651204829,https://www.bilibili.com/video/BV1734y1a7Pn
783,2022-04-27,BV17a411e71Q,比烂大作战是什么意思【梗指南】,01:31,788928,1577,,213613181,1651059019,https://www.bilibili.com/video/BV17a411e71Q
784,2022-04-25,BV1i34y1e7xT,碧桂园五星上将是什么梗【梗指南】,01:14,4212880,2112,,811020046,1650889824,https://www.bilibili.com/video/BV1i34y1e7xT
785,2022-04-23,BV1uR4y1K7MX,职业法师刘海柱是什么梗【梗指南】,02:28,3537651,2871,,340934716,1650704433,https://www.bilibili.com/video/BV1uR4y1K7MX
786,2022-04-21,BV12r4y1J7C8,刘畊宏男孩女孩是什么梗【梗指南】,01:40,1124371,477,,768449302,1650552216,https://www.bilibili.com/video/BV12r4y1J7C8
787,2022-04-20,BV1pY4y1a79N,燕子没有你我怎么活是什么梗【梗指南】,01:41,1436292,4676,,640856518,1650446700,https://www.bilibili.com/video/BV1pY4y1a79N
788,2022-04-18,BV1SZ4y1y793,运营不存在的游戏是什么梗【梗指南】,01:23,1787193,2595,,383257328,1650284462,https://www.bilibili.com/video/BV1SZ4y1y793
789,2022-04-16,BV1Lr4y1H78L,硬核劝降是什么梗【梗指南】,03:06,1457646,3041,,768242238,1650116232,https://www.bilibili.com/video/BV1Lr4y1H78L
790,2022-04-15,BV1d44y13739,外卷侠是什么梗【梗指南】,01:20,2722097,5840,,980726745,1650030472,https://www.bilibili.com/video/BV1d44y13739
791,2022-04-14,BV1Qu411C7pY,娱 乐 圈 经 典 名 场 面【梗指南】,11:26,404676,5555,,510690207,1649928262,https://www.bilibili.com/video/BV1Qu411C7pY
792,2022-04-12,BV1xS4y1Y7tH,白刀进绿刀出是什么梗【梗指南】,02:26,1562190,1227,,725657292,1649758823,https://www.bilibili.com/video/BV1xS4y1Y7tH
793,2022-04-10,BV1ZA4y1X7Ve,你是我的神是什么梗【梗指南】,01:49,1671580,1751,,895545248,1649583223,https://www.bilibili.com/video/BV1ZA4y1X7Ve
794,2022-04-09,BV1v34y1x7Yo,Beep Beep I'm a sheep是什么梗【梗指南】,02:06,880716,911,,810535916,1649499708,https://www.bilibili.com/video/BV1v34y1x7Yo
795,2022-04-07,BV1Br4y1p74e,正确的是什么梗【梗指南】,01:30,1521147,2140,,767956306,1649338480,https://www.bilibili.com/video/BV1Br4y1p74e
796,2022-04-06,BV1iS4y117yD,甲乙刻唐是什么梗【梗指南】,02:21,1157440,1770,,725444544,1649254269,https://www.bilibili.com/video/BV1iS4y117yD
797,2022-04-05,BV1734y1x7W4,为菈妮是什么梗【梗指南】,01:13,1198437,662,,810477943,1649150847,https://www.bilibili.com/video/BV1734y1x7W4
798,2022-04-03,BV1SY411J7Dd,逼斗的伤害是什么梗【梗指南】,02:24,1273994,2286,,255296211,1648991817,https://www.bilibili.com/video/BV1SY411J7Dd
799,2022-04-02,BV1QY4y1p7tT,【梗指南】谢谢逆水寒是什么梗,01:20,1075326,1328,,640276262,1648872000,https://www.bilibili.com/video/BV1QY4y1p7tT
800,2022-04-01,BV18S4y1m7KU,愚 人 节 段 子 小 赏【梗指南】,01:46,1187531,4224,,725255412,1648804644,https://www.bilibili.com/video/BV18S4y1m7KU
801,2022-03-31,BV1fZ4y1m7Le,你没事吧是什么梗【梗指南】,01:47,1150611,1470,,382856768,1648737270,https://www.bilibili.com/video/BV1fZ4y1m7Le
802,2022-03-29,BV1J34y1471o,天堂に駆ける是什么梗【梗指南】,02:21,2977683,2606,,810152480,1648545818,https://www.bilibili.com/video/BV1J34y1471o
803,2022-03-28,BV1PY411J7fD,【梗指南】piao旭之争是什么梗,02:55,510582,502,,255181176,1648480210,https://www.bilibili.com/video/BV1PY411J7fD
804,2022-03-28,BV1q34y147Ue,奥斯卡搏击之夜是什么梗【梗指南】,02:07,1401368,1240,,810209836,1648461119,https://www.bilibili.com/video/BV1q34y147Ue
805,2022-03-27,BV1pT4y1e7KW,王守真是什么梗【梗指南】,01:22,1927279,5820,,937708632,1648386595,https://www.bilibili.com/video/BV1pT4y1e7KW
806,2022-03-26,BV1rS4y127fJ,怎么不算呢是什么梗【梗指南】,01:45,1404120,2635,,725100254,1648288609,https://www.bilibili.com/video/BV1rS4y127fJ
807,2022-03-25,BV1s3411p74Z,小时代文学是什么梗【梗指南】,01:55,813905,651,,425002311,1648210454,https://www.bilibili.com/video/BV1s3411p74Z
808,2022-03-24,BV1G34y147ik,四国特工是什么梗【梗指南】,01:42,2157137,2175,,810101820,1648131494,https://www.bilibili.com/video/BV1G34y147ik
809,2022-03-23,BV1eY411E7hy,发生什么事了是什么梗【梗指南】,01:52,6884845,11456,,255084208,1648036549,https://www.bilibili.com/video/BV1eY411E7hy
810,2022-03-22,BV1134y1t7fa,互联网掘墓人是什么梗【梗指南】,01:16,871159,348,,809912410,1647957346,https://www.bilibili.com/video/BV1134y1t7fa
811,2022-03-21,BV1pZ4y167Ad,半岛铁盒是什么梗【梗指南】,01:19,1591770,916,,382382127,1647847303,https://www.bilibili.com/video/BV1pZ4y167Ad
812,2022-03-20,BV1BL4y1M7rV,我年纪轻轻月入3200是什么梗【梗指南】,02:13,2586359,1758,,852462394,1647769183,https://www.bilibili.com/video/BV1BL4y1M7rV
813,2022-03-19,BV1PR4y1c7Qt,拼多多式鼓励是什么梗【梗指南】,01:59,672486,739,,339918092,1647670797,https://www.bilibili.com/video/BV1PR4y1c7Qt
814,2022-03-18,BV1bT4y1U7oJ,国 足 段 子 大 赏【梗指南】,01:36,527191,314,,937313402,1647601189,https://www.bilibili.com/video/BV1bT4y1U7oJ
815,2022-03-17,BV1dL4y1T7Kd,足痰酸菜是什么梗【梗指南】,01:52,450865,482,,852355401,1647509405,https://www.bilibili.com/video/BV1dL4y1T7Kd
816,2022-03-16,BV1xL4y1T71Z,【补档】这一脚，踢出了整个盛夏是什么梗【梗指南】,01:47,5097721,2158,,852262343,1647413712,https://www.bilibili.com/video/BV1xL4y1T71Z
817,2022-03-16,BV1Eu411z71J,森死皮挠是什么梗【梗指南】,01:47,1249998,1365,,509807560,1647402056,https://www.bilibili.com/video/BV1Eu411z71J
818,2022-03-15,BV1kq4y1e7ni,代言人体验卡是什么梗【梗指南】,01:41,940501,422,,594859244,1647339223,https://www.bilibili.com/video/BV1kq4y1e7ni
819,2022-03-14,BV1sS4y1u72D,690战术核显卡是什么梗【梗指南】,01:42,1125894,1144,,679750480,1647256725,https://www.bilibili.com/video/BV1sS4y1u72D
820,2022-03-13,BV1u34y187Vw,营销号混合症是什么意思【梗指南】,01:45,1320835,1070,,809659915,1647175260,https://www.bilibili.com/video/BV1u34y187Vw
821,2022-03-12,BV11S4y1S7mH,植 树 节 段 子 大 赏【梗指南】,01:51,446656,338,,724682314,1647076640,https://www.bilibili.com/video/BV11S4y1S7mH
822,2022-03-11,BV1Tb4y1s7Ps,B站赌场是什么梗【梗指南】,02:15,1777199,3455,,637201671,1646970610,https://www.bilibili.com/video/BV1Tb4y1s7Ps
823,2022-03-10,BV1hF41147N7,疯狂星期四文学是什么梗【梗指南】,02:08,1757755,493,,297156768,1646907466,https://www.bilibili.com/video/BV1hF41147N7
824,2022-03-08,BV1aL4y1u7av,世界上有五种辣是什么梗【梗指南】,01:33,2508212,5025,,852114919,1646732841,https://www.bilibili.com/video/BV1aL4y1u7av
825,2022-03-07,BV1na411b7qS,讨好型人格是什么意思【梗指南】,01:59,755908,1770,,212088227,1646660697,https://www.bilibili.com/video/BV1na411b7qS
826,2022-03-05,BV1a341157d5,奶奶把我锁在家里是什么梗【梗指南】,02:05,2688369,4607,,424515165,1646476301,https://www.bilibili.com/video/BV1a341157d5
827,2022-03-04,BV1tT4y1S7e4,卑鄙的外乡人是什么梗【梗指南】,02:06,2125522,1405,,936950891,1646391054,https://www.bilibili.com/video/BV1tT4y1S7e4
828,2022-03-03,BV1EL4y1371g,大的要来了是什么梗【梗指南】,01:16,1590467,1232,,851964233,1646300005,https://www.bilibili.com/video/BV1EL4y1371g
829,2022-03-02,BV1M44y1M7SV,TES48是什么梗【梗指南】,02:16,986879,636,,979497110,1646228955,https://www.bilibili.com/video/BV1M44y1M7SV
830,2022-03-01,BV1nL4y1372p,八音盒、嗨害嗨是什么梗【梗指南】,01:23,4016408,1871,,851940603,1646117908,https://www.bilibili.com/video/BV1nL4y1372p
831,2022-02-28,BV1VT4y1S7D2,乌拉是什么梗【梗指南】,01:15,661916,1513,,936931504,1646038952,https://www.bilibili.com/video/BV1VT4y1S7D2
832,2022-02-27,BV1wS4y167TJ,反思怪是什么梗【梗指南】,01:35,626966,1192,,724353714,1645957165,https://www.bilibili.com/video/BV1wS4y167TJ
833,2022-02-26,BV1144y1n7vp,这是可以说的吗、羊胎素是什么梗【梗指南】,02:06,1848704,900,,979304641,1645871646,https://www.bilibili.com/video/BV1144y1n7vp
834,2022-02-25,BV1V3411j7gb,二极管是什么梗【梗指南】,01:12,850445,1059,,424318143,1645790584,https://www.bilibili.com/video/BV1V3411j7gb
835,2022-02-24,BV1PP4y1c7z7,这里是缅甸北部是什么梗【梗指南】,01:17,3099583,4036,,894272478,1645700866,https://www.bilibili.com/video/BV1PP4y1c7z7
836,2022-02-23,BV1Eu411D7W2,玉玉症是什么梗【梗指南】,01:13,864712,883,,509366008,1645618164,https://www.bilibili.com/video/BV1Eu411D7W2
837,2022-02-22,BV1i34y1C7AX,二次元之日是什么梗【梗指南】,01:09,1250270,1001,,809133750,1645528003,https://www.bilibili.com/video/BV1i34y1C7AX
838,2022-02-21,BV1Wr4y1r7P4,timing侠是什么梗【梗指南】,01:50,1614380,823,,766738309,1645438991,https://www.bilibili.com/video/BV1Wr4y1r7P4
839,2022-02-20,BV1AF411J7KX,冬 奥 会 段 子 大 赏【梗指南】,01:46,441010,650,,296721960,1645354118,https://www.bilibili.com/video/BV1AF411J7KX
840,2022-02-19,BV1Ma411C7JJ,成龙劝游记是什么梗【梗指南】,02:09,2583626,2566,,211667674,1645261217,https://www.bilibili.com/video/BV1Ma411C7JJ
841,2022-02-18,BV1ui4y127qD,XR改的是什么梗【梗指南】,01:18,986251,356,,551700718,1645174964,https://www.bilibili.com/video/BV1ui4y127qD
842,2022-02-17,BV1KF411E7ro,你充Q币吗是什么梗【梗指南】,02:24,5125853,3824,,296569652,1645092987,https://www.bilibili.com/video/BV1KF411E7ro
843,2022-02-16,BV1rr4y167cm,†升天†是什么梗【梗指南】,01:13,2093730,3079,,766596315,1645005302,https://www.bilibili.com/video/BV1rr4y167cm
844,2022-02-15,BV1YZ4y1R7x9,颜文字是由什么组成的【梗指南】,01:12,718474,11557,,381517661,1644912543,https://www.bilibili.com/video/BV1YZ4y1R7x9
845,2022-02-13,BV14341177VH,麦地教父是什么梗【梗指南】,02:25,1298069,1926,,424030940,1644741131,https://www.bilibili.com/video/BV14341177VH
846,2022-02-12,BV1uF411n79D,宇宙国是什么梗【梗指南】,01:34,500810,752,,296446598,1644664817,https://www.bilibili.com/video/BV1uF411n79D
847,2022-02-12,BV1Kq4y187RM,宇宙国是什么梗（韩语字幕）【梗指南】,01:34,292625,305,,593930193,1644664748,https://www.bilibili.com/video/BV1Kq4y187RM
848,2022-02-10,BV1eL4y1s7Mh,美式霸凌是什么梗【梗指南】,02:03,2624363,4027,,851403385,1644463208,https://www.bilibili.com/video/BV1eL4y1s7Mh
849,2022-02-09,BV1mr4y1h7VT,超能先生逐渐XX是什么梗【梗指南】,01:16,1159966,902,,766431962,1644402337,https://www.bilibili.com/video/BV1mr4y1h7VT
850,2022-02-08,BV1244y1H7ro,谢谢猎豹是什么梗【梗指南】,01:08,1074589,1474,,978982968,1644319359,https://www.bilibili.com/video/BV1244y1H7ro
851,2022-02-07,BV1wS4y1G7ob,葬天帝是什么梗【梗指南】,01:44,2838037,1785,,681343937,1644242933,https://www.bilibili.com/video/BV1wS4y1G7ob
852,2022-02-06,BV1ZR4y1j7ke,我能受这委屈吗是什么梗【梗指南】,01:36,2877685,1086,,338825120,1644152885,https://www.bilibili.com/video/BV1ZR4y1j7ke
853,2022-02-05,BV1hT4y1C7Tb,铁憨憨是什么梗【梗指南】,01:22,1342341,1169,,936343953,1644045782,https://www.bilibili.com/video/BV1hT4y1C7Tb
854,2022-02-02,BV1ZR4y1T7nP,脸都不要了是什么梗【梗指南】,01:54,1880269,3828,,338640879,1643793630,https://www.bilibili.com/video/BV1ZR4y1T7nP
855,2022-02-02,BV18q4y1F754,芭比Q是什么梗【梗指南】,01:24,3217297,1969,,551154977,1643772615,https://www.bilibili.com/video/BV18q4y1F754
856,2022-01-31,BV1C44y1p7G3,春 节 段 子 大 赏【梗指南】,01:49,1138235,1116,,978677184,1643617191,https://www.bilibili.com/video/BV1C44y1p7G3
857,2022-01-30,BV1FU4y1F7vC,炫沙糖桔是什么梗【梗指南】,01:13,1740873,1221,,678690293,1643534655,https://www.bilibili.com/video/BV1FU4y1F7vC
858,2022-01-29,BV1WF411H7FM,妹说就是零卡是什么梗【梗指南】,01:39,2904149,1014,,296124503,1643445004,https://www.bilibili.com/video/BV1WF411H7FM
859,2022-01-27,BV1DL4y1s7NW,摇摆联盟是什么梗【梗指南】,02:31,1677683,1706,,850939126,1643257803,https://www.bilibili.com/video/BV1DL4y1s7NW
860,2022-01-25,BV1Qm4y1Z7dj,人类的悲欢并不相通是什么梗【梗指南】,01:10,960793,288,,678436495,1643102519,https://www.bilibili.com/video/BV1Qm4y1Z7dj
861,2022-01-24,BV1LS4y1Z7MR,卡农后遗症是什么梗【梗指南】,01:38,2292794,1864,,723491482,1643016007,https://www.bilibili.com/video/BV1LS4y1Z7MR
862,2022-01-23,BV11S4y1o7F8,fake run！跑男是什么梗【梗指南】,01:43,5907241,2920,,723393438,1642926568,https://www.bilibili.com/video/BV11S4y1o7F8
863,2022-01-22,BV1PS4y1o7t3,快住手，这根本就不是二创是什么梗【梗指南】,01:23,1719235,709,,723256170,1642839223,https://www.bilibili.com/video/BV1PS4y1o7t3
864,2022-01-21,BV1Gf4y1F711,寄！GG是什么梗【梗指南】,01:45,2582740,1908,,380854047,1642760680,https://www.bilibili.com/video/BV1Gf4y1F711
865,2022-01-19,BV1ZZ4y1f7eP,emotional damage是什么梗【梗指南】,01:46,3123934,1118,,380769789,1642591641,https://www.bilibili.com/video/BV1ZZ4y1f7eP
866,2022-01-18,BV1bF411p7Lg,金钱豹是什么梗【梗指南】,01:18,2997277,1827,,295847691,1642494116,https://www.bilibili.com/video/BV1bF411p7Lg
867,2022-01-17,BV1Kq4y117gN,麦乐鸡侠是什么梗【梗指南】,01:50,2482456,2793,,593216890,1642422395,https://www.bilibili.com/video/BV1Kq4y117gN
868,2022-01-16,BV1tL411c7hU,弹幕下围棋是什么梗【梗指南】,02:16,1776925,1513,,465693700,1642323263,https://www.bilibili.com/video/BV1tL411c7hU
869,2022-01-15,BV13q4y117in,我在大润发杀了十年的鱼是什么梗【梗指南】,01:17,2261671,388,,593206741,1642249187,https://www.bilibili.com/video/BV13q4y117in
870,2022-01-14,BV1CR4y1g7Dw,老师，菜菜，捞捞是什么梗【梗指南】,01:20,1460843,805,,338164895,1642157442,https://www.bilibili.com/video/BV1CR4y1g7Dw
871,2022-01-13,BV1334y1i7UB,幻塔，。是什么梗【梗指南】,01:41,3043543,1727,,808217860,1642071938,https://www.bilibili.com/video/BV1334y1i7UB
872,2022-01-12,BV11Y41187r4,道理哥是什么梗【梗指南】,02:29,2777304,2620,,253038649,1641973378,https://www.bilibili.com/video/BV11Y41187r4
873,2022-01-11,BV1au41127GU,穿山甲联盟是什么梗【梗指南】,01:43,1781626,1666,,508071168,1641889853,https://www.bilibili.com/video/BV1au41127GU
874,2022-01-10,BV1AS4y1j7Ky,剑魔区up主是什么梗【梗指南】,01:46,2260435,1154,,680553736,1641808683,https://www.bilibili.com/video/BV1AS4y1j7Ky
875,2022-01-09,BV16Z4y1S75y,我与曹贼何异是什么梗【梗指南】,01:10,1279074,801,,380561128,1641719891,https://www.bilibili.com/video/BV16Z4y1S75y
876,2022-01-06,BV19Z4y1U7Mh,的地得警察是什么梗【梗指南】,01:26,1199411,1458,,380376493,1641466040,https://www.bilibili.com/video/BV19Z4y1U7Mh
877,2022-01-05,BV1Zq4y1C7aC,我用xx摆烂我的AE作业是什么梗【梗指南】,03:06,1632112,544,,592996251,1641375295,https://www.bilibili.com/video/BV1Zq4y1C7aC
878,2022-01-04,BV1kR4y1u7ER,防止小孩误食是什么梗【梗指南】,01:28,1860479,3696,,337964798,1641288195,https://www.bilibili.com/video/BV1kR4y1u7ER
879,2022-01-03,BV1Fi4y197S4,X女士说得对是什么梗【梗指南】,01:19,2178295,957,,550382449,1641206254,https://www.bilibili.com/video/BV1Fi4y197S4
880,2022-01-02,BV1BM4y1F7ao,AEBD是什么梗【梗指南】,01:38,2451115,3238,,935294346,1641120654,https://www.bilibili.com/video/BV1BM4y1F7ao
881,2021-12-31,BV1jR4y137VU,跨 年 段 子 大 赏【梗指南】,02:53,637484,754,,337707026,1640923206,https://www.bilibili.com/video/BV1jR4y137VU
882,2021-12-30,BV1Wm4y1Q7YZ,你发癫人家问地你答天是什么梗【梗指南】,01:29,574246,607,,677724447,1640858351,https://www.bilibili.com/video/BV1Wm4y1Q7YZ
883,2021-12-29,BV1r3411v7an,已经在谷底了是什么梗【梗指南】,01:41,2928369,2778,,422681185,1640773089,https://www.bilibili.com/video/BV1r3411v7an
884,2021-12-28,BV1Ku411D7Gr,俺の愛馬が是什么梗【梗指南】,01:53,1778447,1929,,507718955,1640691492,https://www.bilibili.com/video/BV1Ku411D7Gr
885,2021-12-27,BV1P34y1z7Ft,钝角是什么梗【梗指南】,01:40,2450466,3954,,807724400,1640604726,https://www.bilibili.com/video/BV1P34y1z7Ft
886,2021-12-26,BV1U34y167vA,abandon是什么梗【梗指南】,01:11,1792748,665,,807513248,1640509245,https://www.bilibili.com/video/BV1U34y167vA
887,2021-12-25,BV1H34y1r7uP,padoru是什么梗【梗指南】,02:43,2614879,1243,,807613321,1640404809,https://www.bilibili.com/video/BV1H34y1r7uP
888,2021-12-23,BV1fY411H7yk,半场开香槟是什么梗【梗指南】,01:06,1894588,897,,252607464,1640258516,https://www.bilibili.com/video/BV1fY411H7yk
889,2021-12-22,BV1NM4y1w7YT,一薇是什么梗【梗指南】,01:04,269141,164,,935052784,1640170206,https://www.bilibili.com/video/BV1NM4y1w7YT
890,2021-12-21,BV1Tm4y197iK,专业配音员是什么梗【梗指南】,01:40,2593077,1754,,677543051,1640089799,https://www.bilibili.com/video/BV1Tm4y197iK
891,2021-12-20,BV1mY411W7de,我怕E宝误会是什么梗【梗指南】,01:36,1078020,468,,252432822,1639995589,https://www.bilibili.com/video/BV1mY411W7de
892,2021-12-19,BV1qS4y1Q78n,虚空索敌是什么梗【梗指南】,01:04,1725935,331,,722427197,1639910906,https://www.bilibili.com/video/BV1qS4y1Q78n
893,2021-12-18,BV1RF411q7gk,去码头整点薯条是什么梗【梗指南】,01:16,3694064,1185,,294997338,1639817829,https://www.bilibili.com/video/BV1RF411q7gk
894,2021-12-17,BV1uP4y1H77r,啊怎么会呢是什么梗【梗指南】,01:41,1645797,624,,892460021,1639733404,https://www.bilibili.com/video/BV1uP4y1H77r
895,2021-12-16,BV1H34y197bg,十年老粉是什么梗【梗指南】,01:29,547090,391,,807367005,1639627213,https://www.bilibili.com/video/BV1H34y197bg
896,2021-12-15,BV1vg411w7aT,扣1送xx是什么梗【梗指南】,01:02,1044880,1250,,507369758,1639540815,https://www.bilibili.com/video/BV1vg411w7aT
897,2021-12-11,BV1cM4y1c7WY,如果xx的话是什么梗【梗指南】,01:14,823292,751,,934810713,1639213220,https://www.bilibili.com/video/BV1cM4y1c7WY
898,2021-12-10,BV1iP4y137Wg,自罚两杯是什么梗【梗指南】,01:04,413622,822,,892167263,1639127588,https://www.bilibili.com/video/BV1iP4y137Wg
899,2021-12-09,BV1QS4y1D7NT,绿头鱼是什么梗【梗指南】,01:26,1137542,779,,722241250,1639064728,https://www.bilibili.com/video/BV1QS4y1D7NT
900,2021-12-08,BV1Jb4y1i7J9,群青meme是什么梗【梗指南】,01:29,5246779,3452,,634670621,1638972567,https://www.bilibili.com/video/BV1Jb4y1i7J9
901,2021-12-06,BV1AZ4y197aE,Google Ngram是什么梗【梗指南】,01:50,1270921,631,,379646303,1638804201,https://www.bilibili.com/video/BV1AZ4y197aE
902,2021-12-05,BV1C341147Ca,你叉叉是什么梗【梗指南】,02:48,972810,1734,,422211216,1638703776,https://www.bilibili.com/video/BV1C341147Ca
903,2021-12-04,BV1GL41177Qz,你怎么睡得着的是什么梗【梗指南】,01:27,1212630,451,,464571929,1638625821,https://www.bilibili.com/video/BV1GL41177Qz
904,2021-12-02,BV1Wg411A7k7,抛开事实不谈是什么梗【梗指南】,01:31,652282,906,,507006324,1638450090,https://www.bilibili.com/video/BV1Wg411A7k7
905,2021-12-01,BV1tM4y1w74E,我将以高达形态出击是什么梗【梗指南】,01:31,775371,830,,934601769,1638364042,https://www.bilibili.com/video/BV1tM4y1w74E
906,2021-12-01,BV1PL4y1W7DA,2 0 2 1 热 梗 年 度 总 结【梗指南】,07:03,1431106,4856,,849513550,1638333048,https://www.bilibili.com/video/BV1PL4y1W7DA
907,2021-11-30,BV1Eq4y1z7yt,一定是XX的阴谋是什么梗【梗指南】,01:27,353176,2115,,592059690,1638282123,https://www.bilibili.com/video/BV1Eq4y1z7yt
908,2021-11-29,BV16S4y1X7Lv,破防是什么梗【梗指南】,01:36,593626,614,,722107527,1638196572,https://www.bilibili.com/video/BV16S4y1X7Lv
909,2021-11-29,BV1GS4y1X7wH,摆烂是什么梗【梗指南】,01:19,2127870,2836,,721978954,1638158401,https://www.bilibili.com/video/BV1GS4y1X7wH
910,2021-11-26,BV1T3411b73Y,女强人制造机是什么梗【梗指南】,02:24,1621043,2148,,421924721,1637941388,https://www.bilibili.com/video/BV1T3411b73Y
911,2021-11-25,BV1w3411b7Fc,水母迷因是什么梗【梗指南】,01:39,1771530,661,,421901186,1637854715,https://www.bilibili.com/video/BV1w3411b7Fc
912,2021-11-24,BV113411t7zL,狗卡是什么梗【梗指南】,02:12,601818,954,,421886232,1637767672,https://www.bilibili.com/video/BV113411t7zL
913,2021-11-22,BV1F44y1Y717,火影手游2000是什么梗【梗指南】,01:16,2475052,1554,,976784082,1637592237,https://www.bilibili.com/video/BV1F44y1Y717
914,2021-11-21,BV1oS4y197FW,自爆卡车是什么梗【梗指南】,01:08,1791946,1015,,721794440,1637505078,https://www.bilibili.com/video/BV1oS4y197FW
915,2021-11-20,BV1iQ4y1U7Af,炸锅文学是什么梗【梗指南】,02:22,875003,2730,,719267440,1637417309,https://www.bilibili.com/video/BV1iQ4y1U7Af
916,2021-11-20,BV16Q4y1v7sW,高级特工、催逝员是什么梗【梗指南】,02:36,3133806,2523,,719364872,1637337693,https://www.bilibili.com/video/BV16Q4y1v7sW
917,2021-11-19,BV1fb4y1t7gN,警惕拜登打xx牌是什么梗【梗指南】,01:43,2132078,6280,,634285694,1637251948,https://www.bilibili.com/video/BV1fb4y1t7gN
918,2021-11-17,BV1qQ4y1v796,快进到XX是什么梗【梗指南】,01:20,524696,726,,719356436,1637157515,https://www.bilibili.com/video/BV1qQ4y1v796
919,2021-11-15,BV1g44y1v7KJ,现代成语大会是什么梗【梗指南】,01:24,499735,319,,976714236,1636980205,https://www.bilibili.com/video/BV1g44y1v7KJ
920,2021-11-14,BV18R4y1t7b3,口口文学是什么梗【梗指南】,01:25,1608421,1539,,336712068,1636903720,https://www.bilibili.com/video/BV18R4y1t7b3
921,2021-11-13,BV1dQ4y1m7uN,希望人没事是什么梗【梗指南】,01:09,918424,432,,719136652,1636806655,https://www.bilibili.com/video/BV1dQ4y1m7uN
922,2021-11-11,BV1n44y1e7wr,南极贱畜是什么梗【梗指南】,01:38,3484524,5702,,976548175,1636635986,https://www.bilibili.com/video/BV1n44y1e7wr
923,2021-11-10,BV1EP4y1j7zG,她逃他追他们插翅难飞是什么梗【梗指南】,01:24,1032419,407,,891511691,1636558669,https://www.bilibili.com/video/BV1EP4y1j7zG
924,2021-11-09,BV1fh411t7WE,阿瑟文学是什么梗【梗指南】,01:55,2631301,4205,,209123775,1636468301,https://www.bilibili.com/video/BV1fh411t7WE
925,2021-11-07,BV1AP4y15718,魔怔人是什么梗【梗指南】,01:04,955067,1815,,891566986,1636287819,https://www.bilibili.com/video/BV1AP4y15718
926,2021-11-07,BV18F411Y7DU,世界聚焦于你是什么梗【梗指南】,01:23,609460,333,,294103686,1636223497,https://www.bilibili.com/video/BV18F411Y7DU
927,2021-11-05,BV1r34y1o7Ak,如果EDG夺冠我就xx是什么梗【梗指南】,01:41,622144,1039,,806448324,1636120183,https://www.bilibili.com/video/BV1r34y1o7Ak
928,2021-11-04,BV13q4y1V7eE,"我看不懂,但我大受震撼是什么梗【梗指南】",01:43,984528,402,,548915483,1636036983,https://www.bilibili.com/video/BV13q4y1V7eE
929,2021-11-03,BV1QP4y1L7u2,炮形态波比是什么梗【梗指南】,01:12,1173788,925,,891396076,1635947666,https://www.bilibili.com/video/BV1QP4y1L7u2
930,2021-11-01,BV1dq4y1g7b9,行走的50万是什么梗【梗指南】,01:17,1290300,1490,,548964239,1635776943,https://www.bilibili.com/video/BV1dq4y1g7b9
931,2021-11-01,BV1VT4y1d7Gz,7777777是什么梗【梗指南】,01:18,1307940,1477,,933911593,1635699465,https://www.bilibili.com/video/BV1VT4y1d7Gz
932,2021-10-31,BV1Nf4y1u72z,优势在我是什么梗【梗指南】,01:21,5658658,2236,,378916799,1635660290,https://www.bilibili.com/video/BV1Nf4y1u72z
933,2021-10-30,BV1iF411a7rQ,Vtuber一问一答是什么梗【梗指南】,01:49,1088082,367,,293959133,1635600218,https://www.bilibili.com/video/BV1iF411a7rQ
934,2021-10-29,BV1Nb4y1a7Qf,学霸题是什么梗【梗指南】,01:47,1364608,833,,633808354,1635516180,https://www.bilibili.com/video/BV1Nb4y1a7Qf
935,2021-10-29,BV1EQ4y1q757,豆瓣评分是什么梗【梗指南】,01:37,1212711,2200,,721256766,1635513214,https://www.bilibili.com/video/BV1EQ4y1q757
936,2021-10-27,BV1X3411r7PN,中国人不骗中国人是什么梗【梗指南】,01:31,4950490,3108,,421294802,1635342752,https://www.bilibili.com/video/BV1X3411r7PN
937,2021-10-26,BV1oQ4y1U74v,波澜哥是什么梗【梗指南】,02:36,553963,923,,718813761,1635257071,https://www.bilibili.com/video/BV1oQ4y1U74v
938,2021-10-25,BV1LQ4y1S7KC,TheShy来了全杀了是什么梗【梗指南】,01:09,2026559,425,,718869113,1635092854,https://www.bilibili.com/video/BV1LQ4y1S7KC
939,2021-10-22,BV1Yq4y197zF,朝阳群众是什么梗【梗指南】,01:27,455056,288,,591198727,1634902053,https://www.bilibili.com/video/BV1Yq4y197zF
940,2021-10-21,BV1Ku411f7sd,演的吧是什么梗【梗指南】,01:28,499645,214,,506165549,1634827703,https://www.bilibili.com/video/BV1Ku411f7sd
941,2021-10-20,BV1v44y1v7Xa,青春疼痛文学是什么梗【梗指南】,01:57,612121,1813,,976238110,1634739297,https://www.bilibili.com/video/BV1v44y1v7Xa
942,2021-10-18,BV1qf4y1g7yA,为什么不ban猛犸是什么梗【梗指南】,01:41,2363547,1531,,378689674,1634566349,https://www.bilibili.com/video/BV1qf4y1g7yA
943,2021-10-17,BV1yu411d7P6,大数据请记住我是什么梗【梗指南】,01:01,315917,193,,506226112,1634480538,https://www.bilibili.com/video/BV1yu411d7P6
944,2021-10-16,BV1C34y1m7fK,我的护球像亨利是什么梗【梗指南】,01:59,490595,376,,806238147,1634391947,https://www.bilibili.com/video/BV1C34y1m7fK
945,2021-10-14,BV1q44y1x7HC,英雄联盟设计师是什么梗【梗指南】,02:37,1235111,1255,,976064063,1634221295,https://www.bilibili.com/video/BV1q44y1x7HC
946,2021-10-13,BV1wQ4y1z75p,当代语言艺术家是什么梗【梗指南】,01:12,382980,251,,721068833,1634137784,https://www.bilibili.com/video/BV1wQ4y1z75p
947,2021-10-12,BV1gR4y1J7S9,哥谭再次陷入尴尬是什么梗【梗指南】,01:26,3431900,2021,,336108543,1634043149,https://www.bilibili.com/video/BV1gR4y1J7S9
948,2021-10-11,BV1m3411C7mn,助力每一个梦想是什么梗【梗指南】,01:39,610734,454,,421115619,1633966217,https://www.bilibili.com/video/BV1m3411C7mn
949,2021-10-10,BV1rF411Y7uW,水洗蛋蛋是什么梗【梗指南】,01:09,1443077,500,,293609754,1633879828,https://www.bilibili.com/video/BV1rF411Y7uW
950,2021-10-09,BV1BL411s7nj,x老师退出文坛是什么梗【梗指南】,01:30,929403,376,,463394727,1633788718,https://www.bilibili.com/video/BV1BL411s7nj
951,2021-10-08,BV1ah411H7dh,"糟了,我成替身了是什么梗【梗指南】",01:36,1525829,400,,208389381,1633700133,https://www.bilibili.com/video/BV1ah411H7dh
952,2021-10-07,BV1ET4y1f7v3,双枪会给出答案是什么梗【梗指南】,01:12,3644575,2124,,933431588,1633613353,https://www.bilibili.com/video/BV1ET4y1f7v3
953,2021-10-06,BV17h411J7Rv,双标美羊羊是什么梗【梗指南】,02:06,1853579,3543,,208441787,1633505022,https://www.bilibili.com/video/BV17h411J7Rv
954,2021-10-05,BV1Sq4y1R7oT,xx诱捕器是什么梗【梗指南】,01:53,760443,2118,,590924798,1633447805,https://www.bilibili.com/video/BV1Sq4y1R7oT
955,2021-10-04,BV1zv411g77G,老子打的就是精锐是什么梗【梗指南】,01:38,335975,401,,250977589,1633350751,https://www.bilibili.com/video/BV1zv411g77G
956,2021-10-02,BV1rf4y1j7gp,健达奇趣蛋是什么梗【梗指南】,01:43,3069215,3805,,293360305,1633190002,https://www.bilibili.com/video/BV1rf4y1j7gp
957,2021-09-30,BV1964y187Y9,阿姨停电了是什么梗【梗指南】,01:42,1865345,952,,763299527,1633002523,https://www.bilibili.com/video/BV1964y187Y9
958,2021-09-29,BV11u411f7RL,已婚是什么梗【梗指南】,01:19,3033295,1758,,505766754,1632905358,https://www.bilibili.com/video/BV11u411f7RL
959,2021-09-27,BV1764y187Mq,晒足180天是什么梗【梗指南】,01:12,1464615,713,,763180139,1632720850,https://www.bilibili.com/video/BV1764y187Mq
960,2021-09-26,BV1wM4y137Mo,佛媛是什么梗【梗指南】,01:05,472080,165,,933129020,1632628718,https://www.bilibili.com/video/BV1wM4y137Mo
961,2021-09-24,BV1s44y147JD,922768是什么梗【梗指南】,02:07,1037286,309,,975721012,1632487515,https://www.bilibili.com/video/BV1s44y147JD
962,2021-09-24,BV1uq4y1o7Vp,穷哈是什么梗【梗指南】,01:50,709913,579,,590626143,1632457251,https://www.bilibili.com/video/BV1uq4y1o7Vp
963,2021-09-23,BV1564y187oS,干净又卫生是什么梗【梗指南】,02:17,1679052,2456,,763172653,1632372022,https://www.bilibili.com/video/BV1564y187oS
964,2021-09-22,BV1VL41147Qf,Ngana Rindu零元购是什么梗【梗指南】,02:42,3239504,3198,,463148986,1632279616,https://www.bilibili.com/video/BV1VL41147Qf
965,2021-09-21,BV1Fv411A7LA,社交牛杂症是什么梗【梗指南】,01:22,1292075,3160,,250563546,1632193145,https://www.bilibili.com/video/BV1Fv411A7LA
966,2021-09-20,BV1jP4y1h7ha,身高185是什么梗【梗指南】,01:17,1308256,727,,890539424,1632110503,https://www.bilibili.com/video/BV1jP4y1h7ha
967,2021-09-19,BV1sf4y1P7hz,青莲地心火是什么梗【梗指南】,01:47,1961984,791,,378001977,1632026488,https://www.bilibili.com/video/BV1sf4y1P7hz
968,2021-09-17,BV1mQ4y1r7V5,十三香是什么梗【梗指南】,01:01,1560550,809,,720595683,1631891120,https://www.bilibili.com/video/BV1mQ4y1r7V5
969,2021-09-16,BV15341127EQ,傻宝是什么梗【梗指南】,01:05,632193,443,,420573485,1631800141,https://www.bilibili.com/video/BV15341127EQ
970,2021-09-15,BV1oQ4y1r748,黑人小哥跳舞是什么梗【梗指南】,02:41,267886,334,,720622502,1631707988,https://www.bilibili.com/video/BV1oQ4y1r748
971,2021-09-14,BV1Ch411H7cx,xx要开始加速了是什么梗【梗指南】,01:35,3272247,1533,,207897272,1631593801,https://www.bilibili.com/video/BV1Ch411H7cx
972,2021-09-13,BV1GQ4y1y7YS,x分钟是什么梗【梗指南】,01:08,371970,1064,,717887107,1631525988,https://www.bilibili.com/video/BV1GQ4y1y7YS
973,2021-09-11,BV1KP4y1Y7WV,偷吃贡品、啊对对对是什么梗【梗指南】,01:30,5190351,2118,,890403936,1631367671,https://www.bilibili.com/video/BV1KP4y1Y7WV
974,2021-09-10,BV1Lf4y1n724,半括号是什么梗【梗指南】,01:07,2350334,2840,,292981411,1631284869,https://www.bilibili.com/video/BV1Lf4y1n724
975,2021-09-09,BV1864y1h79V,早知道还是原道是什么梗【梗指南】,01:22,2368338,739,,762926770,1631201926,https://www.bilibili.com/video/BV1864y1h79V
976,2021-09-08,BV1aM4y1G7Ym,老六是什么梗【梗指南】,01:14,4972347,1764,,932898897,1631107361,https://www.bilibili.com/video/BV1aM4y1G7Ym
977,2021-09-07,BV1yf4y1A7Cj,人不行，别怪路不平是什么梗【梗指南】,01:18,2791196,1407,,377869779,1631023673,https://www.bilibili.com/video/BV1yf4y1A7Cj
978,2021-09-06,BV1Wf4y1A7MT,810975是什么梗【梗指南】,02:09,1170007,603,,377800352,1630942348,https://www.bilibili.com/video/BV1Wf4y1A7MT
979,2021-09-05,BV1oy4y1G7k4,别再给我发XX了是什么梗【梗指南】,01:52,667145,254,,805291979,1630851629,https://www.bilibili.com/video/BV1oy4y1G7k4
980,2021-09-03,BV1pf4y1J7Dv,几个通辽是什么梗【梗指南】,01:17,3284897,1604,,292840935,1630668619,https://www.bilibili.com/video/BV1pf4y1J7Dv
981,2021-09-02,BV1UL411472N,学姐好是什么梗【梗指南】,01:29,789093,1151,,462771208,1630580418,https://www.bilibili.com/video/BV1UL411472N
982,2021-09-01,BV1iq4y1U73C,shot on iphone是什么梗【梗指南】,01:07,1307692,243,,590199127,1630504732,https://www.bilibili.com/video/BV1iq4y1U73C
983,2021-08-31,BV1cU4y177wy,近期私信解答第二期【梗指南】,02:20,459732,959,,675159904,1630422467,https://www.bilibili.com/video/BV1cU4y177wy
984,2021-08-30,BV1ZU4y1j7zx,空耳梗合集第三期【梗指南】,03:05,586003,1523,,675182782,1630322462,https://www.bilibili.com/video/BV1ZU4y1j7zx
985,2021-08-28,BV1e3411i74u,337845818是什么梗【梗指南】,01:41,2770906,2077,,420233058,1630140376,https://www.bilibili.com/video/BV1e3411i74u
986,2021-08-25,BV1Ay4y1G7c3,空耳梗合集第二期【梗指南】,04:30,1239151,4200,,805083770,1629875409,https://www.bilibili.com/video/BV1Ay4y1G7c3
987,2021-08-24,BV1K64y1v7AN,吃个桃桃是什么梗【梗指南】,01:54,4702536,29334,,762545520,1629795830,https://www.bilibili.com/video/BV1K64y1v7AN
988,2021-08-23,BV1zg41157bn,原作:石森章太郎是什么梗【梗指南】,01:48,1972623,1491,,505007951,1629717455,https://www.bilibili.com/video/BV1zg41157bn
989,2021-08-22,BV1sQ4y1Y7bK,我免费了是什么梗【梗指南】,01:05,3174587,1952,,720010213,1629623322,https://www.bilibili.com/video/BV1sQ4y1Y7bK
990,2021-08-21,BV1Aq4y1D7Fj,空耳梗合集第一期【梗指南】,03:55,981245,2589,,589958687,1629540007,https://www.bilibili.com/video/BV1Aq4y1D7Fj
991,2021-08-20,BV1VM4y1L73L,管理学是什么梗【梗指南】,01:24,401945,351,,932375874,1629428596,https://www.bilibili.com/video/BV1VM4y1L73L
992,2021-08-19,BV1T341167AS,Get Down舞是什么梗【梗指南】,01:25,1296555,615,,419908985,1629358378,https://www.bilibili.com/video/BV1T341167AS
993,2021-08-18,BV1oq4y1S7dQ,康熙怒斥群臣是什么梗【梗指南】,03:13,557792,1388,,589974673,1629259945,https://www.bilibili.com/video/BV1oq4y1S7dQ
994,2021-08-17,BV13L4y1v7kZ,yee是什么梗【梗指南】,01:37,4923588,4177,,847484533,1629170545,https://www.bilibili.com/video/BV13L4y1v7kZ
995,2021-08-16,BV19L411E7xU,你那是馋她的身子是什么梗【梗指南】,01:23,287346,266,,462276658,1629083802,https://www.bilibili.com/video/BV19L411E7xU
996,2021-08-15,BV1Qo4y1m7gX,社交牛逼症是什么梗【梗指南】,01:16,1633018,2241,,377279652,1628998058,https://www.bilibili.com/video/BV1Qo4y1m7gX
997,2021-08-14,BV18Q4y127j3,苏州科技大学是什么梗【梗指南】,01:46,3376188,1411,,717317788,1628932653,https://www.bilibili.com/video/BV18Q4y127j3
998,2021-08-13,BV1yh411B79F,这就是青春是什么梗【梗指南】,01:50,6116223,4606,,207324583,1628827206,https://www.bilibili.com/video/BV1yh411B79F
999,2021-08-12,BV1b64y1q7WP,网红体是什么梗【梗指南】,01:12,591853,804,,759869249,1628760800,https://www.bilibili.com/video/BV1b64y1q7WP
1000,2021-08-11,BV1x44y1y7GM,这位更是重量级是什么梗【梗指南】,01:15,5617100,2212,,974817831,1628675702,https://www.bilibili.com/video/BV1x44y1y7GM
1001,2021-08-10,BV1Fo4y1D7J2,这是一场试炼是什么梗【梗指南】,01:30,2330040,1371,,377142056,1628590890,https://www.bilibili.com/video/BV1Fo4y1D7J2
1002,2021-08-09,BV1Zh411q75H,你搁这搁这呢是什么梗【梗指南】,01:06,1352572,1062,,207175034,1628513996,https://www.bilibili.com/video/BV1Zh411q75H
1003,2021-08-08,BV1t3411r7Rp,emo是什么梗【梗指南】,01:22,2616724,2650,,419643663,1628417406,https://www.bilibili.com/video/BV1t3411r7Rp
1004,2021-08-06,BV16M4y157wk,痛失韩国市场是什么梗【梗指南】,01:11,3375630,3149,,932231154,1628221215,https://www.bilibili.com/video/BV16M4y157wk
1005,2021-08-05,BV1zM4y157C1,下赛季你防詹姆斯是什么梗【梗指南】,01:14,1914127,1157,,932232131,1628161370,https://www.bilibili.com/video/BV1zM4y157C1
1006,2021-08-04,BV1X64y1W73j,可恶 被他装到了是什么梗【梗指南】,02:19,1501016,719,,762124281,1628071207,https://www.bilibili.com/video/BV1X64y1W73j
1007,2021-08-03,BV12A411A7v9,人类高质量油物是什么梗【梗指南】,01:09,2794656,1585,,334506303,1627990502,https://www.bilibili.com/video/BV12A411A7v9
1008,2021-08-01,BV1aM4y1N7rK,纯狱风是什么梗【梗指南】,01:15,544502,384,,932021185,1627824057,https://www.bilibili.com/video/BV1aM4y1N7rK
1009,2021-07-31,BV1i64y1W7zw,手撕鬼子是什么梗【梗指南】,01:15,1281946,1064,,762102313,1627735041,https://www.bilibili.com/video/BV1i64y1W7zw
1010,2021-07-28,BV1h341167jg,你完全不XX是吗是什么梗【梗指南】,01:04,1882709,1012,,419462769,1627443009,https://www.bilibili.com/video/BV1h341167jg
1011,2021-07-26,BV1tv411E75i,六公主是什么梗【梗指南】,01:29,1971354,984,,249388752,1627295411,https://www.bilibili.com/video/BV1tv411E75i
1012,2021-07-25,BV13U4y1H7TR,坚持和努力是什么梗【梗指南】,01:17,1165964,967,,674401332,1627185254,https://www.bilibili.com/video/BV13U4y1H7TR
1013,2021-07-23,BV1pv411E7vs,接地府是什么梗【梗指南】,01:31,400907,666,,249337871,1627055530,https://www.bilibili.com/video/BV1pv411E7vs
1014,2021-07-23,BV1iq4y1W78Z,传下去是什么梗【梗指南】,01:49,789899,378,,546752821,1627040108,https://www.bilibili.com/video/BV1iq4y1W78Z
1015,2021-07-22,BV1jU4y1n7tF,以手册之力击碎主播是什么梗【梗指南】,01:44,867444,800,,674250773,1626928987,https://www.bilibili.com/video/BV1jU4y1n7tF
1016,2021-07-21,BV1TM4y1T7f9,拖更云的鹰佐教学是什么梗【梗指南】,01:26,2147755,990,,931840201,1626841277,https://www.bilibili.com/video/BV1TM4y1T7f9
1017,2021-07-19,BV1844y1m7Zd,我的很大你忍一下是什么梗【梗指南】,01:10,3637456,2558,,974371057,1626692057,https://www.bilibili.com/video/BV1844y1m7Zd
1018,2021-07-19,BV1kb4y167N2,捡手机文学是什么梗【梗指南】,01:01,689632,202,,631850384,1626667936,https://www.bilibili.com/video/BV1kb4y167N2
1019,2021-07-18,BV1dB4y1N7vB,这瓜保熟吗是什么梗【梗指南】,02:12,1578564,1086,,589224498,1626581743,https://www.bilibili.com/video/BV1dB4y1N7vB
1020,2021-07-17,BV1tw411d7og,舰长行为是什么梗【梗指南】,01:16,1375399,710,,334162439,1626496573,https://www.bilibili.com/video/BV1tw411d7og
1021,2021-07-16,BV1LK4y1u7jC,志豪哥是什么梗【梗指南】,01:10,1253408,676,,889178837,1626418372,https://www.bilibili.com/video/BV1LK4y1u7jC
1022,2021-07-15,BV11w411d7V9,红伞伞白杆杆是什么梗【梗指南】,01:20,885616,614,,334180413,1626321962,https://www.bilibili.com/video/BV11w411d7V9
1023,2021-07-14,BV11g411T7NZ,哦哦哦哦哦哦是什么梗【梗指南】,01:39,3924782,1545,,504150681,1626263540,https://www.bilibili.com/video/BV11g411T7NZ
1024,2021-07-13,BV1mg411T7i4,人类高质量男性求偶是什么梗【梗指南】,02:56,1291609,2162,,504191971,1626149245,https://www.bilibili.com/video/BV1mg411T7i4
1025,2021-07-12,BV1L54y1n7uY,你礼貌吗是什么梗【梗指南】,00:56,1912633,785,,846585981,1626065910,https://www.bilibili.com/video/BV1L54y1n7uY
1026,2021-07-11,BV1Mo4y1X75r,首先是犯下傲慢之罪是什么梗【梗指南】,01:07,4034938,1222,,376510695,1626007801,https://www.bilibili.com/video/BV1Mo4y1X75r
1027,2021-07-10,BV1CM4y1M77a,拿来吧你是什么梗【梗指南】,01:09,2428231,1396,,931595738,1625914382,https://www.bilibili.com/video/BV1CM4y1M77a
1028,2021-07-09,BV17L411W7t6,加把劲骑士是什么梗【梗指南】,01:03,593363,239,,461557994,1625827488,https://www.bilibili.com/video/BV17L411W7t6
1029,2021-07-08,BV1i64y147gS,KKSK是什么梗【梗指南】,01:24,3763016,4893,,761609115,1625746216,https://www.bilibili.com/video/BV1i64y147gS
1030,2021-07-06,BV1R44y1q7zj,侏罗纪老头是什么梗【梗指南】,01:36,2733670,6319,,974072091,1625575425,https://www.bilibili.com/video/BV1R44y1q7zj
1031,2021-07-05,BV1Yf4y1L7mw,心情激动表情包的出处是哪里【梗指南】,01:24,1237416,733,,291540973,1625496067,https://www.bilibili.com/video/BV1Yf4y1L7mw
1032,2021-07-04,BV1tV411x7fk,绝绝子、xx子是什么梗【梗指南】,01:11,468944,2168,,418876492,1625400735,https://www.bilibili.com/video/BV1tV411x7fk
1033,2021-07-03,BV1Yf4y1b7ax,葛平是谁【梗指南】,01:53,657266,561,,291454772,1625322562,https://www.bilibili.com/video/BV1Yf4y1b7ax
1034,2021-07-02,BV19v411H7cA,京图是什么梗【梗指南】,01:05,311073,309,,248973614,1625235556,https://www.bilibili.com/video/BV19v411H7cA
1035,2021-07-01,BV15w411Z77n,索尼已经断气了是什么梗【梗指南】,01:20,295030,191,,333949725,1625132524,https://www.bilibili.com/video/BV15w411Z77n
1036,2021-06-30,BV18h411h7wt,321开团是什么梗【梗指南】,01:12,1771678,1281,,206463976,1625064372,https://www.bilibili.com/video/BV18h411h7wt
1037,2021-06-27,BV1N44y1z7fk,躬匠精神是什么梗【梗指南】,01:03,274788,169,,973777772,1624784414,https://www.bilibili.com/video/BV1N44y1z7fk
1038,2021-06-26,BV1Qv411n7LL,爱尔兰酒局笑话是什么梗【梗指南】,01:21,646742,189,,248805478,1624698016,https://www.bilibili.com/video/BV1Qv411n7LL
1039,2021-06-25,BV1dy4y1T7Tv,考试周破防是什么梗【梗指南】,01:25,2562224,382,,803790755,1624611617,https://www.bilibili.com/video/BV1dy4y1T7Tv
1040,2021-06-24,BV1k64y1t7PK,敌羞吾去脱她衣是什么梗【梗指南】,01:01,1327616,284,,761328225,1624527022,https://www.bilibili.com/video/BV1k64y1t7PK
1041,2021-06-23,BV1y54y1H74N,S代表着什么是什么梗【梗指南】,01:05,2187089,3614,,846354086,1624446625,https://www.bilibili.com/video/BV1y54y1H74N
1042,2021-06-22,BV17V411x7JY,纪昆荣耀是什么梗【梗指南】,01:15,783085,258,,418871377,1624365543,https://www.bilibili.com/video/BV17V411x7JY
1043,2021-06-21,BV1cK4y1g7YM,两老外对骂丢凳子是什么梗【梗指南】,01:21,476635,202,,888768359,1624290413,https://www.bilibili.com/video/BV1cK4y1g7YM
1044,2021-06-20,BV1Uf4y187sp,官方认证汉奸是什么梗【梗指南】,01:07,413434,177,,291208513,1624188122,https://www.bilibili.com/video/BV1Uf4y187sp
1045,2021-06-18,BV1Qf4y187BS,热爱105℃的你是什么梗【梗指南】,01:23,1345367,916,,291180745,1624011641,https://www.bilibili.com/video/BV1Qf4y187BS
1046,2021-06-17,BV1KK4y1G775,YYDS是什么梗【梗指南】,01:27,627537,1023,,888648379,1623940461,https://www.bilibili.com/video/BV1KK4y1G775
1047,2021-06-17,BV1vw411f78K,蜜雪冰城甜蜜蜜是什么梗【梗指南】,01:50,430268,440,,333686707,1623861605,https://www.bilibili.com/video/BV1vw411f78K
1048,2021-06-15,BV17o4y1k7cj,聪语是什么梗【梗指南】,01:15,486078,936,,376196413,1623765050,https://www.bilibili.com/video/BV17o4y1k7cj
1049,2021-06-14,BV14q4y1L7Qe,气突苏是什么梗【梗指南】,01:08,2200886,1672,,546181070,1623680316,https://www.bilibili.com/video/BV14q4y1L7Qe
1050,2021-06-11,BV1264y1R79P,美有姬是什么梗【梗指南】,01:43,1530545,1607,,758524643,1623425474,https://www.bilibili.com/video/BV1264y1R79P
1051,2021-06-11,BV1Pf4y18715,大清亡了是什么梗【梗指南】,01:22,1091543,704,,291065301,1623343664,https://www.bilibili.com/video/BV1Pf4y18715
1052,2021-06-09,BV1hV41147oD,一芒、一爽是什么梗【梗指南】,01:00,505456,299,,418557284,1623248048,https://www.bilibili.com/video/BV1hV41147oD
1053,2021-06-08,BV1UQ4y1972u,钓鱼佬永不空军是什么梗【梗指南】,01:14,1756148,642,,716093612,1623166631,https://www.bilibili.com/video/BV1UQ4y1972u
1054,2021-06-07,BV1264y1R7kh,阿嘿哈是什么梗【梗指南】,01:19,763055,475,,758525711,1623072849,https://www.bilibili.com/video/BV1264y1R7kh
1055,2021-06-06,BV1E5411M75P,C罗是什么梗【梗指南】,01:09,2204309,957,,460921859,1622987279,https://www.bilibili.com/video/BV1E5411M75P
1056,2021-06-05,BV1dq4y1j7e7,让子弹飞申遗是什么梗【梗指南】,01:32,1712235,382,,545973656,1622898994,https://www.bilibili.com/video/BV1dq4y1j7e7
1057,2021-06-04,BV1vK4y1X7X9,玉玉寡欢、藏狐是什么梗【梗指南】,02:08,1126611,418,,930995865,1622798299,https://www.bilibili.com/video/BV1vK4y1X7X9
1058,2021-06-02,BV1T5411M7pk,三句话让男人为我花了18万是什么梗【梗指南】,01:39,2637413,4728,,460885658,1622645462,https://www.bilibili.com/video/BV1T5411M7pk
1059,2021-06-01,BV1Zo4y1C7gN,以雷霆击碎黑暗是什么梗【梗指南】,02:03,2677749,1606,,375960146,1622560522,https://www.bilibili.com/video/BV1Zo4y1C7gN
1060,2021-05-31,BV11h411Y7Ng,躺平是什么梗【梗指南】,01:00,264566,63,,205825511,1622469783,https://www.bilibili.com/video/BV11h411Y7Ng
1061,2021-05-30,BV1Ro4y1178y,天天鉴刑是什么梗【梗指南】,01:31,853726,264,,375817018,1622386552,https://www.bilibili.com/video/BV1Ro4y1178y
1062,2021-05-29,BV1AV41177NE,肌肉金轮是什么梗【梗指南】,01:33,2303926,1205,,418309315,1622289779,https://www.bilibili.com/video/BV1AV41177NE
1063,2021-05-28,BV185411g7w7,夹子是什么梗【梗指南】,01:17,1775042,3888,,460824530,1622201102,https://www.bilibili.com/video/BV185411g7w7
1064,2021-05-27,BV1aU4y1L7mw,这腿我能玩一年是什么梗【梗指南】,01:35,267911,244,,673300393,1622097307,https://www.bilibili.com/video/BV1aU4y1L7mw
1065,2021-05-26,BV1Qy4y1g7PH,天临时代是什么梗【梗指南】,00:56,620671,527,,803274878,1622035588,https://www.bilibili.com/video/BV1Qy4y1g7PH
1066,2021-05-25,BV1Gv411V7FM,本斥但多是什么梗【梗指南】,01:05,151202,41,,248326715,1621952844,https://www.bilibili.com/video/BV1Gv411V7FM
1067,2021-05-24,BV19o4y1179t,我很不安是什么梗【梗指南】,01:05,373184,109,,375819064,1621857144,https://www.bilibili.com/video/BV19o4y1179t
1068,2021-05-21,BV15q4y1E7fQ,汪汪队立大功是什么梗【梗指南】,01:03,1155597,1597,,545708383,1621597646,https://www.bilibili.com/video/BV15q4y1E7fQ
1069,2021-05-20,BV1Sh411v7cA,鹿哥喜提二手车是什么梗【梗指南】,01:06,2796134,1176,,205741558,1621518283,https://www.bilibili.com/video/BV1Sh411v7cA
1070,2021-05-19,BV1Ko4y117LP,既然提到了privilege是什么梗【梗指南】,01:01,579253,118,,375664169,1621437220,https://www.bilibili.com/video/BV1Ko4y117LP
1071,2021-05-18,BV1xf4y1Y7yE,我们的游戏正在蒸蒸日上是什么梗【梗指南】,01:01,1724276,379,,290672543,1621335618,https://www.bilibili.com/video/BV1xf4y1Y7yE
1072,2021-05-17,BV1eA411g7We,你能再表演一下那个吗是什么梗【梗指南】,01:01,1152932,883,,333238368,1621264762,https://www.bilibili.com/video/BV1eA411g7We
1073,2021-05-16,BV1Gp4y1t7Qc,我来组成头部是什么梗【梗指南】,01:08,1386746,1177,,973046054,1621164610,https://www.bilibili.com/video/BV1Gp4y1t7Qc
1074,2021-05-15,BV1Wo4y1m7SV,独步，我的超人是什么梗【梗指南】,01:05,682715,601,,375616242,1621089401,https://www.bilibili.com/video/BV1Wo4y1m7SV
1075,2021-05-13,BV1Ny4y1W7HA,一旦接受了这种设定是什么梗【梗指南】,01:01,540373,100,,803076602,1620919330,https://www.bilibili.com/video/BV1Ny4y1W7HA
1076,2021-05-12,BV1bo4y1m7a6,饮茶先是什么梗【梗指南】,01:03,2968307,964,,375599302,1620799338,https://www.bilibili.com/video/BV1bo4y1m7a6
1077,2021-05-11,BV1g54y1L7Ua,毕竟老夫也不是什么恶魔是什么梗【梗指南】,01:44,357212,103,,845601822,1620746581,https://www.bilibili.com/video/BV1g54y1L7Ua
1078,2021-05-10,BV1464y1C7yD,rerorero是什么梗【梗指南】,01:23,856147,326,,760538668,1620659136,https://www.bilibili.com/video/BV1464y1C7yD
1079,2021-05-09,BV1Fb4y1f7cM,其他人做得到吗是什么梗【梗指南】,01:19,1512433,876,,630507665,1620575346,https://www.bilibili.com/video/BV1Fb4y1f7cM
1080,2021-05-08,BV1YQ4y1d78A,两面包夹芝士是什么梗【梗指南】,05:09,4213497,2309,,715418846,1620446178,https://www.bilibili.com/video/BV1YQ4y1d78A
1081,2021-05-07,BV1BN411f7Ho,变了啊啊啊啊啊是什么梗【梗指南】,01:05,792287,241,,502944958,1620375557,https://www.bilibili.com/video/BV1BN411f7Ho
1082,2021-05-04,BV1H64y127vR,用爱发电是什么梗【梗指南】,00:52,288107,111,,757930350,1620111211,https://www.bilibili.com/video/BV1H64y127vR
1083,2021-05-03,BV14q4y1J7Ms,厨力放出是什么梗【梗指南】,00:55,325945,144,,545418995,1620036304,https://www.bilibili.com/video/BV14q4y1J7Ms
1084,2021-05-02,BV1Yh411m77v,逐渐迪化是什么梗【梗指南】,01:32,665110,254,,205369431,1619937008,https://www.bilibili.com/video/BV1Yh411m77v
1085,2021-05-01,BV1qQ4y1Z7LL,元首的愤怒是什么梗【梗指南】,01:03,1011247,1091,,715262238,1619872308,https://www.bilibili.com/video/BV1qQ4y1Z7LL
1086,2021-04-30,BV1f64y1y7Pg,Niconiconi是什么梗【梗指南】,01:35,772226,1071,,760315813,1619787992,https://www.bilibili.com/video/BV1f64y1y7Pg
1087,2021-04-29,BV1JU4y187xP,绅士是什么梗【梗指南】,01:09,211520,85,,672838633,1619707324,https://www.bilibili.com/video/BV1JU4y187xP
1088,2021-04-27,BV1o84y1F7Vv,为什么你这么熟练啊是什么梗【梗指南】,01:13,1577312,672,,630331611,1619535633,https://www.bilibili.com/video/BV1o84y1F7Vv
1089,2021-04-26,BV1d64y1y7Tp,xx是一款我的问题是什么梗【梗指南】,01:12,628160,335,,760299543,1619448296,https://www.bilibili.com/video/BV1d64y1y7Tp
1090,2021-04-25,BV1nK411c7AF,这使你充满了决心是什么梗【梗指南】,01:00,1566904,2366,,502752733,1619359753,https://www.bilibili.com/video/BV1nK411c7AF
1091,2021-04-24,BV1A64y1i7bB,你脸红个泡泡茶壶是什么梗【梗指南】,01:15,3949697,1453,,760147690,1619275010,https://www.bilibili.com/video/BV1A64y1i7bB
1092,2021-04-22,BV1LK4y1P7Ni,建议拉去通渠是什么梗【梗指南】,01:08,1160191,278,,887680026,1619099513,https://www.bilibili.com/video/BV1LK4y1P7Ni
1093,2021-04-21,BV1864y1i7c7,潘嘎之交是什么梗【梗指南】,01:45,4224750,1583,,760200572,1619012234,https://www.bilibili.com/video/BV1864y1i7c7
1094,2021-04-21,BV1vA411L7mq,尸体在说话是什么梗【梗指南】,00:43,2101645,545,,332651835,1618977606,https://www.bilibili.com/video/BV1vA411L7mq
1095,2021-04-19,BV1Jy4y147XZ,M1917美国制史密斯维森是什么梗【梗指南】,01:05,1690794,337,,802631241,1618840099,https://www.bilibili.com/video/BV1Jy4y147XZ
1096,2021-04-18,BV15K411c7j5,是洋葱，我加了洋葱是什么梗【梗指南】,01:13,621295,168,,502698485,1618749376,https://www.bilibili.com/video/BV15K411c7j5
1097,2021-04-17,BV1fv41177xC,但我的痛苦在你之上是什么梗【梗指南】,01:24,1231827,663,,247720059,1618671238,https://www.bilibili.com/video/BV1fv41177xC
1098,2021-04-16,BV1TK4y1K7MG,真有你们的啊SE是什么梗【梗指南】,00:54,163520,49,,887513171,1618560713,https://www.bilibili.com/video/BV1TK4y1K7MG
1099,2021-04-15,BV1xK4y1K7C1,我就是玩儿体是什么梗【梗指南】,00:48,709766,680,,887581759,1618495883,https://www.bilibili.com/video/BV1xK4y1K7C1
1100,2021-04-13,BV1th411U77C,亿点点是什么梗【梗指南】,01:03,1661041,381,,205060563,1618291246,https://www.bilibili.com/video/BV1th411U77C
1101,2021-04-12,BV1UK411w73S,艺术就是爆炸是什么梗【梗指南】,00:54,700389,481,,502516513,1618238284,https://www.bilibili.com/video/BV1UK411w73S
1102,2021-04-11,BV1EA411L7GV,如果快乐太难，那我祝你平安是什么梗【梗指南】,01:03,219166,59,,332593934,1618148755,https://www.bilibili.com/video/BV1EA411L7GV
1103,2021-04-09,BV13v411778M,心疼哥哥是什么梗【梗指南】,00:55,1535956,402,,247530549,1617962379,https://www.bilibili.com/video/BV13v411778M
1104,2021-04-08,BV1Sh411U7Ja,什么是快乐星球是什么梗【梗指南】,00:51,2418034,1121,,205096382,1617893451,https://www.bilibili.com/video/BV1Sh411U7Ja
1105,2021-04-07,BV1py4y1b7Kq,吾辈楷模是什么梗【梗指南】,00:58,653498,204,,799881427,1617801872,https://www.bilibili.com/video/BV1py4y1b7Kq
1106,2021-04-06,BV12V411n7v5,山东菏泽曹县牛逼666是什么梗【梗指南】,00:51,2648319,1002,,417434077,1617706013,https://www.bilibili.com/video/BV12V411n7v5
1107,2021-04-05,BV1TU4y1h7Dd,情比金坚七天锁是什么梗【梗指南】,02:10,193707,117,,672476567,1617630837,https://www.bilibili.com/video/BV1TU4y1h7Dd
1108,2021-04-03,BV1sK411w7q1,震撼我妈是什么梗【梗指南】,00:47,1229941,250,,502404031,1617458453,https://www.bilibili.com/video/BV1sK411w7q1
1109,2021-04-02,BV1np4y187oe,前列腺刹车是什么梗【梗指南】,01:52,225959,141,,972447860,1617368775,https://www.bilibili.com/video/BV1np4y187oe
1110,2021-04-01,BV1364y1S7k8,你是GG还是MM是什么梗【梗指南】,01:36,503677,451,,757436056,1617277993,https://www.bilibili.com/video/BV1364y1S7k8
1111,2021-03-31,BV1eK411w75n,谷歌生草器是什么梗【梗指南】,01:10,2290338,2236,,502438991,1617205332,https://www.bilibili.com/video/BV1eK411w75n
1112,2021-03-31,BV1jy4y1h7qY,今天的b站就逛到这里吧是什么梗【梗指南】,00:38,1819377,584,,799763603,1617165089,https://www.bilibili.com/video/BV1jy4y1h7qY
1113,2021-03-29,BV1dy4y1473k,诸君，我好兴奋啊是什么梗【梗指南】,01:46,525292,291,,802253188,1617013810,https://www.bilibili.com/video/BV1dy4y1473k
1114,2021-03-28,BV1SK411c78Z,喷射战士是什么梗【梗指南】,00:41,930780,449,,502322121,1616925633,https://www.bilibili.com/video/BV1SK411c78Z
1115,2021-03-27,BV1DA411N7bF,无能狂怒是什么梗【梗指南】,01:18,754295,225,,332317167,1616856268,https://www.bilibili.com/video/BV1DA411N7bF
1116,2021-03-26,BV1T54y1h7EP,大人时代变了是什么梗【梗指南】,01:07,3719405,717,,844842975,1616765889,https://www.bilibili.com/video/BV1T54y1h7EP
1117,2021-03-25,BV1Ay4y1t7d8,脚只是装饰而已是什么梗【梗指南】,00:55,553390,128,,802277334,1616662617,https://www.bilibili.com/video/BV1Ay4y1t7d8
1118,2021-03-24,BV1RU4y1a7QA,谁也不会受伤的世界完成了是什么梗【梗指南】,02:00,607622,262,,672332584,1616600027,https://www.bilibili.com/video/BV1RU4y1a7QA
1119,2021-03-23,BV1jK4y1S7Px,打开了但是没有完全打开是什么梗【梗指南】,01:45,2324154,1034,,929816666,1616490280,https://www.bilibili.com/video/BV1jK4y1S7Px
1120,2021-03-23,BV1m5411P7Po,我柜子动了是什么梗【梗指南】,01:11,1991757,1221,,459709132,1616429723,https://www.bilibili.com/video/BV1m5411P7Po
1121,2021-03-21,BV1Dp4y1h7TC,directed by robert b weide是什么梗【梗指南】,01:54,409079,252,,972215759,1616334831,https://www.bilibili.com/video/BV1Dp4y1h7TC
1122,2021-03-20,BV19Z4y1w7k4,吃席是什么梗【梗指南】,01:05,1492883,450,,374745919,1616235790,https://www.bilibili.com/video/BV19Z4y1w7k4
1123,2021-03-19,BV1S5411P71E,猴山是什么梗【梗指南】,01:00,349377,55,,459715985,1616162201,https://www.bilibili.com/video/BV1S5411P71E
1124,2021-03-18,BV1TN411X7z6,违背祖宗的决定是什么梗【梗指南】,01:05,1706931,329,,502200796,1616080845,https://www.bilibili.com/video/BV1TN411X7z6
1125,2021-03-17,BV1Tz4y127at,连我爸爸都没打过我是什么梗【梗指南】,01:11,604238,216,,587178814,1615994936,https://www.bilibili.com/video/BV1Tz4y127at
1126,2021-03-16,BV12N411Q7UT,我们三个太强了是什么梗【梗指南】,01:07,7047377,1818,,502136058,1615899717,https://www.bilibili.com/video/BV12N411Q7UT
1127,2021-03-15,BV1v64y1D71t,打入四强就算成功是什么梗【梗指南】,02:02,644514,349,,757180296,1615821339,https://www.bilibili.com/video/BV1v64y1D71t
1128,2021-03-14,BV1GN411X71E,Q宝是什么梗【梗指南】,01:37,1219118,1150,,502183129,1615736088,https://www.bilibili.com/video/BV1GN411X71E
1129,2021-03-13,BV1ny4y1879k,杰哥不要啊是什么梗【梗指南】,19:48,556691,1238,,799543938,1615623470,https://www.bilibili.com/video/BV1ny4y1879k
1130,2021-03-13,BV1av411h7vB,纯爱战神是什么梗【梗指南】,01:44,2987567,4068,,247024094,1615565706,https://www.bilibili.com/video/BV1av411h7vB
1131,2021-03-11,BV1Fv411a7vd,御三家是什么梗【梗指南】,01:26,835275,1440,,247081785,1615476544,https://www.bilibili.com/video/BV1Fv411a7vd
1132,2021-03-10,BV1h5411K7Vn,后撤步是什么梗【梗指南】,01:29,805791,215,,459519701,1615387842,https://www.bilibili.com/video/BV1h5411K7Vn
1133,2021-03-09,BV1Pi4y1K7HH,都是时臣的错是什么梗【梗指南】,01:15,402466,141,,544599612,1615301041,https://www.bilibili.com/video/BV1Pi4y1K7HH
1134,2021-03-08,BV1KK4y1U78r,没有那种世俗的欲望是什么梗【梗指南】,01:11,618790,168,,929593457,1615215557,https://www.bilibili.com/video/BV1KK4y1U78r
1135,2021-03-07,BV1tp4y1h7cd,罗老师别这样是什么梗【梗指南】,00:52,718658,151,,972110455,1615128172,https://www.bilibili.com/video/BV1tp4y1h7cd
1136,2021-03-06,BV1nU4y1p7oN,XX指导：XX是什么梗【梗指南】,01:14,455347,232,,672035024,1615015954,https://www.bilibili.com/video/BV1nU4y1p7oN
1137,2021-03-04,BV1FU4y1p7fd,世界线收束是什么梗【梗指南】,00:48,715699,257,,671971643,1614859207,https://www.bilibili.com/video/BV1FU4y1p7fd
1138,2021-03-03,BV19i4y1T78E,内卷是什么梗【梗指南】,00:48,681665,244,,544430407,1614783912,https://www.bilibili.com/video/BV19i4y1T78E
1139,2021-03-02,BV1QA411K7Zz,种豆得瓜是什么梗【梗指南】,01:02,620697,254,,331994661,1614697195,https://www.bilibili.com/video/BV1QA411K7Zz
1140,2021-03-01,BV1Nf4y147jW,prpr呸喽呸喽是什么梗【梗指南】,01:01,546672,912,,289428912,1614609104,https://www.bilibili.com/video/BV1Nf4y147jW
1141,2021-02-27,BV1R5411N7Pv,危是什么梗【梗指南】,00:52,1557279,1042,,459432189,1614427219,https://www.bilibili.com/video/BV1R5411N7Pv
1142,2021-02-26,BV11h411k7Br,如果奇迹有颜色，那一定是橙色是什么梗【梗指南】,01:15,529030,819,,204468441,1614340817,https://www.bilibili.com/video/BV11h411k7Br
1143,2021-02-25,BV12y4y1J7Yy,橘里橘气是什么梗【梗指南】,01:17,149389,138,,801869852,1614244048,https://www.bilibili.com/video/BV12y4y1J7Yy
1144,2021-02-24,BV1sK4y1S7R2,握着我的抱枕是什么梗【梗指南】,01:18,824505,712,,929328148,1614161689,https://www.bilibili.com/video/BV1sK4y1S7R2
1145,2021-02-23,BV1dK4y1Q72T,梗小鬼是什么梗【梗指南】,01:04,1467200,2305,,929288634,1614091457,https://www.bilibili.com/video/BV1dK4y1Q72T
1146,2021-02-22,BV1i5411E7eN,差不多得了是什么梗【梗指南】,00:43,641392,1038,,459257536,1613975330,https://www.bilibili.com/video/BV1i5411E7eN
1147,2021-02-21,BV1sK4y1H7tp,夺笋呐是什么梗【梗指南】,00:37,634406,246,,886830151,1613895999,https://www.bilibili.com/video/BV1sK4y1H7tp
1148,2021-02-20,BV1oV411e75U,Nice Boat是什么梗【梗指南】,01:27,324575,159,,416855252,1613798459,https://www.bilibili.com/video/BV1oV411e75U
1149,2021-02-18,BV1Sb4y197LX,接头霸王是什么梗【梗指南】,01:06,2366679,1143,,629167938,1613651274,https://www.bilibili.com/video/BV1Sb4y197LX
1150,2021-02-17,BV1Yf4y1z7X7,DD斩首是什么梗【梗指南】,02:15,2910423,1561,,289239332,1613575963,https://www.bilibili.com/video/BV1Yf4y1z7X7
1151,2021-02-16,BV1Rr4y1P7nm,橙色正义是什么梗【梗指南】,01:32,2177818,1191,,756670321,1613482979,https://www.bilibili.com/video/BV1Rr4y1P7nm
1152,2021-02-15,BV1vK4y1n73A,清朝老兵是什么梗【梗指南】,01:35,6651955,2525,,886665970,1613400517,https://www.bilibili.com/video/BV1vK4y1n73A
1153,2021-02-13,BV1Py4y1H74R,星际玩家是什么梗【梗指南】,00:55,1070982,388,,801634778,1613219704,https://www.bilibili.com/video/BV1Py4y1H74R
1154,2021-02-12,BV18y4y1E7dz,贴贴是什么梗【梗指南】,00:34,2031170,763,,801659277,1613139653,https://www.bilibili.com/video/BV18y4y1E7dz
1155,2021-02-11,BV12o4y197BV,谢谢你，Cheems是什么梗【梗指南】,01:08,3908029,3040,,374240616,1613037912,https://www.bilibili.com/video/BV12o4y197BV
1156,2021-02-10,BV1zy4y1E7pY,Surprise Motherfucker是什么梗【梗指南】,01:07,1995477,387,,801687695,1612967091,https://www.bilibili.com/video/BV1zy4y1E7pY
1157,2021-02-09,BV1i541177YN,前方高能是什么梗【梗指南】,01:39,441835,1033,,459060066,1612879959,https://www.bilibili.com/video/BV1i541177YN
1158,2021-02-08,BV1ZN41197oj,天空是蔚蓝色，窗外有千纸鹤是什么梗【梗指南】,02:08,2025204,1785,,501512717,1612782455,https://www.bilibili.com/video/BV1ZN41197oj
1159,2021-02-07,BV1yy4y1n7Yz,好耶是什么梗【梗指南】,00:59,1870820,1490,,801566841,1612688498,https://www.bilibili.com/video/BV1yy4y1n7Yz
1160,2021-02-06,BV1xK4y1n7Sf,乳法是什么梗【梗指南】,01:43,1987637,1781,,886611110,1612616239,https://www.bilibili.com/video/BV1xK4y1n7Sf
1161,2021-02-05,BV1a541177p7,逮虾户是什么梗【梗指南】,04:01,412032,325,,459047978,1612530016,https://www.bilibili.com/video/BV1a541177p7
1162,2021-02-04,BV1xN411R7xi,考哥.jpg是什么梗【梗指南】,01:09,2762849,2088,,501603890,1612440250,https://www.bilibili.com/video/BV1xN411R7xi
1163,2021-02-03,BV1Fi4y1F7ZW,越共探头是什么梗【梗指南】,01:16,4013900,3195,,543937932,1612352165,https://www.bilibili.com/video/BV1Fi4y1F7ZW
1164,2021-02-01,BV1AN411R7K1,双厨狂喜是什么梗【梗指南】,01:03,1515426,879,,501490007,1612191098,https://www.bilibili.com/video/BV1AN411R7K1
1165,2021-01-31,BV14T4y1P7kK,梗警察是什么梗【梗指南】,00:56,539700,237,,928885427,1612097690,https://www.bilibili.com/video/BV14T4y1P7kK
1166,2021-01-30,BV1Mr4y1K73r,快按住老虚是什么梗【梗指南】,01:38,887315,740,,756382285,1612014759,https://www.bilibili.com/video/BV1Mr4y1K73r
1167,2021-01-29,BV1Mo4y1d7fy,san值是什么梗【梗指南】,00:55,3382553,2695,,373948590,1611933152,https://www.bilibili.com/video/BV1Mo4y1d7fy
1168,2021-01-28,BV12f4y167XE,莱纳你坐啊是什么梗【梗指南】,01:02,1045893,261,,288927271,1611845023,https://www.bilibili.com/video/BV12f4y167XE
1169,2021-01-27,BV1NV411b7kR,收手吧xx，外面都是xx是什么梗【梗指南】,00:55,466148,192,,416270008,1611754033,https://www.bilibili.com/video/BV1NV411b7kR
1170,2021-01-26,BV1KA411p7LM,Swole Doge vs Crying Cheems是什么梗【梗指南】,00:45,1416398,278,,331267389,1611666594,https://www.bilibili.com/video/BV1KA411p7LM
1171,2021-01-25,BV18y4y1p7TH,电脑配件是什么梗【梗指南】,02:00,1052655,895,,801357796,1611583767,https://www.bilibili.com/video/BV18y4y1p7TH
1172,2021-01-24,BV17y4y1p7pN,鸭子是什么梗【梗指南】,01:39,808465,746,,801313854,1611497925,https://www.bilibili.com/video/BV17y4y1p7pN
1173,2021-01-23,BV1gy4y117dq,吔屎啦梁非凡是什么梗【梗指南】,01:51,260539,221,,798805859,1611414177,https://www.bilibili.com/video/BV1gy4y117dq
1174,2021-01-22,BV1wv4y1f7jW,卡其脱离太是什么梗【梗指南】,01:09,2456109,747,,543751356,1611327506,https://www.bilibili.com/video/BV1wv4y1f7jW
1175,2021-01-21,BV1AK4y1s7es,冬冠赛场上那些“一诺行为”到底是什么梗【梗指南】,02:10,297282,82,,886298789,1611223209,https://www.bilibili.com/video/BV1AK4y1s7es
1176,2021-01-20,BV1iK4y1H7RX,印尼电信广告 IndiHome Paket Phoenix是什么梗【梗指南】,01:03,1830956,918,,886309874,1611152768,https://www.bilibili.com/video/BV1iK4y1H7RX
1177,2021-01-19,BV1iz4y167yL,rick roll是什么梗【梗指南】,01:16,4343127,1528,,586139978,1611066632,https://www.bilibili.com/video/BV1iz4y167yL
1178,2021-01-18,BV1c5411H71W,钓鱼是什么梗【梗指南】,00:35,216007,62,,458711168,1610978860,https://www.bilibili.com/video/BV1c5411H71W
1179,2021-01-17,BV1qz4y167Uq,山本我日你仙人是什么梗【梗指南】,01:26,1996388,3469,,586145641,1610891503,https://www.bilibili.com/video/BV1qz4y167Uq
1180,2021-01-16,BV1qA411H7yS,危险发型是什么梗【梗指南】,01:22,2832406,2536,,331203757,1610803527,https://www.bilibili.com/video/BV1qA411H7yS
1181,2021-01-15,BV1uv41147xC,摇头三人组是什么梗【梗指南】,01:05,320638,152,,246134163,1610716462,https://www.bilibili.com/video/BV1uv41147xC
1182,2021-01-09,BV1Q54y1W7tx,摇摆羊是什么梗【梗指南】,01:10,1655317,992,,843589580,1610204440,https://www.bilibili.com/video/BV1Q54y1W7tx
1183,2021-01-08,BV1Eh41127v2,嗨~老婆！是什么梗【梗指南】,00:27,785220,171,,203555466,1610092378,https://www.bilibili.com/video/BV1Eh41127v2
1184,2021-01-07,BV1Gf4y1y7dy,creeper是什么梗【梗指南】,01:31,1558585,4626,,288577124,1610033083,https://www.bilibili.com/video/BV1Gf4y1y7dy
1185,2021-01-06,BV1n54y147ay,抓鸭子是什么梗【梗指南】,00:46,315487,400,,843553930,1609924757,https://www.bilibili.com/video/BV1n54y147ay
1186,2021-01-05,BV1ca4y1H7n3,黄毛是什么梗【梗指南】,00:44,869835,422,,671032212,1609820113,https://www.bilibili.com/video/BV1ca4y1H7n3
1187,2021-01-03,BV1Gp4y1x7bt,听懂掌声是什么梗【梗指南】,00:42,189685,41,,971085840,1609684989,https://www.bilibili.com/video/BV1Gp4y1x7bt
1188,2021-01-01,BV1Lf4y1C76c,竹节虫 get stick bugged lol 是什么梗【梗指南】,00:43,251724,86,,288360616,1609473617,https://www.bilibili.com/video/BV1Lf4y1C76c
1189,2020-12-30,BV1jv411t7Mg,懂得都懂是什么梗【梗指南】,01:34,276086,395,,245827497,1609334690,https://www.bilibili.com/video/BV1jv411t7Mg
1190,2020-12-29,BV1DA411s7KL,吃个快餐是什么梗【梗指南】,01:10,464782,99,,330782180,1609250592,https://www.bilibili.com/video/BV1DA411s7KL
1191,2020-12-27,BV1Ty4y1U7RR,坎油踹是什么梗？六秒八句英文？【梗指南】,01:58,157564,147,,798295616,1609081301,https://www.bilibili.com/video/BV1Ty4y1U7RR
1192,2020-12-26,BV1MT4y1T7Px,ohhhhh是什么梗【梗指南】,00:51,220578,1226,,928361682,1608979646,https://www.bilibili.com/video/BV1MT4y1T7Px
1193,2020-12-25,BV1iT4y1K7s7,【梗指南】到二仙桥走成华大道是什么梗,01:01,208539,59,,928252406,1608879928,https://www.bilibili.com/video/BV1iT4y1K7s7
1194,2020-12-23,BV1Va4y1p7qD,"【梗指南】高情商,低情商是什么梗",00:32,220394,37,,670778934,1608737454,https://www.bilibili.com/video/BV1Va4y1p7qD
1195,2020-12-22,BV1hv41147Rf,【梗指南】小丑竟是我自己是什么梗,01:17,1446148,260,,245718904,1608650139,https://www.bilibili.com/video/BV1hv41147Rf
1196,2020-12-21,BV1vv41147Gb,【梗指南】大鸟转转转是什么梗,00:35,445531,27,,245723671,1608531726,https://www.bilibili.com/video/BV1vv41147Gb
1197,2020-12-19,BV12z4y16797,【梗指南】卧龙凤雏是什么梗,01:14,878775,339,,585648094,1608386567,https://www.bilibili.com/video/BV12z4y16797
1198,2020-12-17,BV1tV411h7Dc,【梗指南】要啥自行车是什么梗,01:49,388123,178,,415690172,1608209682,https://www.bilibili.com/video/BV1tV411h7Dc
1199,2020-12-16,BV1wf4y1e7ij,【梗指南】这不比博人传燃吗是什么梗,00:48,888276,273,,288129413,1608120122,https://www.bilibili.com/video/BV1wf4y1e7ij
1200,2020-12-14,BV1Dy4y1m7TL,【梗指南】教练我想学XX是什么梗？打手机？把妹？开飞机？,01:02,108598,45,,798236946,1607956047,https://www.bilibili.com/video/BV1Dy4y1m7TL
1201,2020-12-13,BV1fp4y1z73d,【梗指南】popo猫是什么梗,01:02,499936,159,,970627251,1607867385,https://www.bilibili.com/video/BV1fp4y1z73d
1202,2020-12-12,BV1xZ4y1g789,【梗指南】赛博朋克是什么梗,01:02,258665,54,,373071713,1607754096,https://www.bilibili.com/video/BV1xZ4y1g789
1203,2020-12-08,BV1Dp4y1z7yu,【梗指南】猪肝酱是什么梗？,01:36,102715,152,,970604160,1607419237,https://www.bilibili.com/video/BV1Dp4y1z7yu
1204,2020-12-07,BV15v411b7dc,【梗指南】捡肥皂是什么梗,01:15,600259,254,,245528942,1607351609,https://www.bilibili.com/video/BV15v411b7dc
1205,2020-12-04,BV1Ry4y1q7Wq,【梗指南】你kin你擦是什么梗,00:55,558423,130,,800500901,1607068862,https://www.bilibili.com/video/BV1Ry4y1q7Wq
1206,2020-12-02,BV1iz4y1k7Gq,【梗指南】草是什么梗,01:20,482670,2394,,585449003,1606915799,https://www.bilibili.com/video/BV1iz4y1k7Gq
1207,2020-11-30,BV19y4y1q7Ng,【梗指南】向你敬礼啊 salute是什么梗,00:45,294331,42,,800490487,1606744802,https://www.bilibili.com/video/BV19y4y1q7Ng
1208,2020-11-27,BV18a4y1W79D,【梗指南】梁志超他奶奶是什么梗,00:43,1782486,556,,670471726,1606475700,https://www.bilibili.com/video/BV18a4y1W79D
1209,2020-11-25,BV13y4y1q7GQ,【梗指南】战术后仰是什么梗,00:52,448789,143,,800389885,1606299610,https://www.bilibili.com/video/BV13y4y1q7GQ
1210,2020-11-21,BV1vv411r73F,【梗指南】233是什么梗,00:42,573830,6407,,245276797,1605949765,https://www.bilibili.com/video/BV1vv411r73F
1211,2020-11-19,BV1Di4y1L7kx,【梗指南】我们都有光明的前途是什么梗,00:53,455057,118,,542805748,1605799391,https://www.bilibili.com/video/BV1Di4y1L7kx
1212,2020-11-18,BV1UD4y1Q7qb,【梗指南】反复横跳是什么梗,03:47,128493,287,,712777211,1605704060,https://www.bilibili.com/video/BV1UD4y1Q7qb
1213,2020-11-15,BV15V411a7zV,【梗指南】芜湖是什么梗,00:28,499504,201,,415277714,1605443545,https://www.bilibili.com/video/BV15V411a7zV
1214,2020-11-13,BV1kt4y1e7rs,【梗指南】KY是什么梗？,00:59,1620615,987,,627756031,1605252737,https://www.bilibili.com/video/BV1kt4y1e7rs
1215,2020-11-12,BV1JA411x7Nm,【梗指南】人类还有希望吗是什么梗,00:43,259324,47,,330352079,1605188320,https://www.bilibili.com/video/BV1JA411x7Nm
1216,2020-11-10,BV1Li4y1L7Vg,【梗指南】马自达会堵路上是什么梗,01:07,437458,127,,542683611,1605002440,https://www.bilibili.com/video/BV1Li4y1L7Vg
1217,2020-11-09,BV1Sa4y1s7q8,【梗指南】凡尔赛文学是什么梗？,00:38,309655,83,,670205902,1604923509,https://www.bilibili.com/video/BV1Sa4y1s7q8
1218,2020-11-08,BV12p4y1k7yk,【梗指南】这是在干什么是什么梗,01:04,127798,66,,970154168,1604819678,https://www.bilibili.com/video/BV12p4y1k7yk
1219,2020-11-07,BV17t4y1e7FU,【梗指南】那一刻他变成了光是什么梗,02:10,248902,358,,627641872,1604728919,https://www.bilibili.com/video/BV17t4y1e7FU
1220,2020-11-05,BV1aK411G7Dx,【梗指南】退票姐是什么梗,01:57,159495,194,,500223764,1604568213,https://www.bilibili.com/video/BV1aK411G7Dx
1221,2020-11-03,BV1eK4y1Z7zB,【梗指南】标准结局是什么梗,03:50,326692,616,,927737918,1604400294,https://www.bilibili.com/video/BV1eK4y1Z7zB
1222,2020-11-02,BV1Qf4y1i72a,【梗指南】街头法则是什么梗,01:39,124744,53,,287667738,1604314037,https://www.bilibili.com/video/BV1Qf4y1i72a
1223,2020-11-01,BV1i5411L7QV,【梗指南】年轻人不讲武德是什么梗，浑元形意太极门掌门人马保国控诉两小伙!,02:42,178428,367,,457655134,1604220157,https://www.bilibili.com/video/BV1i5411L7QV
1224,2020-10-30,BV1Ny4y187cb,【梗指南】蕾某人用爱发电是什么梗,01:20,425376,193,,800047481,1604057553,https://www.bilibili.com/video/BV1Ny4y187cb
1225,2020-10-29,BV1tt4y1i7cx,【梗指南】阿巴阿巴是什么梗,01:26,472663,257,,627570300,1603957354,https://www.bilibili.com/video/BV1tt4y1i7cx
1226,2020-10-28,BV1aD4y1973N,【梗指南】三个打一个被反杀会不会玩是什么梗,01:47,873605,617,,712581556,1603885238,https://www.bilibili.com/video/BV1aD4y1973N
1227,2020-10-27,BV1Ha411A7gf,【梗指南】网上流传的v3表情包“你妈的为什么”究竟是真是假？,01:15,531251,118,,202530306,1603806556,https://www.bilibili.com/video/BV1Ha411A7gf
1228,2020-10-26,BV1ff4y1B7Qv,"【梗指南】说谎的人要吞一千根针,姿态的一首《说谎》直接让耳朵怀孕！",01:30,222163,96,,287555817,1603720627,https://www.bilibili.com/video/BV1ff4y1B7Qv
1229,2020-10-25,BV1ra411A7Xf,【梗指南】杰克奥特曼为什么会对着赛文说“谢谢你泰罗”？,00:56,399047,200,,202594580,1603612770,https://www.bilibili.com/video/BV1ra411A7Xf
1230,2020-10-24,BV1zD4y197LP,【梗指南】你这个挺好看的，我是学生能送我吗？,00:21,360927,42,,712607369,1603545316,https://www.bilibili.com/video/BV1zD4y197LP
1231,2020-10-23,BV1ui4y177Uo,【梗指南】近期私信解答，百梗交集，你想知道的梗都在这！,05:12,199952,362,,542566018,1603445635,https://www.bilibili.com/video/BV1ui4y177Uo
1232,2020-10-22,BV1Si4y1j7Ht,【梗指南】刻在NDA里的东西？别刻了DNA都满了！,01:00,181319,352,,542500470,1603367557,https://www.bilibili.com/video/BV1Si4y1j7Ht
1233,2020-10-22,BV1Qf4y1B7hW,【梗指南】梗字是从哪来的，梗为什么被叫做梗？,03:03,429880,692,,287532920,1603349495,https://www.bilibili.com/video/BV1Qf4y1B7hW
1234,2020-10-21,BV1Tr4y1w7q1,【梗指南】打工人，打工魂，打工都是人上人！,01:10,252344,112,,755042907,1603284779,https://www.bilibili.com/video/BV1Tr4y1w7q1
1235,2020-10-20,BV1rK4y177tV,【梗指南】快了快了！等鸡吃完了米，狗舔了面，火烧断了锁up主就女装了,00:41,218596,88,,885059304,1603195676,https://www.bilibili.com/video/BV1rK4y177tV
1236,2020-10-20,BV1h5411L7dM,【梗指南】滔博赢下比赛为什么要谢谢小杨生煎？,01:47,79051,26,,457605743,1603182703,https://www.bilibili.com/video/BV1h5411L7dM
1237,2020-10-19,BV1Ga4y1L7hU,【梗指南】淦字怎么念？是脏话还是什么意思？,00:28,593362,800,,669936008,1603087801,https://www.bilibili.com/video/BV1Ga4y1L7hU
1238,2020-10-18,BV13v411k7kU,【梗指南】您吃了嘛？没吃姐姐给你点外卖！,00:40,158575,80,,244904790,1603009047,https://www.bilibili.com/video/BV13v411k7kU
1239,2020-10-17,BV1Uz4y1d7Ef,【梗指南】谁不想当假面骑士呢？我只是一个路过的假面骑士,01:10,338995,212,,584878786,1602916814,https://www.bilibili.com/video/BV1Uz4y1d7Ef
1240,2020-10-16,BV1ot4y1v7Nj,【梗指南】这就是名媛？一群女孩竟然为了那种东西拼单！,01:21,59637,22,,627473813,1602852335,https://www.bilibili.com/video/BV1ot4y1v7Nj
1241,2020-10-16,BV11A41177Gv,【梗指南】金色传说是什么？难道非酋就抽不出金色传说吗？,01:02,238367,165,,329927993,1602826852,https://www.bilibili.com/video/BV11A41177Gv
1242,2020-10-15,BV1Sa411w7VG,【梗指南】花少北喊你来玩水！快来玩水啊姐妹们~,00:58,84805,80,,202389285,1602766622,https://www.bilibili.com/video/BV1Sa411w7VG
1243,2020-10-15,BV1A541177KA,【梗指南】这合理吗？居然和Mr_Quin有关!,00:29,207183,79,,457382280,1602751649,https://www.bilibili.com/video/BV1A541177KA
1244,2020-10-15,BV1Fa4y1L7kC,【梗指南】o泡果奶为何席卷各大学校的食堂和教室？,00:55,165674,63,,669894343,1602732817,https://www.bilibili.com/video/BV1Fa4y1L7kC
1245,2020-10-14,BV13Z4y1L7dy,【梗指南】我爸爸在夏威夷教我的是什么梗,00:42,187349,115,,372459760,1602605752,https://www.bilibili.com/video/BV13Z4y1L7dy
1246,2020-10-12,BV1M54y1C7FG,【梗指南】好！很有精神是什么梗,00:52,108532,70,,842432807,1602476799,https://www.bilibili.com/video/BV1M54y1C7FG
1247,2020-10-11,BV1YV41127JS,【梗指南】你在教我做事啊是什么梗,01:03,349849,210,,414959629,1602419641,https://www.bilibili.com/video/BV1YV41127JS
1248,2020-10-10,BV1av411k7V7,【梗指南】被绑架了就眨眨眼睛是什么梗,00:46,346869,153,,244970300,1602324884,https://www.bilibili.com/video/BV1av411k7V7
1249,2020-10-09,BV1eK4y1h7Lx,【梗指南】你懂金木的痛吗是什么梗,01:30,455904,492,,884915016,1602252823,https://www.bilibili.com/video/BV1eK4y1h7Lx
1250,2020-10-09,BV1BK4y1h7pF,【梗指南】你不对劲是什么梗,00:34,854628,527,,884957563,1602249522,https://www.bilibili.com/video/BV1BK4y1h7pF
1251,2020-10-08,BV1wa411A7Np,【梗指南】集美是什么梗,01:21,298874,159,,202464051,1602163257,https://www.bilibili.com/video/BV1wa411A7Np
1252,2020-10-08,BV1xv411y7io,【梗指南】住在山里真不错是什么梗,00:32,480049,329,,244786778,1602158977,https://www.bilibili.com/video/BV1xv411y7io
1253,2020-10-07,BV19f4y1q7XX,【梗指南】平角裤是什么梗,00:35,563003,350,,287317114,1602067207,https://www.bilibili.com/video/BV19f4y1q7XX
1254,2020-10-06,BV1VA41177eF,【梗指南】FBI open the door是什么梗,00:49,762901,981,,329786365,1601963742,https://www.bilibili.com/video/BV1VA41177eF
1255,2020-10-05,BV1pA41177fc,【梗指南】耶斯莫拉是什么梗,00:48,672704,382,,329819648,1601909892,https://www.bilibili.com/video/BV1pA41177fc
1256,2020-10-05,BV14Z4y157sB,【梗指南】中二病是什么梗,00:36,154535,131,,372278422,1601895224,https://www.bilibili.com/video/BV14Z4y157sB
1257,2020-10-04,BV1Pf4y1Q7p1,【梗指南】声微饭否是什么梗,00:45,365932,220,,287296931,1601822045,https://www.bilibili.com/video/BV1Pf4y1Q7p1
1258,2020-10-02,BV1op4y1a7XZ,【梗指南】痛苦面具是什么梗,00:50,1489683,1179,,969777345,1601618169,https://www.bilibili.com/video/BV1op4y1a7XZ
1259,2020-10-01,BV1Zy4y1k7WZ,【梗指南】NTR是什么梗,00:56,3583798,2070,,797287965,1601566489,https://www.bilibili.com/video/BV1Zy4y1k7WZ
1260,2020-09-30,BV1Qf4y1q7Yk,【梗指南】阿珍爱上了阿强是什么梗,01:12,240551,112,,287342298,1601444987,https://www.bilibili.com/video/BV1Qf4y1q7Yk
1261,2020-09-29,BV19y4y1k7wh,【梗指南】那可挺令人恶心的是什么梗,01:17,530645,108,,797310337,1601392570,https://www.bilibili.com/video/BV19y4y1k7wh
1262,2020-09-28,BV1sh411X7au,【梗指南】哔哔安慕希是什么梗,00:57,284629,122,,202126748,1601301775,https://www.bilibili.com/video/BV1sh411X7au
1263,2020-09-27,BV1yZ4y1N7n9,【梗指南】书币是什么梗,01:13,86690,50,,372152235,1601222017,https://www.bilibili.com/video/BV1yZ4y1N7n9
1264,2020-09-26,BV14D4y1o7yD,【梗指南】五虎上将是什么梗,00:54,817607,371,,712142148,1601124554,https://www.bilibili.com/video/BV14D4y1o7yD
1265,2020-09-24,BV1Cy4y1y7k6,【梗指南】妙啊是什么梗,00:59,293090,262,,797140986,1600954447,https://www.bilibili.com/video/BV1Cy4y1y7k6
1266,2020-09-22,BV1aZ4y1N73T,【梗指南】滑铲是什么梗,00:28,453505,100,,372143954,1600762787,https://www.bilibili.com/video/BV1aZ4y1N73T
1267,2020-09-21,BV1Yh411X7Nc,【梗指南】上海zoo是什么梗,01:40,405183,1491,,202150048,1600676766,https://www.bilibili.com/video/BV1Yh411X7Nc
1268,2020-09-19,BV1Lk4y11736,【梗指南】可是什么梗？,00:31,194035,101,,754658634,1600525743,https://www.bilibili.com/video/BV1Lk4y11736
1269,2020-09-17,BV1af4y1X7or,【梗指南】WDNMD是什么梗,00:41,887607,3973,,287025465,1600350058,https://www.bilibili.com/video/BV1af4y1X7or
1270,2020-09-16,BV1wZ4y1N7yc,【梗指南】当明星玩自己的梗，你会因此增加好感嘛？,02:59,65785,137,,372017524,1600258740,https://www.bilibili.com/video/BV1wZ4y1N7yc
1271,2020-09-14,BV1ui4y1u7JJ,【梗指南】阴阳怪气男团老番茄为何深夜喊出财大NB？,00:52,184454,57,,542023238,1600075525,https://www.bilibili.com/video/BV1ui4y1u7JJ
1272,2020-09-09,BV1Ef4y1X7nM,【狗皮giao药】两大地下rapper的世纪爱情,04:57,203155,1689,,287014875,1599636105,https://www.bilibili.com/video/BV1Ef4y1X7nM
