idx,source,date,keyword,pinyin,pinyin_plain,length,bvid,orig_title,url
1,梗指南,2026-09-02,耍起,shuǎ qǐ,shua qi,01:47,BV1VotU6iEiZ,耍起是什么梗【梗指南】,https://www.bilibili.com/video/BV1VotU6iEiZ
2,梗百科,2026-09-02,松针大油边,sōng zhēn dà yóu biān,song zhen da you bian,02:08,BV1xWtJ6iEGs,【梗百科】松针大油边是啥梗？,https://www.bilibili.com/video/BV1xWtJ6iEGs
3,梗指南,2026-08-31,我了叹,wǒ le tàn,wo le tan,01:34,BV1A1t86wExG,我了叹是什么梗【梗指南】,https://www.bilibili.com/video/BV1A1t86wExG
4,梗百科,2026-08-29,闹吃VS古振兴,nào chī VS gǔ zhèn xīng,nao chi VS gu zhen xing,03:52,BV1ii4C6QEk8,【梗百科】闹吃VS古振兴是啥梗？真人HIM？,https://www.bilibili.com/video/BV1ii4C6QEk8
5,梗百科,2026-08-28,大葱哥,dà cōng gē,da cong ge,02:30,BV13ptA6AEAW,【梗百科】大葱哥是咋回事？,https://www.bilibili.com/video/BV13ptA6AEAW
6,梗指南,2026-08-25,舍命陪君子,shě mìng péi jūn zǐ,she ming pei jun zi,01:40,BV1U1h36FEVL,舍命陪君子是什么梗【梗指南】,https://www.bilibili.com/video/BV1U1h36FEVL
7,梗百科,2026-08-24,我是爷们,wǒ shì yé men,wo shi ye men,02:13,BV11whN6NE6T,【梗百科】我是爷们是啥梗？！,https://www.bilibili.com/video/BV11whN6NE6T
8,梗指南,2026-08-23,老叟戏顽童,lǎo sǒu xì wán tóng,lao sou xi wan tong,02:37,BV1gE8s6AEjn,老叟戏顽童是什么梗【梗指南】,https://www.bilibili.com/video/BV1gE8s6AEjn
9,梗百科,2026-08-22,胆子真是肥嘟嘟的,dǎn zi zhēn shì féi dū dū de,dan zi zhen shi fei du du de,01:44,BV1a9816ZER9,【梗百科】胆子真是肥嘟嘟的是啥梗？,https://www.bilibili.com/video/BV1a9816ZER9
10,梗百科,2026-08-21,老叟戏顽童,lǎo sǒu xì wán tóng,lao sou xi wan tong,02:28,BV1vQ8i6uEYf,【梗百科】老叟戏顽童是啥梗？泥肘！！？,https://www.bilibili.com/video/BV1vQ8i6uEYf
11,梗百科,2026-08-20,突然出现的章鱼哥的美妙音乐,tū rán chū xiàn de zhāng yú gē de měi miào yīn yuè,tu ran chu xian de zhang yu ge de mei miao yin yue,03:35,BV16Sbo6TEBX,【梗百科】突然出现的章鱼哥的美妙音乐啥梗？,https://www.bilibili.com/video/BV16Sbo6TEBX
12,梗指南,2026-08-19,胆子真是肥嘟嘟的,dǎn zi zhēn shì féi dū dū de,dan zi zhen shi fei du du de,01:54,BV1n48E6aEcr,胆子真是肥嘟嘟的是什么梗【梗指南】,https://www.bilibili.com/video/BV1n48E6aEcr
13,梗百科,2026-08-17,隔壁班转来了个XX,gé bì bān zhuǎn lái le gè XX,ge bi ban zhuan lai le ge XX,02:40,BV1g4be69Edh,【梗百科】隔壁班转来了个XX是啥梗？正太扭腰？,https://www.bilibili.com/video/BV1g4be69Edh
14,梗指南,2026-08-16,牛来,niú lái,niu lai,02:00,BV1XabQ6VEWS,牛来是什么梗【梗指南】,https://www.bilibili.com/video/BV1XabQ6VEWS
15,梗百科,2026-08-15,牛来,niú lái,niu lai,01:24,BV1Lqby6oE7i,【梗百科】牛来是啥梗？,https://www.bilibili.com/video/BV1Lqby6oE7i
16,梗百科,2026-08-14,野生狗奶,yě shēng gǒu nǎi,ye sheng gou nai,02:35,BV1i5gN6eEMW,【梗百科】野生狗奶是啥梗？,https://www.bilibili.com/video/BV1i5gN6eEMW
17,梗百科,2026-08-13,熊大回眸,xióng dà huí móu,xiong da hui mou,02:28,BV1PkgE69EoL,【梗百科】熊大回眸是啥梗？轻松绷住！？,https://www.bilibili.com/video/BV1PkgE69EoL
18,梗百科,2026-08-11,X姆？长月老贼,X mǔ ？ zhǎng yuè lǎo zéi,X mu ？ zhang yue lao zei,02:44,BV1cVuq6aEeK,【梗百科】X姆？长月老贼是啥梗？【B萌应援】,https://www.bilibili.com/video/BV1cVuq6aEeK
19,梗指南,2026-08-11,胡迪渲染大赛,hú dí xuàn rǎn dà sài,hu di xuan ran da sai,01:54,BV1Qtuv6VEPU,胡迪渲染大赛是什么梗【梗指南】,https://www.bilibili.com/video/BV1Qtuv6VEPU
20,梗百科,2026-08-09,直到XX变成XX,zhí dào XX biàn chéng XX,zhi dao XX bian cheng XX,01:32,BV1yxum6AEfC,【梗百科】直到XX变成XX是啥梗？,https://www.bilibili.com/video/BV1yxum6AEfC
21,梗指南,2026-08-09,野生狗奶,yě shēng gǒu nǎi,ye sheng gou nai,01:45,BV1tjum6gExd,野生狗奶是什么梗【梗指南】,https://www.bilibili.com/video/BV1tjum6gExd
22,梗百科,2026-08-08,不X你们X什么,bù X nǐ men X shén me,bu X ni men X shen me,02:04,BV1xRuu6fEeA,【梗百科】不X你们X什么是啥梗？！,https://www.bilibili.com/video/BV1xRuu6fEeA
23,梗指南,2026-08-06,你那双眼睛究竟看到多远,nǐ nà shuāng yǎn jīng jiū jìng kàn dào duō yuǎn,ni na shuang yan jing jiu jing kan dao duo yuan,02:58,BV1YouJ6MEVh,你那双眼睛究竟看到多远是什么梗【梗指南】,https://www.bilibili.com/video/BV1YouJ6MEVh
24,梗指南,2026-08-05,正太扭腰,zhèng tài niǔ yāo,zheng tai niu yao,01:54,BV1tCMy6cEsk,正太扭腰是什么梗【梗指南】,https://www.bilibili.com/video/BV1tCMy6cEsk
25,梗百科,2026-08-05,霸之意志,bà zhī yì zhì,ba zhi yi zhi,01:51,BV1h6My6AEvN,【梗百科】霸之意志是啥梗？,https://www.bilibili.com/video/BV1h6My6AEvN
26,梗百科,2026-08-04,你会XXX吗,nǐ huì XXX ma,ni hui XXX ma,02:16,BV1Xsuc67E8r,【梗百科】你会XXX吗是啥梗？瓦哩师徒杯名场面！？,https://www.bilibili.com/video/BV1Xsuc67E8r
27,梗百科,2026-08-01,XX人吃到美食,XX rén chī dào měi shí,XX ren chi dao mei shi,02:27,BV1vwG369EkM,【梗百科】XX人吃到美食是啥梗？,https://www.bilibili.com/video/BV1vwG369EkM
28,梗百科,2026-07-31,许愿柳,xǔ yuàn liǔ,xu yuan liu,01:56,BV1P8Gw6yEjS,【梗百科】许愿柳是啥梗？,https://www.bilibili.com/video/BV1P8Gw6yEjS
29,梗指南,2026-07-30,东北单兵口粮,dōng běi dān bīng kǒu liáng,dong bei dan bing kou liang,01:48,BV11n3t6QEQY,东北单兵口粮是什么梗【梗指南】,https://www.bilibili.com/video/BV11n3t6QEQY
30,梗百科,2026-07-27,六人定律,liù rén dìng lǜ,liu ren ding lv,02:22,BV1Ut3F6VE5x,【梗百科】六人定律是啥梗？光头强认识川普？,https://www.bilibili.com/video/BV1Ut3F6VE5x
31,梗百科,2026-07-26,中国人能飞,zhōng guó rén néng fēi,zhong guo ren neng fei,02:40,BV1YV3E6iE8T,【梗百科】中国人能飞是啥梗？,https://www.bilibili.com/video/BV1YV3E6iE8T
32,梗指南,2026-07-25,中国人能飞,zhōng guó rén néng fēi,zhong guo ren neng fei,01:40,BV14x3u6iEvc,中国人能飞是什么梗【梗指南】,https://www.bilibili.com/video/BV14x3u6iEvc
33,梗指南,2026-07-23,枪如人人如枪,qiāng rú rén rén rú qiāng,qiang ru ren ren ru qiang,02:07,BV1RogD6aEvN,枪如人人如枪是什么梗【梗指南】,https://www.bilibili.com/video/BV1RogD6aEvN
34,梗百科,2026-07-23,大阪和摄政王,dà bǎn hé shè zhèng wáng,da ban he she zheng wang,02:13,BV1dogD6aEpG,【梗百科】大阪和摄政王是啥梗？,https://www.bilibili.com/video/BV1dogD6aEpG
35,梗百科,2026-07-22,成吉思鸡,chéng jí sī jī,cheng ji si ji,02:08,BV18egC6NEfr,【梗百科】成吉思鸡是啥？你说的一点都对？！,https://www.bilibili.com/video/BV18egC6NEfr
36,梗指南,2026-07-19,初音未来监护权杯,chū yīn wèi lái jiān hù quán bēi,chu yin wei lai jian hu quan bei,01:26,BV1DiKr6nEcS,初音未来监护权杯是什么梗【梗指南】,https://www.bilibili.com/video/BV1DiKr6nEcS
37,梗百科,2026-07-18,AVGN舞？双子木马？近期人气外网meme都有啥,AVGN wǔ ？ shuāng zi mù mǎ ？ jìn qī rén qì wài wǎng meme dōu yǒu shá,AVGN wu ？ shuang zi mu ma ？ jin qi ren qi wai wang meme dou you sha,02:19,BV1BiKP6dEPr,【梗百科】AVGN舞？双子木马？近期人气外网meme都有啥？,https://www.bilibili.com/video/BV1BiKP6dEPr
38,梗指南,2026-07-18,宗主第二招,zōng zhǔ dì èr zhāo,zong zhu di er zhao,02:00,BV19oKc6yEpR,宗主第二招是什么梗【梗指南】,https://www.bilibili.com/video/BV19oKc6yEpR
39,梗百科,2026-07-17,宗主第二招,zōng zhǔ dì èr zhāo,zong zhu di er zhao,01:56,BV1ScKn69Enz,【梗百科】宗主第二招是啥？,https://www.bilibili.com/video/BV1ScKn69Enz
40,梗百科,2026-07-16,干瘪瘪的芝士球,gān biě biě de zhī shì qiú,gan bie bie de zhi shi qiu,01:20,BV1DsKG6KE6q,【梗百科】干瘪瘪的芝士球是啥梗？,https://www.bilibili.com/video/BV1DsKG6KE6q
41,梗指南,2026-07-15,旱厕蜗牛,hàn cè wō niú,han ce wo niu,02:09,BV1tHNi6aEsv,旱厕蜗牛是什么梗【梗指南】,https://www.bilibili.com/video/BV1tHNi6aEsv
42,梗指南,2026-07-12,我简直就是佐助本人,wǒ jiǎn zhí jiù shì zuǒ zhù běn rén,wo jian zhi jiu shi zuo zhu ben ren,01:21,BV1XsNg6eEZL,我简直就是佐助本人是什么梗【梗指南】,https://www.bilibili.com/video/BV1XsNg6eEZL
43,梗百科,2026-07-11,OMG你吓到我了,OMG nǐ xià dào wǒ le,OMG ni xia dao wo le,02:21,BV1usN46zEq8,【梗百科】OMG你吓到我了是啥梗？,https://www.bilibili.com/video/BV1usN46zEq8
44,梗百科,2026-07-09,大狗叫,dà gǒu jiào,da gou jiao,03:28,BV1ysME67Em9,【梗百科】大狗叫是啥梗？这只狗哪里来的？！,https://www.bilibili.com/video/BV1ysME67Em9
45,梗指南,2026-07-08,omg你吓到我了,omg nǐ xià dào wǒ le,omg ni xia dao wo le,01:47,BV1ehMg63EAF,omg你吓到我了是什么梗【梗指南】,https://www.bilibili.com/video/BV1ehMg63EAF
46,梗百科,2026-07-08,佛得角门神,fú dé jiǎo mén shén,fu de jiao men shen,02:44,BV1cyMi6tEKw,【梗百科】佛得角门神是啥梗？,https://www.bilibili.com/video/BV1cyMi6tEKw
47,梗百科,2026-07-04,蛤蟆电音,há ma diàn yīn,ha ma dian yin,01:48,BV1DKMA6LEVL,【梗百科】蛤蟆电音是咋回事？呱呱呱呱呱呱呱呱？！,https://www.bilibili.com/video/BV1DKMA6LEVL
48,梗百科,2026-07-02,睾酮打到XX上了,gāo tóng dǎ dào XX shàng le,gao tong da dao XX shang le,02:35,BV11UTL6gECb,【梗百科】睾酮打到XX上了是啥梗？,https://www.bilibili.com/video/BV11UTL6gECb
49,梗指南,2026-07-01,走个面儿,zǒu gè miàn ér,zou ge mian er,02:32,BV1rMTe6nEBh,走个面儿是什么梗【梗指南】,https://www.bilibili.com/video/BV1rMTe6nEBh
50,梗百科,2026-06-30,被生活磨平了妙脆角,bèi shēng huó mó píng le miào cuì jiǎo,bei sheng huo mo ping le miao cui jiao,01:44,BV17LTF6mErp,【梗百科】被生活磨平了妙脆角是啥梗？,https://www.bilibili.com/video/BV17LTF6mErp
51,梗百科,2026-06-29,爹系男友,diē xì nán yǒu,die xi nan you,01:56,BV1weKQ6YE3D,【梗百科】爹系男友是啥？,https://www.bilibili.com/video/BV1weKQ6YE3D
52,梗百科,2026-06-28,我只是在做自己的事情,wǒ zhǐ shì zài zuò zì jǐ de shì qíng,wo zhi shi zai zuo zi ji de shi qing,02:55,BV1ZgTT6PEP7,【梗百科】我只是在做自己的事情是啥梗？DU BIST GUT GENUG？,https://www.bilibili.com/video/BV1ZgTT6PEP7
53,梗百科,2026-06-27,走个面儿,zǒu gè miàn ér,zou ge mian er,03:02,BV14k7p69Eds,【梗百科】走个面儿是啥梗？,https://www.bilibili.com/video/BV14k7p69Eds
54,梗指南,2026-06-26,哈兰德吃人,hā lán dé chī rén,ha lan de chi ren,01:53,BV11t7q68EeB,哈兰德吃人是什么梗【梗指南】,https://www.bilibili.com/video/BV11t7q68EeB
55,梗百科,2026-06-24,超级变色龙,chāo jí biàn sè lóng,chao ji bian se long,01:57,BV1LvjR6dEVk,【梗百科】超级变色龙是啥？捉迷藏游戏火爆了？！,https://www.bilibili.com/video/BV1LvjR6dEVk
56,梗百科,2026-06-21,你是龙子你是虾子,nǐ shì lóng zi nǐ shì xiā zi,ni shi long zi ni shi xia zi,01:54,BV124jb6NEUD,【梗百科】你是龙子你是虾子是啥梗？骂人是错误行为！？,https://www.bilibili.com/video/BV124jb6NEUD
57,梗指南,2026-06-20,眩晕板大学,xuàn yūn bǎn dà xué,xuan yun ban da xue,02:24,BV1bHjJ6mEhz,眩晕板大学是什么梗【梗指南】,https://www.bilibili.com/video/BV1bHjJ6mEhz
58,梗百科,2026-06-18,青蛙教练,qīng wā jiào liàn,qing wa jiao lian,02:05,BV1BojA6UEB9,【梗百科】青蛙教练是啥梗？,https://www.bilibili.com/video/BV1BojA6UEB9
59,梗百科,2026-06-17,严肃脸,yán sù liǎn,yan su lian,01:44,BV1PxLX6cEH8,【梗百科】严肃脸是啥梗？,https://www.bilibili.com/video/BV1PxLX6cEH8
60,梗指南,2026-06-16,青蛙教练,qīng wā jiào liàn,qing wa jiao lian,02:00,BV1hBJN6nEAz,青蛙教练是什么梗【梗指南】,https://www.bilibili.com/video/BV1hBJN6nEAz
61,梗指南,2026-06-14,看左边看左边,kàn zuǒ biān kàn zuǒ biān,kan zuo bian kan zuo bian,02:09,BV1b7Jw6MEc7,看左边看左边是什么梗【梗指南】,https://www.bilibili.com/video/BV1b7Jw6MEc7
62,梗百科,2026-06-14,香港究竟有几个区,xiāng gǎng jiū jìng yǒu jǐ gè qū,xiang gang jiu jing you ji ge qu,01:53,BV15KJw61EuV,【梗百科】香港究竟有几个区是啥梗？,https://www.bilibili.com/video/BV15KJw61EuV
63,梗百科,2026-06-12,鹅”腿阿姨,é ” tuǐ ā yí,e ” tui a yi,02:18,BV1QpE16fENZ,【梗百科】“鹅”腿阿姨是咋回事？,https://www.bilibili.com/video/BV1QpE16fENZ
64,梗指南,2026-06-11,香港究竟有几个区,xiāng gǎng jiū jìng yǒu jǐ gè qū,xiang gang jiu jing you ji ge qu,01:58,BV1KoEq6vEaa,香港究竟有几个区是什么梗【梗指南】,https://www.bilibili.com/video/BV1KoEq6vEaa
65,梗百科,2026-06-11,肉肉肉,ròu ròu ròu,rou rou rou,01:50,BV14oEq6eEvS,【梗百科】肉肉肉是啥梗？,https://www.bilibili.com/video/BV14oEq6eEvS
66,梗百科,2026-06-10,PixPix,PixPix,PixPix,01:51,BV1NuE96rEh6,【梗百科】PixPix是啥梗？,https://www.bilibili.com/video/BV1NuE96rEh6
67,梗指南,2026-06-10,萨尔下,sà ěr xià,sa er xia,03:20,BV1a3EX6nEe8,萨尔下是什么梗【梗指南】,https://www.bilibili.com/video/BV1a3EX6nEe8
68,梗百科,2026-06-09,萨尔下,sà ěr xià,sa er xia,03:03,BV1eDEE6dEGo,【梗百科】萨尔下是啥梗？,https://www.bilibili.com/video/BV1eDEE6dEGo
69,梗百科,2026-06-08,为高考静音,wèi gāo kǎo jìng yīn,wei gao kao jing yin,01:44,BV14uEg6XETC,【梗百科】为高考静音是啥梗？,https://www.bilibili.com/video/BV14uEg6XETC
70,梗百科,2026-06-07,高考当天免费XX,gāo kǎo dàng tiān miǎn fèi XX,gao kao dang tian mian fei XX,02:04,BV1QeEb67EYc,【梗百科】高考当天免费XX是咋回事？,https://www.bilibili.com/video/BV1QeEb67EYc
71,梗指南,2026-06-07,为高考静音,wèi gāo kǎo jìng yīn,wei gao kao jing yin,01:18,BV1kPE46FEJA,为高考静音是什么梗【梗指南】,https://www.bilibili.com/video/BV1kPE46FEJA
72,梗百科,2026-06-02,月薪喵,yuè xīn miāo,yue xin miao,02:05,BV1BiVB6uETY,【梗百科】月薪喵是啥？这个“散味舞”怎么来的？,https://www.bilibili.com/video/BV1BiVB6uETY
73,梗指南,2026-06-02,pixpix,pixpix,pixpix,02:07,BV1WwVz6HEaq,pixpix是什么梗【梗指南】,https://www.bilibili.com/video/BV1WwVz6HEaq
74,梗百科,2026-06-01,XX的实力并不强,XX de shí lì bìng bù qiáng,XX de shi li bing bu qiang,02:12,BV1XHVZ6nEJm,【梗百科】XX的实力并不强是啥梗？我读书少！你不要骗我？！,https://www.bilibili.com/video/BV1XHVZ6nEJm
75,梗指南,2026-05-31,来杯好茶摇一摇,lái bēi hǎo chá yáo yī yáo,lai bei hao cha yao yi yao,01:57,BV1QsVU64EGh,来杯好茶摇一摇是什么梗【梗指南】,https://www.bilibili.com/video/BV1QsVU64EGh
76,梗百科,2026-05-30,星光坏事做尽,xīng guāng huài shì zuò jǐn,xing guang huai shi zuo jin,02:07,BV1iXVG6aEHq,【梗百科】星光坏事做尽是啥梗？,https://www.bilibili.com/video/BV1iXVG6aEHq
77,梗百科,2026-05-28,幼年形态已经很完美了,yòu nián xíng tài yǐ jīng hěn wán měi le,you nian xing tai yi jing hen wan mei le,01:33,BV18AVp62ETL,【梗百科】幼年形态已经很完美了是啥梗？,https://www.bilibili.com/video/BV18AVp62ETL
78,梗指南,2026-05-27,不舒服文学,bù shū fú wén xué,bu shu fu wen xue,02:39,BV1uqG26mEKm,不舒服文学是什么梗【梗指南】,https://www.bilibili.com/video/BV1uqG26mEKm
79,梗指南,2026-05-26,高考战神皮肤,gāo kǎo zhàn shén pí fū,gao kao zhan shen pi fu,02:37,BV1GuGo62Eug,高考战神皮肤是什么梗【梗指南】,https://www.bilibili.com/video/BV1GuGo62Eug
80,梗百科,2026-05-24,百万英镑,bǎi wàn yīng bàng,bai wan ying bang,03:47,BV1WzG769EFM,【梗百科】百万英镑是啥？这得花不少钱？！,https://www.bilibili.com/video/BV1WzG769EFM
81,梗百科,2026-05-23,你喝过特么百事可乐吗,nǐ hē guò tè me bǎi shì kě lè ma,ni he guo te me bai shi ke le ma,01:52,BV1ZAGi6FEjh,【梗百科】你喝过特么百事可乐吗是啥梗？,https://www.bilibili.com/video/BV1ZAGi6FEjh
82,梗指南,2026-05-22,这得花不少钱、百万英镑,zhè dé huā bù shǎo qián 、 bǎi wàn yīng bàng,zhe de hua bu shao qian 、 bai wan ying bang,02:10,BV19ZGb6uETu,这得花不少钱、百万英镑是什么梗【梗指南】,https://www.bilibili.com/video/BV19ZGb6uETu
83,梗百科,2026-05-22,我真求你了天猫,wǒ zhēn qiú nǐ le tiān māo,wo zhen qiu ni le tian mao,01:42,BV1JpLv6uEfj,【梗百科】我真求你了天猫是啥梗？申请查询天猫精神状态？！,https://www.bilibili.com/video/BV1JpLv6uEfj
84,梗指南,2026-05-20,520段子大赏,520 duàn zi dà shǎng,520 duan zi da shang,02:31,BV1rLL26kEXD,5 2 0 段 子 大 赏【梗指南】,https://www.bilibili.com/video/BV1rLL26kEXD
85,梗百科,2026-05-18,外网爆火的二乔VS栏杆,wài wǎng bào huǒ de èr qiáo VS lán gān,wai wang bao huo de er qiao VS lan gan,03:35,BV1BNLw6rE3X,【梗百科】外网爆火的二乔VS栏杆是啥梗？,https://www.bilibili.com/video/BV1BNLw6rE3X
86,梗指南,2026-05-18,爆缸笑脸,bào gāng xiào liǎn,bao gang xiao lian,02:07,BV1okLF6BEzC,爆缸笑脸是什么梗【梗指南】,https://www.bilibili.com/video/BV1okLF6BEzC
87,梗百科,2026-05-17,误闯天嘉,wù chuǎng tiān jiā,wu chuang tian jia,01:47,BV1twLH6LE4R,【梗百科】误闯天嘉是啥梗？,https://www.bilibili.com/video/BV1twLH6LE4R
88,梗百科,2026-05-16,调查兵团存在的意义,diào chá bīng tuán cún zài de yì yì,diao cha bing tuan cun zai de yi yi,02:16,BV18EL369EQ7,【梗百科】调查兵团存在的意义是啥梗？没有这个地方！？,https://www.bilibili.com/video/BV18EL369EQ7
89,梗百科,2026-05-14,选择大于努力？78sensei？近期名场面盘点,xuǎn zé dà yú nǔ lì ？78sensei？ jìn qī míng chǎng miàn pán diǎn,xuan ze da yu nu li ？78sensei？ jin qi ming chang mian pan dian,04:41,BV1Eh596QEgQ,【梗百科】选择大于努力？78sensei？近期名场面盘点？！,https://www.bilibili.com/video/BV1Eh596QEgQ
90,梗指南,2026-05-14,公厕文学,gōng cè wén xué,gong ce wen xue,02:04,BV19z596jE4f,公厕文学是什么梗【梗指南】,https://www.bilibili.com/video/BV19z596jE4f
91,梗百科,2026-05-13,中奖概率倍儿高,zhòng jiǎng gài lǜ bèi ér gāo,zhong jiang gai lv bei er gao,02:41,BV1es5169EHt,【梗百科】中奖概率倍儿高是啥梗？,https://www.bilibili.com/video/BV1es5169EHt
92,梗指南,2026-05-12,狗狗限速器,gǒu gǒu xiàn sù qì,gou gou xian su qi,01:26,BV1ZD5u6FEt9,狗狗限速器是什么梗【梗指南】,https://www.bilibili.com/video/BV1ZD5u6FEt9
93,梗百科,2026-05-11,找到失传媒体？中头奖,zhǎo dào shī chuán méi tǐ ？ zhōng tóu jiǎng,zhao dao shi chuan mei ti ？ zhong tou jiang,04:39,BV1Hv5x6LEPM,【梗百科】找到失传媒体？中头奖是啥外网梗？坐杀博徒再出江湖？,https://www.bilibili.com/video/BV1Hv5x6LEPM
94,梗指南,2026-05-10,神人转场,shén rén zhuǎn chǎng,shen ren zhuan chang,01:43,BV1xT576aExY,神人转场是什么梗【梗指南】,https://www.bilibili.com/video/BV1xT576aExY
95,梗百科,2026-05-09,曾经的王,céng jīng de wáng,ceng jing de wang,02:26,BV1krR9BxE51,【梗百科】曾经的王是啥梗？成为王的代价！？,https://www.bilibili.com/video/BV1krR9BxE51
96,梗指南,2026-05-08,曾经的王King,céng jīng de wáng King,ceng jing de wang King,03:12,BV1d1dGBvELB,曾经的王King是什么梗，成为王的代价是什么？【梗指南】,https://www.bilibili.com/video/BV1d1dGBvELB
97,梗指南,2026-05-06,放生蒜苔,fàng shēng suàn tái,fang sheng suan tai,01:42,BV1dERxBqESh,放生蒜苔是什么梗【梗指南】,https://www.bilibili.com/video/BV1dERxBqESh
98,梗百科,2026-05-06,看到过去的自己,kàn dào guò qù de zì jǐ,kan dao guo qu de zi ji,02:04,BV1wSRxB7E2x,【梗百科】看到过去的自己是啥梗？,https://www.bilibili.com/video/BV1wSRxB7E2x
99,梗百科,2026-05-05,娜塔莎,nà tǎ shā,na ta sha,02:21,BV1fhR1BcEkB,【梗百科】娜塔莎是啥梗？,https://www.bilibili.com/video/BV1fhR1BcEkB
100,梗指南,2026-05-04,杰哥再发枪,jié gē zài fā qiāng,jie ge zai fa qiang,03:30,BV1PARqBEECx,杰哥再发枪是什么梗【梗指南】,https://www.bilibili.com/video/BV1PARqBEECx
101,梗百科,2026-05-03,没想降维打击,méi xiǎng jiàng wéi dǎ jī,mei xiang jiang wei da ji,02:14,BV1Wq9fB6EY6,【梗百科】没想降维打击是啥梗？,https://www.bilibili.com/video/BV1Wq9fB6EY6
102,梗指南,2026-05-02,娜塔莎,nà tǎ shā,na ta sha,01:52,BV1twREBKEDS,娜塔莎是什么梗【梗指南】,https://www.bilibili.com/video/BV1twREBKEDS
103,梗百科,2026-05-02,法老为啥是魔兽梦男,fǎ lǎo wèi shá shì mó shòu mèng nán,fa lao wei sha shi mo shou meng nan,02:32,BV1GoRMBUErJ,【梗百科】法老为啥是魔兽梦男？！,https://www.bilibili.com/video/BV1GoRMBUErJ
104,梗指南,2026-04-30,蓝V历险记,lán V lì xiǎn jì,lan V li xian ji,02:43,BV1tf9aBrEfu,蓝V历险记是什么梗【梗指南】,https://www.bilibili.com/video/BV1tf9aBrEfu
105,梗指南,2026-04-29,我早已麻痹,wǒ zǎo yǐ má bì,wo zao yi ma bi,01:43,BV1BS9SB6E6E,我早已麻痹是什么梗【梗指南】,https://www.bilibili.com/video/BV1BS9SB6E6E
106,梗百科,2026-04-25,燃烧我的卡路里咋又火了,rán shāo wǒ de kǎ lù lǐ zǎ yòu huǒ le,ran shao wo de ka lu li za you huo le,02:15,BV1TxoXBvEc6,【梗百科】燃烧我的卡路里咋又火了？,https://www.bilibili.com/video/BV1TxoXBvEc6
107,梗指南,2026-04-23,永劫嘉豪,yǒng jié jiā háo,yong jie jia hao,02:49,BV1sGoYBkEMf,永劫嘉豪是什么梗【梗指南】,https://www.bilibili.com/video/BV1sGoYBkEMf
108,梗指南,2026-04-22,是关中王来了,shì guān zhōng wáng lái le,shi guan zhong wang lai le,02:25,BV1qGosB6Eje,是关中王来了是什么梗【梗指南】,https://www.bilibili.com/video/BV1qGosB6Eje
109,梗百科,2026-04-20,我早已麻痹,wǒ zǎo yǐ má bì,wo zao yi ma bi,01:47,BV1WToKBwE15,【梗百科】我早已麻痹是啥梗？,https://www.bilibili.com/video/BV1WToKBwE15
110,梗指南,2026-04-20,稳稳地接住你,wěn wěn dì jiē zhù nǐ,wen wen di jie zhu ni,02:03,BV1QUoNB5EX5,稳稳地接住你是什么梗【梗指南】,https://www.bilibili.com/video/BV1QUoNB5EX5
111,梗指南,2026-04-19,呕吐的小曲,ǒu tù de xiǎo qǔ,ou tu de xiao qu,02:21,BV14wdoBCEbs,呕吐的小曲是什么梗【梗指南】,https://www.bilibili.com/video/BV14wdoBCEbs
112,梗百科,2026-04-19,依旧果冻人,yī jiù guǒ dòng rén,yi jiu guo dong ren,04:32,BV1aRddBEE5R,【梗百科】依旧果冻人是啥梗？因为长得太像表情包成梗的男人？,https://www.bilibili.com/video/BV1aRddBEE5R
113,梗百科,2026-04-17,Coke高招,Coke gāo zhāo,Coke gao zhao,02:54,BV17udjB2EqL,【梗百科】Coke高招是啥梗？这火影玩家也太能玩梗了？！,https://www.bilibili.com/video/BV17udjB2EqL
114,梗指南,2026-04-17,滚滚长江东逝水,gǔn gǔn cháng jiāng dōng shì shuǐ,gun gun chang jiang dong shi shui,02:31,BV1YVd5BKEzo,滚滚长江东逝水是什么梗【梗指南】,https://www.bilibili.com/video/BV1YVd5BKEzo
115,梗百科,2026-04-16,老贝榨,lǎo bèi zhà,lao bei zha,02:14,BV1L6dhBQEdR,【梗百科】老贝榨是啥梗？玩梗还能这么玩？！,https://www.bilibili.com/video/BV1L6dhBQEdR
116,梗指南,2026-04-15,豪到你了,háo dào nǐ le,hao dao ni le,02:01,BV1RkQ7BMEt7,豪到你了是什么梗【梗指南】,https://www.bilibili.com/video/BV1RkQ7BMEt7
117,梗百科,2026-04-12,插入Aizo,chā rù Aizo,cha ru Aizo,02:56,BV1EgDQBNEVx,【梗百科】插入Aizo是啥梗？,https://www.bilibili.com/video/BV1EgDQBNEVx
118,梗百科,2026-04-11,至少穿的像个人,zhì shǎo chuān de xiàng gè rén,zhi shao chuan de xiang ge ren,01:49,BV1bdDCBaEhK,【梗百科】至少穿的像个人是啥梗？,https://www.bilibili.com/video/BV1bdDCBaEhK
119,梗指南,2026-04-10,SBTI,SBTI,SBTI,02:02,BV1mwQFBkEmm,SBTI是什么梗【梗指南】,https://www.bilibili.com/video/BV1mwQFBkEmm
120,梗百科,2026-04-09,嘎子酸奶战役,gǎ zǐ suān nǎi zhàn yì,ga zi suan nai zhan yi,02:25,BV17nDWB9EB9,【梗百科】嘎子酸奶战役是啥梗？,https://www.bilibili.com/video/BV17nDWB9EB9
121,梗百科,2026-04-08,唐嘉琦,táng jiā qí,tang jia qi,02:06,BV1oUDLBaE8n,【梗百科】唐嘉琦是咋回事？,https://www.bilibili.com/video/BV1oUDLBaE8n
122,梗指南,2026-04-07,嘎子卖酸奶,gǎ zǐ mài suān nǎi,ga zi mai suan nai,03:07,BV194DvBEEZo,嘎子卖酸奶是什么梗【梗指南】,https://www.bilibili.com/video/BV194DvBEEZo
123,梗百科,2026-04-06,唐毒蛇,táng dú shé,tang du she,02:13,BV19NDFB2Ei2,【梗百科】唐毒蛇是啥？用毒蛇的毒毒毒蛇！,https://www.bilibili.com/video/BV19NDFB2Ei2
124,梗指南,2026-04-04,蛋糕店里卖蛋糕,dàn gāo diàn lǐ mài dàn gāo,dan gao dian li mai dan gao,01:53,BV1yZDTBWEFR,蛋糕店里卖蛋糕是什么梗【梗指南】,https://www.bilibili.com/video/BV1yZDTBWEFR
125,梗指南,2026-04-01,愚人节段子大赏,yú rén jié duàn zi dà shǎng,yu ren jie duan zi da shang,01:44,BV1d797BGEus,愚 人 节 段 子 大 赏【梗指南】,https://www.bilibili.com/video/BV1d797BGEus
126,梗百科,2026-03-31,如果XX是你的力量,rú guǒ XX shì nǐ de lì liàng,ru guo XX shi ni de li liang,02:21,BV157XrBqELk,【梗百科】如果XX是你的力量是啥梗？骷髅VS苏格拉底！！？,https://www.bilibili.com/video/BV157XrBqELk
127,梗指南,2026-03-31,禅者行脚,chán zhě xíng jiǎo,chan zhe xing jiao,02:02,BV1E2XrBmE29,禅者行脚是什么梗【梗指南】,https://www.bilibili.com/video/BV1E2XrBmE29
128,梗百科,2026-03-28,区,qū,qu,01:51,BV1wVXLB5Exm,【梗百科】区是啥梗？,https://www.bilibili.com/video/BV1wVXLB5Exm
129,梗指南,2026-03-26,奥赛级微笑,ào sài jí wēi xiào,ao sai ji wei xiao,02:14,BV1SQXWBJEHJ,奥赛级微笑是什么梗【梗指南】,https://www.bilibili.com/video/BV1SQXWBJEHJ
130,梗百科,2026-03-25,新三吴国+群雄篇？！吃什么？可以称帝了,xīn sān wú guó + qún xióng piān ？！ chī shén me ？ kě yǐ chēng dì le,xin san wu guo + qun xiong pian ？！ chi shen me ？ ke yi cheng di le,18:35,BV1zmQ2BtEkk,【梗百科】新三吴国+群雄篇？！吃什么？可以称帝了？！,https://www.bilibili.com/video/BV1zmQ2BtEkk
131,梗指南,2026-03-21,Donk放狠话,Donk fàng hěn huà,Donk fang hen hua,01:40,BV1UZAczVEAv,Donk放狠话是什么梗【梗指南】,https://www.bilibili.com/video/BV1UZAczVEAv
132,梗百科,2026-03-20,眼睛瞎在XX上,yǎn jīng xiā zài XX shàng,yan jing xia zai XX shang,02:12,BV1a4AnzKEWy,【梗百科】眼睛瞎在XX上是啥梗？,https://www.bilibili.com/video/BV1a4AnzKEWy
133,梗百科,2026-03-18,外国人最近狂玩的DLSS 5 ON梗,wài guó rén zuì jìn kuáng wán de DLSS 5 ON gěng,wai guo ren zui jin kuang wan de DLSS 5 ON geng,03:32,BV17awezjEr4,【梗百科】外国人最近狂玩的DLSS 5 ON梗是啥？,https://www.bilibili.com/video/BV17awezjEr4
134,梗指南,2026-03-18,雪山救狐狸,xuě shān jiù hú lí,xue shan jiu hu li,02:15,BV17bwezEEZp,雪山救狐狸是什么梗【梗指南】,https://www.bilibili.com/video/BV17bwezEEZp
135,梗百科,2026-03-17,顶富熊大快跑,dǐng fù xióng dà kuài pǎo,ding fu xiong da kuai pao,01:49,BV1YewXzoEjT,【梗百科】顶富熊大快跑是啥梗？,https://www.bilibili.com/video/BV1YewXzoEjT
136,梗指南,2026-03-16,航天公式歌,háng tiān gōng shì gē,hang tian gong shi ge,02:30,BV1zJwEzuEA9,航天公式歌是什么梗【梗指南】,https://www.bilibili.com/video/BV1zJwEzuEA9
137,梗指南,2026-03-15,顶富熊大快跑,dǐng fù xióng dà kuài pǎo,ding fu xiong da kuai pao,01:46,BV1XtwNzxEgG,顶富熊大快跑是什么梗【梗指南】,https://www.bilibili.com/video/BV1XtwNzxEgG
138,梗百科,2026-03-14,国产吉尔伽美什,guó chǎn jí ěr gā měi shén,guo chan ji er ga mei shen,02:12,BV1pKwxzwE2T,【梗百科】国产吉尔伽美什是啥梗？喜悦！！？,https://www.bilibili.com/video/BV1pKwxzwE2T
139,梗指南,2026-03-13,我的刀盾,wǒ de dāo dùn,wo de dao dun,01:55,BV14ScUzTERS,我的刀盾是什么梗【梗指南】,https://www.bilibili.com/video/BV14ScUzTERS
140,梗百科,2026-03-12,重大历史机遇！家是本,zhòng dà lì shǐ jī yù ！ jiā shì běn,zhong da li shi ji yu ！ jia shi ben,02:07,BV1exckzbE86,【梗百科】重大历史机遇！家是本是啥梗？,https://www.bilibili.com/video/BV1exckzbE86
141,梗百科,2026-03-11,雪山狐狸酱板鸭,xuě shān hú lí jiàng bǎn yā,xue shan hu li jiang ban ya,02:25,BV1ogcfzyE85,【梗百科】雪山狐狸酱板鸭是啥梗？,https://www.bilibili.com/video/BV1ogcfzyE85
142,梗指南,2026-03-09,SHIT期刊,SHIT qī kān,SHIT qi kan,02:05,BV1kNNGzKEid,SHIT期刊是什么梗【梗指南】,https://www.bilibili.com/video/BV1kNNGzKEid
143,梗百科,2026-03-08,抖肩舞,dǒu jiān wǔ,dou jian wu,03:32,BV1MGN3zkEoX,【梗百科】抖肩舞是啥梗？低皮质醇又是啥梗？,https://www.bilibili.com/video/BV1MGN3zkEoX
144,梗指南,2026-03-07,time will tell,time will tell,time will tell,02:26,BV1JQNczNEWA,time will tell是什么梗【梗指南】,https://www.bilibili.com/video/BV1JQNczNEWA
145,梗百科,2026-03-06,忧郁程度,yōu yù chéng dù,you yu cheng du,02:11,BV1wAPszAEwM,【梗百科】忧郁程度是啥梗？,https://www.bilibili.com/video/BV1wAPszAEwM
146,梗指南,2026-03-06,没有人知道碰它的后果是什么,méi yǒu rén zhī dào pèng tā de hòu guǒ shì shén me,mei you ren zhi dao peng ta de hou guo shi shen me,01:37,BV1ArPszTEEq,没有人知道碰它的后果是什么是什么梗【梗指南】,https://www.bilibili.com/video/BV1ArPszTEEq
147,梗百科,2026-03-04,新三蜀国篇？！自刎归天？龙可是帝王之证啊,xīn sān shǔ guó piān ？！ zì wěn guī tiān ？ lóng kě shì dì wáng zhī zhèng a,xin san shu guo pian ？！ zi wen gui tian ？ long ke shi di wang zhi zheng a,14:48,BV19yPNzaEX4,【梗百科】新三蜀国篇？！自刎归天？龙可是帝王之证啊？！,https://www.bilibili.com/video/BV19yPNzaEX4
148,梗指南,2026-03-03,我跟你很熟吗,wǒ gēn nǐ hěn shú ma,wo gen ni hen shu ma,03:27,BV17ZAozDESq,我跟你很熟吗是什么梗【梗指南】,https://www.bilibili.com/video/BV17ZAozDESq
149,梗指南,2026-03-02,选择庇护所,xuǎn zé bì hù suǒ,xuan ze bi hu suo,01:48,BV1aMPEzeEv1,选择庇护所是什么梗【梗指南】,https://www.bilibili.com/video/BV1aMPEzeEv1
150,梗百科,2026-02-28,没有人知道碰它的后果是什么,méi yǒu rén zhī dào pèng tā de hòu guǒ shì shén me,mei you ren zhi dao peng ta de hou guo shi shen me,01:22,BV1XHA8zbEEf,【梗百科】没有人知道碰它的后果是什么是啥梗？,https://www.bilibili.com/video/BV1XHA8zbEEf
151,梗指南,2026-02-27,摄影界天才,shè yǐng jiè tiān cái,she ying jie tian cai,02:00,BV1jDADzwEuj,摄影界天才是什么梗【梗指南】,https://www.bilibili.com/video/BV1jDADzwEuj
152,梗百科,2026-02-27,低音炮丹尼尔,dī yīn pào dān ní ěr,di yin pao dan ni er,02:11,BV17mAUzxEFu,【梗百科】低音炮丹尼尔是啥梗？辛巴巴巴噜比啦！？,https://www.bilibili.com/video/BV17mAUzxEFu
153,梗百科,2026-02-25,秀芹多吃点怎么了,xiù qín duō chī diǎn zěn me le,xiu qin duo chi dian zen me le,02:32,BV17dftBRE9C,【梗百科】秀芹多吃点怎么了是啥？,https://www.bilibili.com/video/BV17dftBRE9C
154,梗指南,2026-02-23,让人笑话,ràng rén xiào huà,rang ren xiao hua,02:17,BV1BGfzB9ESV,让人笑话是什么梗【梗指南】,https://www.bilibili.com/video/BV1BGfzB9ESV
155,梗百科,2026-02-22,新三魏国篇？！死是凉爽的夏夜？不可能！绝对不可能,xīn sān wèi guó piān ？！ sǐ shì liáng shuǎng de xià yè ？ bù kě néng ！ jué duì bù kě néng,xin san wei guo pian ？！ si shi liang shuang de xia ye ？ bu ke neng ！ jue dui bu ke neng,11:50,BV1XqfFBPEH2,【梗百科】新三魏国篇？！死是凉爽的夏夜？不可能！绝对不可能！？,https://www.bilibili.com/video/BV1XqfFBPEH2
156,梗百科,2026-02-20,法国口音,fǎ guó kǒu yīn,fa guo kou yin,02:32,BV1HLfuBgEwy,【梗百科】法国口音是啥梗？我要验牌！！？,https://www.bilibili.com/video/BV1HLfuBgEwy
157,梗百科,2026-02-19,撒贝宁老鼠干,sā bèi níng lǎo shǔ gàn,sa bei ning lao shu gan,01:51,BV1wSZYB3ExD,【梗百科】撒贝宁老鼠干是啥梗？,https://www.bilibili.com/video/BV1wSZYB3ExD
158,梗指南,2026-02-17,机器人春晚,jī qì rén chūn wǎn,ji qi ren chun wan,02:17,BV14jZ1BHEBM,机器人春晚是什么梗【梗指南】,https://www.bilibili.com/video/BV14jZ1BHEBM
159,梗百科,2026-02-17,机器孙子团,jī qì sūn zi tuán,ji qi sun zi tuan,02:24,BV1jBZCBbE2D,【梗百科】机器孙子团是啥？今年春晚有啥梗？！,https://www.bilibili.com/video/BV1jBZCBbE2D
160,梗指南,2026-02-15,菲比拉电线,fēi bǐ lā diàn xiàn,fei bi la dian xian,01:49,BV1UrZxBYE5A,菲比拉电线是什么梗【梗指南】,https://www.bilibili.com/video/BV1UrZxBYE5A
161,梗百科,2026-02-15,牛巴里巴,niú bā lǐ bā,niu ba li ba,02:41,BV1NsZsBxEoR,【梗百科】牛巴里巴是啥？,https://www.bilibili.com/video/BV1NsZsBxEoR
162,梗百科,2026-02-13,我的刀盾和哔哔拉布,wǒ de dāo dùn hé bì bì lā bù,wo de dao dun he bi bi la bu,02:42,BV1LRcLzREG9,【梗百科】我的刀盾和哔哔拉布是啥梗？,https://www.bilibili.com/video/BV1LRcLzREG9
163,梗百科,2026-02-11,我是L名场面,wǒ shì L míng chǎng miàn,wo shi L ming chang mian,02:09,BV1yBc4zNE8Z,【梗百科】我是L名场面是啥梗？智斗の小曲？！,https://www.bilibili.com/video/BV1yBc4zNE8Z
164,梗指南,2026-02-11,我也要死吗,wǒ yě yào sǐ ma,wo ye yao si ma,02:21,BV1VGcszLEx8,我也要死吗是什么梗【梗指南】,https://www.bilibili.com/video/BV1VGcszLEx8
165,梗指南,2026-02-08,法尔孔战舞,fǎ ěr kǒng zhàn wǔ,fa er kong zhan wu,02:20,BV1HacFzsEym,法尔孔战舞是什么梗【梗指南】,https://www.bilibili.com/video/BV1HacFzsEym
166,梗百科,2026-02-08,食猴鹰怎么火了？达尔文事变,shí hóu yīng zěn me huǒ le ？ dá ěr wén shì biàn,shi hou ying zen me huo le ？ da er wen shi bian,02:53,BV17kcFzmEqQ,【梗百科】食猴鹰怎么火了？达尔文事变怎么回事？！,https://www.bilibili.com/video/BV17kcFzmEqQ
167,梗百科,2026-02-07,我们的配音很像陈千语？最初为什么做梗百科,wǒ men de pèi yīn hěn xiàng chén qiān yǔ ？ zuì chū wèi shén me zuò gěng bǎi kē,wo men de pei yin hen xiang chen qian yu ？ zui chu wei shen me zuo geng bai ke,05:32,BV1G2FWzuEDR,【梗百科】我们的配音很像陈千语？最初为什么做梗百科！？,https://www.bilibili.com/video/BV1G2FWzuEDR
168,梗百科,2026-02-06,偷菜,tōu cài,tou cai,02:31,BV15uFzzSEzr,【梗百科】偷菜是啥？这梗重出江湖了？,https://www.bilibili.com/video/BV15uFzzSEzr
169,梗指南,2026-02-06,赛博老农,sài bó lǎo nóng,sai bo lao nong,01:37,BV1tbFazXEg2,赛博老农是什么梗【梗指南】,https://www.bilibili.com/video/BV1tbFazXEg2
170,梗百科,2026-02-04,别入坑绝区零,bié rù kēng jué qū líng,bie ru keng jue qu ling,02:56,BV1K3foBEEjx,【梗百科】别入坑绝区零是咋回事？水熊肘击是啥梗？,https://www.bilibili.com/video/BV1K3foBEEjx
171,梗指南,2026-02-03,360度转一圈,360 dù zhuǎn yī quān,360 du zhuan yi quan,03:17,BV1FdFLzcEkS,360度转一圈是什么梗【梗指南】,https://www.bilibili.com/video/BV1FdFLzcEkS
172,梗指南,2026-01-31,老子才是老大,lǎo zi cái shì lǎo dà,lao zi cai shi lao da,01:51,BV1LZ6yBXEmR,老子才是老大是什么梗【梗指南】,https://www.bilibili.com/video/BV1LZ6yBXEmR
173,梗百科,2026-01-31,I can't wait,I can't wait,I can't wait,01:51,BV15y61BHEkw,【梗百科】I can't wait 是啥梗？,https://www.bilibili.com/video/BV15y61BHEkw
174,梗百科,2026-01-29,XX+XX等于什么颜色,XX+XX děng yú shén me yán sè,XX+XX deng yu shen me yan se,02:10,BV1sn6FBgEtD,【梗百科】XX+XX等于什么颜色是啥梗？颜色混合！,https://www.bilibili.com/video/BV1sn6FBgEtD
175,梗指南,2026-01-28,颜色混合,yán sè hùn hé,yan se hun he,01:59,BV11g6EBfEKW,颜色混合是什么梗【梗指南】,https://www.bilibili.com/video/BV11g6EBfEKW
176,梗百科,2026-01-27,老子才是老大,lǎo zi cái shì lǎo dà,lao zi cai shi lao da,02:12,BV1dZ6gBREHw,【梗百科】老子才是老大是啥梗？,https://www.bilibili.com/video/BV1dZ6gBREHw
177,梗百科,2026-01-24,XX做了噩梦,XX zuò le è mèng,XX zuo le e meng,02:06,BV1GLzCBzE6S,【梗百科】XX做了噩梦是啥梗？万物皆可做噩梦？！,https://www.bilibili.com/video/BV1GLzCBzE6S
178,梗指南,2026-01-22,眼神给出去,yǎn shén gěi chū qù,yan shen gei chu qu,01:44,BV1Y5zFBnE5A,眼神给出去是什么梗【梗指南】,https://www.bilibili.com/video/BV1Y5zFBnE5A
179,梗百科,2026-01-21,你已急哭,nǐ yǐ jí kū,ni yi ji ku,02:04,BV1fXzLBzEwD,【梗百科】你已急哭是啥梗？,https://www.bilibili.com/video/BV1fXzLBzEwD
180,梗指南,2026-01-20,你已急哭,nǐ yǐ jí kū,ni yi ji ku,01:33,BV1ufkjBTE4Q,你已急哭是什么梗【梗指南】,https://www.bilibili.com/video/BV1ufkjBTE4Q
181,梗百科,2026-01-20,疯狂的鸽子,fēng kuáng de gē zi,feng kuang de ge zi,01:44,BV1Twk7BPEdP,【梗百科】疯狂的鸽子是啥梗？,https://www.bilibili.com/video/BV1Twk7BPEdP
182,梗百科,2026-01-17,节奏挑战？惹怒上司？咒术回战拨刘海火爆全网,jié zòu tiǎo zhàn ？ rě nù shàng sī ？ zhòu shù huí zhàn bō liú hǎi huǒ bào quán wǎng,jie zou tiao zhan ？ re nu shang si ？ zhou shu hui zhan bo liu hai huo bao quan wang,04:38,BV1h8rDBFELA,【梗百科】节奏挑战？惹怒上司？咒术回战拨刘海火爆全网？,https://www.bilibili.com/video/BV1h8rDBFELA
183,梗百科,2026-01-16,我也要死吗,wǒ yě yào sǐ ma,wo ye yao si ma,02:23,BV1b7rkBKEuy,【梗百科】我也要死吗是啥梗？,https://www.bilibili.com/video/BV1b7rkBKEuy
184,梗百科,2026-01-13,去酒吧看看,qù jiǔ bā kàn kàn,qu jiu ba kan kan,02:42,BV1J1r5BVE6i,【梗百科】去酒吧看看是啥梗？新玩法是什么情况？,https://www.bilibili.com/video/BV1J1r5BVE6i
185,梗指南,2026-01-13,这xx有力气,zhè xx yǒu lì qì,zhe xx you li qi,01:56,BV1ZVrzBGE3P,这xx有力气是什么梗【梗指南】,https://www.bilibili.com/video/BV1ZVrzBGE3P
186,梗百科,2026-01-11,我的身材很曼妙,wǒ de shēn cái hěn màn miào,wo de shen cai hen man miao,01:47,BV1XA6RBgE21,【梗百科】我的身材很曼妙是啥梗？,https://www.bilibili.com/video/BV1XA6RBgE21
187,梗指南,2026-01-10,失禁低音炮,shī jìn dī yīn pào,shi jin di yin pao,01:42,BV1ZZruBfEu4,失禁低音炮是什么梗【梗指南】,https://www.bilibili.com/video/BV1ZZruBfEu4
188,梗百科,2026-01-08,火爆全网的蕾塞舞,huǒ bào quán wǎng de lěi sāi wǔ,huo bao quan wang de lei sai wu,02:31,BV1eMiRBAEwd,【梗百科】火爆全网的蕾塞舞是啥梗？骑鲨鱼、泳池？！,https://www.bilibili.com/video/BV1eMiRBAEwd
189,梗指南,2026-01-07,我的身材很曼妙,wǒ de shēn cái hěn màn miào,wo de shen cai hen man miao,01:46,BV1JeiCB2E7a,我的身材很曼妙是什么梗【梗指南】,https://www.bilibili.com/video/BV1JeiCB2E7a
190,梗百科,2026-01-06,这XX有力气,zhè XX yǒu lì qì,zhe XX you li qi,02:00,BV12fqwB3EF1,【梗百科】这XX有力气是啥梗？,https://www.bilibili.com/video/BV12fqwB3EF1
191,梗百科,2026-01-04,2026北极熊,2026 běi jí xióng,2026 bei ji xiong,01:56,BV1DSirBREDy,【梗百科】2026北极熊是啥梗？新年第一梗？,https://www.bilibili.com/video/BV1DSirBREDy
192,梗百科,2026-01-03,奶龙大笑,nǎi lóng dà xiào,nai long da xiao,01:54,BV1ZPieB5EK7,【梗百科】奶龙大笑是啥梗？变异奶龙？！,https://www.bilibili.com/video/BV1ZPieB5EK7
193,梗指南,2026-01-01,2025热梗年度总结,2025 rè gěng nián dù zǒng jié,2025 re geng nian du zong jie,10:49,BV1PVi5BqE3g,2 0 2 5 热 梗 年 度 总 结【梗指南】,https://www.bilibili.com/video/BV1PVi5BqE3g
194,梗百科,2025-12-31,2025年热梗总结,2025 nián rè gěng zǒng jié,2025 nian re geng zong jie,06:12,BV121igBFENT,【梗百科】2025年热梗总结！啥梗有1300+万播放？！,https://www.bilibili.com/video/BV121igBFENT
195,梗百科,2025-12-27,Be water,Be water,Be water,02:35,BV1FUBrBLESX,【梗百科】Be water是啥梗？,https://www.bilibili.com/video/BV1FUBrBLESX
196,梗百科,2025-12-26,弹丸论破手势舞,dàn wán lùn pò shǒu shì wǔ,dan wan lun po shou shi wu,02:54,BV176BYBUEcG,【梗百科】弹丸论破手势舞是啥梗？,https://www.bilibili.com/video/BV176BYBUEcG
197,梗指南,2025-12-26,萝卜纸巾，真棒小猫,luó bo zhǐ jīn ， zhēn bàng xiǎo māo,luo bo zhi jin ， zhen bang xiao mao,02:40,BV1V1BYBLE2W,萝卜纸巾，真棒小猫是什么梗【梗指南】,https://www.bilibili.com/video/BV1V1BYBLE2W
198,梗指南,2025-12-25,蕾塞舞,lěi sāi wǔ,lei sai wu,02:20,BV1EMBXBGErx,蕾塞舞是什么梗【梗指南】,https://www.bilibili.com/video/BV1EMBXBGErx
199,梗百科,2025-12-24,萝卜纸巾猫,luó bo zhǐ jīn māo,luo bo zhi jin mao,02:18,BV1Q7B5BDEKU,【梗百科】萝卜纸巾猫是啥梗？真棒！,https://www.bilibili.com/video/BV1Q7B5BDEKU
200,梗指南,2025-12-24,圣诞帽,shèng dàn mào,sheng dan mao,02:15,BV1gzBLBxEvR,圣诞帽是什么梗【梗指南】,https://www.bilibili.com/video/BV1gzBLBxEvR
201,梗指南,2025-12-22,卖引擎的tina,mài yǐn qíng de tina,mai yin qing de tina,01:51,BV1qHBsBfEhe,卖引擎的tina是什么梗【梗指南】,https://www.bilibili.com/video/BV1qHBsBfEhe
202,梗百科,2025-12-21,爱你老己,ài nǐ lǎo jǐ,ai ni lao ji,01:52,BV14FqUBME5b,【梗百科】爱你老己是啥梗？,https://www.bilibili.com/video/BV14FqUBME5b
203,梗指南,2025-12-20,新时代鸡蛋,xīn shí dài jī dàn,xin shi dai ji dan,01:46,BV1ZdqqBFE1i,新时代鸡蛋是什么梗【梗指南】,https://www.bilibili.com/video/BV1ZdqqBFE1i
204,梗百科,2025-12-19,不许P圣诞帽,bù xǔ P shèng dàn mào,bu xu P sheng dan mao,02:05,BV1YWqZBkEJk,【梗百科】不许P圣诞帽是咋回事？,https://www.bilibili.com/video/BV1YWqZBkEJk
205,梗指南,2025-12-18,爱你老己,ài nǐ lǎo jǐ,ai ni lao ji,01:56,BV1NLqpBwEAV,爱你老己是什么梗【梗指南】,https://www.bilibili.com/video/BV1NLqpBwEAV
206,梗百科,2025-12-16,绝望的蛋小黄,jué wàng de dàn xiǎo huáng,jue wang de dan xiao huang,02:15,BV1bWqhBZEAs,【梗百科】绝望的蛋小黄是啥梗？这个表情包出自哪里？,https://www.bilibili.com/video/BV1bWqhBZEAs
207,梗指南,2025-12-16,xxx你被捕了,xxx nǐ bèi bǔ le,xxx ni bei bu le,02:09,BV1zBmBBoEVU,xxx你被捕了是什么梗【梗指南】,https://www.bilibili.com/video/BV1zBmBBoEVU
208,梗百科,2025-12-15,XXX你被捕了,XXX nǐ bèi bǔ le,XXX ni bei bu le,02:19,BV1J4mCB6Emw,【梗百科】XXX你被捕了是啥梗？,https://www.bilibili.com/video/BV1J4mCB6Emw
209,梗指南,2025-12-14,小品天后大战AI,xiǎo pǐn tiān hòu dà zhàn AI,xiao pin tian hou da zhan AI,02:35,BV13hmqBCEsr,小品天后大战AI是什么梗【梗指南】,https://www.bilibili.com/video/BV13hmqBCEsr
210,梗百科,2025-12-14,关羽之歌,guān yǔ zhī gē,guan yu zhi ge,03:07,BV1PUmqBwEr3,【梗百科】关羽之歌是啥梗？,https://www.bilibili.com/video/BV1PUmqBwEr3
211,梗百科,2025-12-10,阿米嘎蒂朵喵喵,ā mǐ gā dì duǒ miāo miāo,a mi ga di duo miao miao,04:24,BV1RumbBdEo1,【梗百科】阿米嘎蒂朵喵喵是啥梗？火爆外网的破碎面具？,https://www.bilibili.com/video/BV1RumbBdEo1
212,梗百科,2025-12-09,那个L啊,nà ge L a,na ge L a,02:21,BV1SV2DBzEYV,【梗百科】那个L啊是啥梗？顶级智斗！,https://www.bilibili.com/video/BV1SV2DBzEYV
213,梗指南,2025-12-08,最忙五人组,zuì máng wǔ rén zǔ,zui mang wu ren zu,01:41,BV1gQ2rBQES5,最忙五人组是什么梗【梗指南】,https://www.bilibili.com/video/BV1gQ2rBQES5
214,梗百科,2025-12-07,我们不说XX，但可以说XX,wǒ men bù shuō XX， dàn kě yǐ shuō XX,wo men bu shuo XX， dan ke yi shuo XX,02:01,BV1nSmcBREh6,【梗百科】我们不说XX，但可以说XX是啥梗？,https://www.bilibili.com/video/BV1nSmcBREh6
215,梗指南,2025-12-06,赛博案底,sài bó àn dǐ,sai bo an di,01:29,BV1bC2WBPEyZ,赛博案底是什么梗【梗指南】,https://www.bilibili.com/video/BV1bC2WBPEyZ
216,梗百科,2025-12-06,你16年注册过CFM吗,nǐ 16 nián zhù cè guò CFM ma,ni 16 nian zhu ce guo CFM ma,01:44,BV1a62WBKENT,【梗百科】你16年注册过CFM吗是啥梗？,https://www.bilibili.com/video/BV1a62WBKENT
217,梗百科,2025-12-04,主人不在家，我XXX,zhǔ rén bù zài jiā ， wǒ XXX,zhu ren bu zai jia ， wo XXX,01:46,BV1gA2vBwEkS,【梗百科】主人不在家，我XXX是啥梗？嘠悠嘠悠～,https://www.bilibili.com/video/BV1gA2vBwEkS
218,梗指南,2025-12-04,那个L啊,nà ge L a,na ge L a,02:37,BV1sT2YBSE3c,那个L啊是什么梗【梗指南】,https://www.bilibili.com/video/BV1sT2YBSE3c
219,梗百科,2025-12-03,狮子吼小猫头鹰,shī zi hǒu xiǎo māo tóu yīng,shi zi hou xiao mao tou ying,02:15,BV1nN24BoEyq,【梗百科】狮子吼小猫头鹰是啥梗？兄弟我错了...,https://www.bilibili.com/video/BV1nN24BoEyq
220,梗指南,2025-11-30,兄弟我错了,xiōng dì wǒ cuò le,xiong di wo cuo le,01:33,BV1NfSvBeEFW,兄弟我错了是什么梗【梗指南】,https://www.bilibili.com/video/BV1NfSvBeEFW
221,梗百科,2025-11-29,你刚刚说了XX,nǐ gāng gāng shuō le XX,ni gang gang shuo le XX,02:07,BV17SSFBXEi9,【梗百科】你刚刚说了XX是啥梗？还有比XX更有趣的事情吗？,https://www.bilibili.com/video/BV17SSFBXEi9
222,梗百科,2025-11-27,因为你已经爱上我了,yīn wèi nǐ yǐ jīng ài shàng wǒ le,yin wei ni yi jing ai shang wo le,01:51,BV1rjSMB7Edb,【梗百科】因为你已经爱上我了是啥梗？出处并非你以为的那个？,https://www.bilibili.com/video/BV1rjSMB7Edb
223,梗百科,2025-11-26,当你的朋友说开车来接你,dāng nǐ de péng yǒu shuō kāi chē lái jiē nǐ,dang ni de peng you shuo kai che lai jie ni,02:01,BV1J1UUBoEfo,【梗百科】当你的朋友说开车来接你是啥梗？,https://www.bilibili.com/video/BV1J1UUBoEfo
224,梗指南,2025-11-26,xxx我的家乡,xxx wǒ de jiā xiāng,xxx wo de jia xiang,02:40,BV1JEU1BmEuN,xxx我的家乡是什么梗【梗指南】,https://www.bilibili.com/video/BV1JEU1BmEuN
225,梗指南,2025-11-23,巨型吊牌,jù xíng diào pái,ju xing diao pai,01:48,BV1fCUAB8EFu,巨型吊牌是什么梗？鼠标垫吊牌都来了【梗指南】,https://www.bilibili.com/video/BV1fCUAB8EFu
226,梗百科,2025-11-23,Papa小孩,Papa xiǎo hái,Papa xiao hai,02:21,BV1HwUNBTE6r,【梗百科】Papa小孩是啥梗？他带着秀才火到国外了？,https://www.bilibili.com/video/BV1HwUNBTE6r
227,梗百科,2025-11-22,外网爆火的芙莉莲仰视,wài wǎng bào huǒ de fú lì lián yǎng shì,wai wang bao huo de fu li lian yang shi,02:14,BV1woUpBWEV9,【梗百科】外网爆火的芙莉莲仰视是啥梗？透视实在是太简单啦！,https://www.bilibili.com/video/BV1woUpBWEV9
228,梗百科,2025-11-21,外卖教练,wài mài jiào liàn,wai mai jiao lian,02:41,BV1omyMBtEFS,【梗百科】外卖教练是啥梗？,https://www.bilibili.com/video/BV1omyMBtEFS
229,梗百科,2025-11-20,他是我们这里最没天赋的人,tā shì wǒ men zhè lǐ zuì méi tiān fù de rén,ta shi wo men zhe li zui mei tian fu de ren,02:14,BV1tgywB8EeA,【梗百科】他是我们这里最没天赋的人是啥梗？另一个世界的我？,https://www.bilibili.com/video/BV1tgywB8EeA
230,梗指南,2025-11-18,没经济没建模小猫,méi jīng jì méi jiàn mó xiǎo māo,mei jing ji mei jian mo xiao mao,01:51,BV1kPChBAEqd,没经济没建模小猫是什么梗【梗指南】,https://www.bilibili.com/video/BV1kPChBAEqd
231,梗百科,2025-11-16,我赚钱啦赚钱啦,wǒ zhuàn qián la zhuàn qián la,wo zhuan qian la zhuan qian la,03:16,BV1C1C9BYE6i,【梗百科】我赚钱啦赚钱啦是啥梗？这梗小时候抱过我？！,https://www.bilibili.com/video/BV1C1C9BYE6i
232,梗指南,2025-11-15,黄蓝CP,huáng lán CP,huang lan CP,01:31,BV1UiCyBUENr,黄蓝CP是什么梗【梗指南】,https://www.bilibili.com/video/BV1UiCyBUENr
233,梗指南,2025-11-14,火影手游大的来了,huǒ yǐng shǒu yóu dà de lái le,huo ying shou you da de lai le,01:43,BV1DbCgBxEX3,火影手游大的来了是什么梗【梗指南】,https://www.bilibili.com/video/BV1DbCgBxEX3
234,梗百科,2025-11-13,企鹅跳舞,qǐ é tiào wǔ,qi e tiao wu,03:11,BV1zAC4B7ERC,【梗百科】企鹅跳舞是啥梗？高松灯为何绑定企鹅？！,https://www.bilibili.com/video/BV1zAC4B7ERC
235,梗指南,2025-11-12,鲁皮子讨封,lǔ pí zi tǎo fēng,lu pi zi tao feng,01:43,BV1bTCEBkEex,鲁皮子讨封是什么梗【梗指南】,https://www.bilibili.com/video/BV1bTCEBkEex
236,梗百科,2025-11-12,Galgame里面不是这样的,Galgame lǐ miàn bú shì zhè yàng de,Galgame li mian bu shi zhe yang de,03:48,BV1UGCEBuEuj,【梗百科】Galgame里面不是这样的是啥梗？你们谁有安装包啊？,https://www.bilibili.com/video/BV1UGCEBuEuj
237,梗百科,2025-11-11,非洲十二少,fēi zhōu shí èr shǎo,fei zhou shi er shao,01:32,BV1wFkCBhEz2,【梗百科】非洲十二少是啥梗？这黑人小孩哪来的？,https://www.bilibili.com/video/BV1wFkCBhEz2
238,梗指南,2025-11-09,非洲十二少,fēi zhōu shí èr shǎo,fei zhou shi er shao,02:17,BV1AMkSBJEjQ,非洲十二少是什么梗【梗指南】,https://www.bilibili.com/video/BV1AMkSBJEjQ
239,梗百科,2025-11-07,谁有多余XX,shuí yǒu duō yú XX,shui you duo yu XX,03:32,BV1R323BqEcv,【梗百科】谁有多余XX是啥梗？行业DJ火了？,https://www.bilibili.com/video/BV1R323BqEcv
240,梗指南,2025-11-06,谁还有多余资金,shuí hái yǒu duō yú zī jīn,shui hai you duo yu zi jin,02:08,BV1y82FBREGB,谁还有多余资金是什么梗【梗指南】,https://www.bilibili.com/video/BV1y82FBREGB
241,梗百科,2025-11-06,雷霆坐姿,léi tíng zuò zī,lei ting zuo zi,01:59,BV1Av2FBpEc1,【梗百科】雷霆坐姿是啥梗？搁那儿一坐就成梗了！？,https://www.bilibili.com/video/BV1Av2FBpEc1
242,梗指南,2025-11-05,法国口音，我要验牌、给我擦皮鞋,fǎ guó kǒu yīn ， wǒ yào yàn pái 、 gěi wǒ cā pí xié,fa guo kou yin ， wo yao yan pai 、 gei wo ca pi xie,01:46,BV1kU1sBdEDy,法国口音，我要验牌、给我擦皮鞋是什么梗【梗指南】,https://www.bilibili.com/video/BV1kU1sBdEDy
243,梗百科,2025-11-04,噔→噔→噔→噔 ↗噔→噔↘,dēng → dēng → dēng → dēng ↗ dēng → dēng ↘,deng → deng → deng → deng ↗ deng → deng ↘,03:53,BV1Qs1rBjEjn,【梗百科】噔→噔→噔→噔 ↗噔→噔↘是啥梗？,https://www.bilibili.com/video/BV1Qs1rBjEjn
244,梗百科,2025-11-02,没建模没经济的我,méi jiàn mó méi jīng jì de wǒ,mei jian mo mei jing ji de wo,02:27,BV1rkydBTEyG,【梗百科】没建模没经济的我是啥梗？出处原来是这样？干嘛...,https://www.bilibili.com/video/BV1rkydBTEyG
245,梗指南,2025-11-01,苦命鸳鸯,kǔ mìng yuān yāng,ku ming yuan yang,02:06,BV14H15BeELS,苦命鸳鸯是什么梗【梗指南】,https://www.bilibili.com/video/BV14H15BeELS
246,梗指南,2025-10-29,充乐宝,chōng lè bǎo,chong le bao,01:51,BV1BEyrB4EVq,充乐宝是什么梗【梗指南】,https://www.bilibili.com/video/BV1BEyrB4EVq
247,梗指南,2025-10-28,企鹅表情包,qǐ é biǎo qíng bāo,qi e biao qing bao,01:33,BV1dCy6BnEUk,企鹅表情包是什么梗，高雅人士视察中！【梗指南】,https://www.bilibili.com/video/BV1dCy6BnEUk
248,梗百科,2025-10-28,苦命鸳鸯,kǔ mìng yuān yāng,ku ming yuan yang,02:28,BV1AGyrBaE5q,【梗百科】苦命鸳鸯是啥梗？这野史也太野了...,https://www.bilibili.com/video/BV1AGyrBaE5q
249,梗百科,2025-10-27,X的那边是什么,X de nà biān shì shén me,X de na bian shi shen me,02:09,BV1zzsUz7EEP,【梗百科】X的那边是什么是啥梗？海边三格AI图火了？,https://www.bilibili.com/video/BV1zzsUz7EEP
250,梗指南,2025-10-26,马喽音、也够音,mǎ lóu yīn 、 yě gòu yīn,ma lou yin 、 ye gou yin,02:58,BV1XZxPzJECh,马喽音、也够音是什么梗【梗指南】,https://www.bilibili.com/video/BV1XZxPzJECh
251,梗百科,2025-10-26,狮子朝着苹果吼？这表情包出处原来是这样的,shī zi cháo zhe píng guǒ hǒu ？ zhè biǎo qíng bāo chū chǔ yuán lái shì zhè yàng de,shi zi chao zhe ping guo hou ？ zhe biao qing bao chu chu yuan lai shi zhe yang de,01:54,BV1YzxAzCEKE,【梗百科】狮子朝着苹果吼？这表情包出处原来是这样的？！,https://www.bilibili.com/video/BV1YzxAzCEKE
252,梗百科,2025-10-25,野原广志领域展开,yě yuán guǎng zhì lǐng yù zhǎn kāi,ye yuan guang zhi ling yu zhan kai,03:03,BV1NJsdz5E1q,【梗百科】野原广志领域展开是啥梗？XXX的午餐流派？！,https://www.bilibili.com/video/BV1NJsdz5E1q
253,梗百科,2025-10-24,爆！CS2锻刀大赛,bào ！CS2 duàn dāo dà sài,bao ！CS2 duan dao da sai,02:14,BV1tUsJzUER9,【梗百科】爆！CS2锻刀大赛是咋回事？！！,https://www.bilibili.com/video/BV1tUsJzUER9
254,梗指南,2025-10-23,CS2锻刀大赛,CS2 duàn dāo dà sài,CS2 duan dao da sai,01:34,BV1dJsVzVERK,CS2锻刀大赛是什么梗【梗指南】,https://www.bilibili.com/video/BV1dJsVzVERK
255,梗百科,2025-10-23,平移饿狼,píng yí è láng,ping yi e lang,02:49,BV1qksqz1EzT,【梗百科】平移饿狼是啥梗？一拳超人又出新梗？,https://www.bilibili.com/video/BV1qksqz1EzT
256,梗百科,2025-10-22,智斗天花板,zhì dòu tiān huā bǎn,zhi dou tian hua ban,02:42,BV1i8sbzXEzG,【梗百科】智斗天花板是啥梗？这位越南小哥是谁？,https://www.bilibili.com/video/BV1i8sbzXEzG
257,梗百科,2025-10-19,你是AI生成的吗\大东北我的家乡,nǐ shì AI shēng chéng de ma \ dà dōng běi wǒ de jiā xiāng,ni shi AI sheng cheng de ma \ da dong bei wo de jia xiang,03:55,BV1wgswzQEPC,【梗百科】你是AI生成的吗\大东北我的家乡是啥梗？,https://www.bilibili.com/video/BV1wgswzQEPC
258,梗指南,2025-10-17,你是AI生成的吗,nǐ shì AI shēng chéng de ma,ni shi AI sheng cheng de ma,02:16,BV1hhWEz7Enk,你是AI生成的吗是什么梗【梗指南】,https://www.bilibili.com/video/BV1hhWEz7Enk
259,梗百科,2025-10-16,活力大湾区魅力新广州,huó lì dà wān qū mèi lì xīn guǎng zhōu,huo li da wan qu mei li xin guang zhou,01:39,BV1fKWvzBEto,【梗百科】活力大湾区魅力新广州是啥梗？,https://www.bilibili.com/video/BV1fKWvzBEto
260,梗百科,2025-10-15,玩家老了，丁亮翻遍硬盘都没找到这集,wán jiā lǎo le ， dīng liàng fān biàn yìng pán dōu méi zhǎo dào zhè jí,wan jia lao le ， ding liang fan bian ying pan dou mei zhao dao zhe ji,03:36,BV1oB4izjExH,【梗百科】玩家老了，丁亮翻遍硬盘都没找到这集是啥梗？,https://www.bilibili.com/video/BV1oB4izjExH
261,梗指南,2025-10-14,从从容容游刃有余,cóng cóng róng róng yóu rèn yǒu yú,cong cong rong rong you ren you yu,01:54,BV1To44zVEdS,从从容容游刃有余是什么梗【梗指南】,https://www.bilibili.com/video/BV1To44zVEdS
262,梗百科,2025-10-13,何意味,hé yì wèi,he yi wei,02:13,BV1NH4mzZEsq,【梗百科】何意味是啥梗？,https://www.bilibili.com/video/BV1NH4mzZEsq
263,梗百科,2025-10-12,朵拉智斗,duǒ lā zhì dòu,duo la zhi dou,02:28,BV1mK4uzWEBo,【梗百科】朵拉智斗是咋回事？,https://www.bilibili.com/video/BV1mK4uzWEBo
264,梗百科,2025-10-11,企鹅表情包,qǐ é biǎo qíng bāo,qi e biao qing bao,01:34,BV1964FzuEP5,【梗百科】企鹅表情包是啥梗？原来出自这里？高雅人士品鉴中？！！,https://www.bilibili.com/video/BV1964FzuEP5
265,梗指南,2025-10-11,颗秒邦邦邦邦,kē miǎo bāng bāng bāng bāng,ke miao bang bang bang bang,02:49,BV1hP4wzkEHt,颗秒邦邦邦邦是什么梗【梗指南】,https://www.bilibili.com/video/BV1hP4wzkEHt
266,梗百科,2025-10-10,我是最棒的小羊,wǒ shì zuì bàng de xiǎo yáng,wo shi zui bang de xiao yang,01:52,BV1Kb4JzJEeg,【梗百科】我是最棒的小羊是啥梗？,https://www.bilibili.com/video/BV1Kb4JzJEeg
267,梗百科,2025-10-09,怀疑？寻找伪人？67,huái yí ？ xún zhǎo wěi rén ？67,huai yi ？ xun zhao wei ren ？67,07:44,BV1eUxCzfEex,【梗百科】怀疑？寻找伪人？67是啥梗？无处不在的赛文原来是外网梗！？,https://www.bilibili.com/video/BV1eUxCzfEex
268,梗指南,2025-10-09,共享监狱,gòng xiǎng jiān yù,gong xiang jian yu,02:00,BV1Ccx6zNEWM,共享监狱是什么梗【梗指南】,https://www.bilibili.com/video/BV1Ccx6zNEWM
269,梗指南,2025-10-07,勇敢的小羊,yǒng gǎn de xiǎo yáng,yong gan de xiao yang,01:52,BV1NBxQzzEBc,勇敢的小羊是什么梗【梗指南】,https://www.bilibili.com/video/BV1NBxQzzEBc
270,梗百科,2025-10-07,AI阴湿,AI yīn shī,AI yin shi,02:27,BV1tLxXzVEQg,【梗百科】AI阴湿是啥梗？,https://www.bilibili.com/video/BV1tLxXzVEQg
271,梗百科,2025-10-06,鸡蛋免费抢,jī dàn miǎn fèi qiǎng,ji dan mian fei qiang,02:26,BV1REx7zWEkt,【梗百科】鸡蛋免费抢是啥梗？JO厨又发力了？！,https://www.bilibili.com/video/BV1REx7zWEkt
272,梗百科,2025-10-05,颗秒！邦↓邦↓邦↓邦↑,kē miǎo ！ bāng ↓ bāng ↓ bāng ↓ bāng ↑,ke miao ！ bang ↓ bang ↓ bang ↓ bang ↑,03:04,BV1Nsxaz2EXT,【梗百科】颗秒！邦↓邦↓邦↓邦↑ 是啥梗？,https://www.bilibili.com/video/BV1Nsxaz2EXT
273,梗指南,2025-10-03,鸡蛋免费抢,jī dàn miǎn fèi qiǎng,ji dan mian fei qiang,02:08,BV1hrHGzbESL,鸡蛋免费抢是什么梗【梗指南】,https://www.bilibili.com/video/BV1hrHGzbESL
274,梗百科,2025-10-03,技能五子棋,jì néng wǔ zi qí,ji neng wu zi qi,02:34,BV13xHVzbE3z,【梗百科】技能五子棋是啥梗？,https://www.bilibili.com/video/BV13xHVzbE3z
275,梗百科,2025-10-02,村田嵌字,cūn tián qiàn zì,cun tian qian zi,02:18,BV18VHNzvEji,【梗百科】村田嵌字是啥梗？一拳超人又出新梗了！？,https://www.bilibili.com/video/BV18VHNzvEji
276,梗指南,2025-10-01,班长李浩,bān zhǎng lǐ hào,ban zhang li hao,01:27,BV1BbHWzTEzx,班长李浩是什么梗【梗指南】,https://www.bilibili.com/video/BV1BbHWzTEzx
277,梗指南,2025-09-29,鸡排主理人,jī pái zhǔ lǐ rén,ji pai zhu li ren,02:24,BV1R9nqzYEc4,鸡排主理人是什么梗【梗指南】,https://www.bilibili.com/video/BV1R9nqzYEc4
278,梗百科,2025-09-28,鸡排主理人,jī pái zhǔ lǐ rén,ji pai zhu li ren,02:51,BV1fnnozZEGL,【梗百科】鸡排主理人是啥梗？,https://www.bilibili.com/video/BV1fnnozZEGL
279,梗指南,2025-09-26,隔壁班嘉豪,gé bì bān jiā háo,ge bi ban jia hao,02:27,BV13XJSzfErz,隔壁班嘉豪是什么梗【梗指南】,https://www.bilibili.com/video/BV13XJSzfErz
280,梗百科,2025-09-25,王扁是谁,wáng biǎn shì shuí,wang bian shi shui,03:01,BV132nbzTEYr,【梗百科】王扁是谁？,https://www.bilibili.com/video/BV132nbzTEYr
281,梗指南,2025-09-24,日本打年糕,rì běn dǎ nián gāo,ri ben da nian gao,02:06,BV18RJSztEUi,日本打年糕是什么梗【梗指南】,https://www.bilibili.com/video/BV18RJSztEUi
282,梗百科,2025-09-23,钢塞超人,gāng sāi chāo rén,gang sai chao ren,02:53,BV1UMJCzvEHn,【梗百科】钢塞超人是啥梗？原来是外网传过来的呀！？,https://www.bilibili.com/video/BV1UMJCzvEHn
283,梗指南,2025-09-21,硅基玩家,guī jī wán jiā,gui ji wan jia,02:11,BV1ZuWAzjEVD,硅基玩家是什么梗【梗指南】,https://www.bilibili.com/video/BV1ZuWAzjEVD
284,梗百科,2025-09-19,Speed又爆新梗？外网爆火的无敌战争,Speed yòu bào xīn gěng ？ wài wǎng bào huǒ de wú dí zhàn zhēng,Speed you bao xin geng ？ wai wang bao huo de wu di zhan zheng,05:35,BV1jtW3zTE9M,【梗百科】Speed又爆新梗？外网爆火的无敌战争是啥梗？,https://www.bilibili.com/video/BV1jtW3zTE9M
285,梗指南,2025-09-19,雨姐大汗脚表情包的原型是谁,yǔ jiě dà hán jiǎo biǎo qíng bāo de yuán xíng shì shuí,yu jie da han jiao biao qing bao de yuan xing shi shui,02:02,BV1vgWGzqEHx,雨姐大汗脚表情包的原型是谁？【梗指南】,https://www.bilibili.com/video/BV1vgWGzqEHx
286,梗指南,2025-09-17,囊囊囊,náng náng náng,nang nang nang,01:55,BV1ADpxz9ERT,囊囊囊是什么梗【梗指南】,https://www.bilibili.com/video/BV1ADpxz9ERT
287,梗百科,2025-09-16,听泉记笔记,tīng quán jì bǐ jì,ting quan ji bi ji,02:30,BV1kKpyziESm,【梗百科】听泉记笔记是啥梗？听泉赏宝又出梗啦！？,https://www.bilibili.com/video/BV1kKpyziESm
288,梗百科,2025-09-15,库里之歌,kù lǐ zhī gē,ku li zhi ge,02:15,BV1b8pMz5E3d,【梗百科】库里之歌是啥梗？火到国外去了？,https://www.bilibili.com/video/BV1b8pMz5E3d
289,梗指南,2025-09-14,爱情酒吧,ài qíng jiǔ bā,ai qing jiu ba,02:02,BV19WpczNEy3,爱情酒吧是什么梗【梗指南】,https://www.bilibili.com/video/BV19WpczNEy3
290,梗百科,2025-09-13,挖掘机里腌萝卜,wā jué jī lǐ yān luó bo,wa jue ji li yan luo bo,01:13,BV1sRpjzFEKA,【梗百科】挖掘机里腌萝卜是啥梗？,https://www.bilibili.com/video/BV1sRpjzFEKA
291,梗百科,2025-09-10,XX基础XX就不基础,XX jī chǔ XX jiù bù jī chǔ,XX ji chu XX jiu bu ji chu,02:51,BV1BCHXzJEpY,【梗百科】XX基础 XX就不基础是啥梗？穿搭要显贵？,https://www.bilibili.com/video/BV1BCHXzJEpY
292,梗指南,2025-09-09,xx基础xx不基础,xx jī chǔ xx bù jī chǔ,xx ji chu xx bu ji chu,02:26,BV1PvaCzcEm3,xx基础xx不基础是什么梗【梗指南】,https://www.bilibili.com/video/BV1PvaCzcEm3
293,梗百科,2025-09-08,预瞄小学,yù miáo xiǎo xué,yu miao xiao xue,01:50,BV1G2adz3EFP,【梗百科】预瞄小学是啥梗？,https://www.bilibili.com/video/BV1G2adz3EFP
294,梗指南,2025-09-08,丝瓜汤,sī guā tāng,si gua tang,02:53,BV1S4aRzNEAF,丝瓜汤是什么梗【梗指南】,https://www.bilibili.com/video/BV1S4aRzNEAF
295,梗百科,2025-09-06,去火丝瓜汤,qù huǒ sī guā tāng,qu huo si gua tang,02:37,BV1TVYTzYEHt,【梗百科】去火丝瓜汤是啥梗？,https://www.bilibili.com/video/BV1TVYTzYEHt
296,梗百科,2025-09-05,邪修XX,xié xiū XX,xie xiu XX,02:35,BV1pGabzSEQZ,【梗百科】邪修XX是啥梗？,https://www.bilibili.com/video/BV1pGabzSEQZ
297,梗百科,2025-09-02,这个表情包出自哪？XXX的消费态度,zhè ge biǎo qíng bāo chū zì nǎ ？XXX de xiāo fèi tài dù,zhe ge biao qing bao chu zi na ？XXX de xiao fei tai du,02:37,BV1PmaPzSEnB,【梗百科】这个表情包出自哪？XXX的消费态度是啥梗？,https://www.bilibili.com/video/BV1PmaPzSEnB
298,梗指南,2025-09-01,DJ音效,DJ yīn xiào,DJ yin xiao,02:23,BV1Zuapz4E1i,DJ音效是什么梗【梗指南】,https://www.bilibili.com/video/BV1Zuapz4E1i
299,梗百科,2025-09-01,九流门,jiǔ liú mén,jiu liu men,02:13,BV1F2anzsEEr,【梗百科】九流门是啥梗？,https://www.bilibili.com/video/BV1F2anzsEEr
300,梗指南,2025-08-31,古风小生,gǔ fēng xiǎo shēng,gu feng xiao sheng,02:46,BV1pka3zKE76,古风小生是什么梗【梗指南】,https://www.bilibili.com/video/BV1pka3zKE76
301,梗指南,2025-08-30,幻梦都破碎,huàn mèng dōu pò suì,huan meng dou po sui,02:18,BV1azhiznEci,幻梦都破碎是什么梗【梗指南】,https://www.bilibili.com/video/BV1azhiznEci
302,梗百科,2025-08-28,老奶奶打方向盘,lǎo nǎi nǎi dǎ fāng xiàng pán,lao nai nai da fang xiang pan,01:56,BV1bPh1zKEKB,【梗百科】老奶奶打方向盘是啥梗？,https://www.bilibili.com/video/BV1bPh1zKEKB
303,梗指南,2025-08-27,老奶奶打方向盘,lǎo nǎi nǎi dǎ fāng xiàng pán,lao nai nai da fang xiang pan,02:08,BV1vLe2ztEjK,老奶奶打方向盘是什么梗【梗指南】,https://www.bilibili.com/video/BV1vLe2ztEjK
304,梗百科,2025-08-27,哈基米山歌,hā jī mǐ shān gē,ha ji mi shan ge,03:26,BV1Gse2zpEeH,【梗百科】哈基米山歌是啥梗？这个胖男人居然出自？！哈基米莫南北绿豆～,https://www.bilibili.com/video/BV1Gse2zpEeH
305,梗指南,2025-08-26,一半敖丙一半哪吒,yí bàn áo bǐng yí bàn né zhā,yi ban ao bing yi ban ne zha,01:36,BV18qvPzTESE,一半敖丙一半哪吒是什么梗【梗指南】,https://www.bilibili.com/video/BV18qvPzTESE
306,梗百科,2025-08-25,一半敖丙一半哪吒,yí bàn áo bǐng yí bàn né zhā,yi ban ao bing yi ban ne zha,01:47,BV1hweRzgEWX,【梗百科】一半敖丙一半哪吒是啥梗？,https://www.bilibili.com/video/BV1hweRzgEWX
307,梗指南,2025-08-24,时团演唱会段子大赏,shí tuán yǎn chàng huì duàn zi dà shǎng,shi tuan yan chang hui duan zi da shang,02:47,BV1TWeJzMEy4,时 团 演 唱 会 段 子 大 赏【梗指南】,https://www.bilibili.com/video/BV1TWeJzMEy4
308,梗百科,2025-08-23,天使兄弟变身,tiān shǐ xiōng dì biàn shēn,tian shi xiong di bian shen,02:38,BV1BXevzYEEQ,【梗百科】天使兄弟变身是啥梗？,https://www.bilibili.com/video/BV1BXevzYEEQ
309,梗百科,2025-08-22,绿冲捡手柄,lǜ chōng jiǎn shǒu bǐng,lv chong jian shou bing,02:36,BV1DBe8zBEPu,【梗百科】绿冲捡手柄是啥名场面？街霸6小孩翻盘？,https://www.bilibili.com/video/BV1DBe8zBEPu
310,梗指南,2025-08-21,艾特海露,ài tè hǎi lù,ai te hai lu,02:10,BV1dFYRz2EKS,艾特海露是什么梗【梗指南】,https://www.bilibili.com/video/BV1dFYRz2EKS
311,梗百科,2025-08-18,屋内不许荡秋千、水管冻我爸,wū nèi bù xǔ dàng qiū qiān 、 shuǐ guǎn dòng wǒ bà,wu nei bu xu dang qiu qian 、 shui guan dong wo ba,03:06,BV1z2Y4zrEqt,【梗百科】屋内不许荡秋千、水管冻我爸是啥梗？,https://www.bilibili.com/video/BV1z2Y4zrEqt
312,梗指南,2025-08-18,九流门,jiǔ liú mén,jiu liu men,02:33,BV1fFYszNE16,九流门是什么梗【梗指南】,https://www.bilibili.com/video/BV1fFYszNE16
313,梗指南,2025-08-17,Jet2 Holiday,Jet2 Holiday,Jet2 Holiday,02:04,BV1L2Y1zsEur,Jet2 Holiday是什么梗【梗指南】,https://www.bilibili.com/video/BV1L2Y1zsEur
314,梗百科,2025-08-17,第一杯敬自己,dì yī bēi jìng zì jǐ,di yi bei jing zi ji,02:25,BV1UwY2zVEDx,【梗百科】第一杯敬自己是啥梗？,https://www.bilibili.com/video/BV1UwY2zVEDx
315,梗指南,2025-08-16,八离世家,bā lí shì jiā,ba li shi jia,01:53,BV1dpYYzHEbN,八离世家是什么梗【梗指南】,https://www.bilibili.com/video/BV1dpYYzHEbN
316,梗百科,2025-08-16,读大牌,dú dà pái,du da pai,02:14,BV1eMYezDEmV,【梗百科】读大牌是啥梗？,https://www.bilibili.com/video/BV1eMYezDEmV
317,梗指南,2025-08-14,印度3A大作,yìn dù 3A dà zuò,yin du 3A da zuo,02:37,BV1DibkzfEh5,印度3A大作是什么梗【梗指南】,https://www.bilibili.com/video/BV1DibkzfEh5
318,梗百科,2025-08-12,印度“3A”游戏,yìn dù “3A” yóu xì,yin du “3A” you xi,01:47,BV1EEtozyEvi,【梗百科】印度“3A”游戏是咋回事？神闪避动作爆火？,https://www.bilibili.com/video/BV1EEtozyEvi
319,梗指南,2025-08-12,校长办公室,xiào zhǎng bàn gōng shì,xiao zhang ban gong shi,01:59,BV1uKb5z2EyG,校长办公室是什么梗【梗指南】,https://www.bilibili.com/video/BV1uKb5z2EyG
320,梗百科,2025-08-11,隔壁班嘉豪,gé bì bān jiā háo,ge bi ban jia hao,01:49,BV1f4bGzWEQN,【梗百科】隔壁班嘉豪是啥梗？这梗又回温了！？,https://www.bilibili.com/video/BV1f4bGzWEQN
321,梗百科,2025-08-10,就被管家活活打断了双腿,jiù bèi guǎn jiā huó huó dǎ duàn le shuāng tuǐ,jiu bei guan jia huo huo da duan le shuang tui,02:50,BV1mYbwzzEwo,【梗百科】就被管家活活打断了双腿是啥梗？,https://www.bilibili.com/video/BV1mYbwzzEwo
322,梗指南,2025-08-09,被管家活活打断了双腿,bèi guǎn jiā huó huó dǎ duàn le shuāng tuǐ,bei guan jia huo huo da duan le shuang tui,02:19,BV1kLt4zNErp,被管家活活打断了双腿是什么梗【梗指南】,https://www.bilibili.com/video/BV1kLt4zNErp
323,梗指南,2025-08-08,神人游戏,shén rén yóu xì,shen ren you xi,01:44,BV1RWt1zrEy7,神人游戏是什么梗【梗指南】,https://www.bilibili.com/video/BV1RWt1zrEy7
324,梗百科,2025-08-06,鸽子神是谁？压力の小曲,gē zi shén shì shuí ？ yā lì の xiǎo qǔ,ge zi shen shi shui ？ ya li の xiao qu,03:04,BV1AVtwzhEBM,【梗百科】鸽子神是谁？压力の小曲是啥梗？老弟的压压？！,https://www.bilibili.com/video/BV1AVtwzhEBM
325,梗百科,2025-08-05,画他的奶奶,huà tā de nǎi nǎi,hua ta de nai nai,02:20,BV14ZtJzpEL2,【梗百科】画他的奶奶是啥梗？,https://www.bilibili.com/video/BV14ZtJzpEL2
326,梗百科,2025-08-04,Jet2 Holiday,Jet2 Holiday,Jet2 Holiday,04:10,BV1fRtuzyEPo,【梗百科】Jet2 Holiday是啥梗？外网爆火的洗脑广告词？,https://www.bilibili.com/video/BV1fRtuzyEPo
327,梗指南,2025-07-31,无限流战斗爽,wú xiàn liú zhàn dòu shuǎng,wu xian liu zhan dou shuang,02:06,BV1P182zPEU7,无限流战斗爽是什么梗【梗指南】,https://www.bilibili.com/video/BV1P182zPEU7
328,梗百科,2025-07-31,万年灵乳,wàn nián líng rǔ,wan nian ling ru,02:25,BV1oV8kzBE3P,【梗百科】万年灵乳是咋回事？,https://www.bilibili.com/video/BV1oV8kzBE3P
329,梗百科,2025-07-30,老鹅是谁？鹅鸭之争,lǎo é shì shuí ？ é yā zhī zhēng,lao e shi shui ？ e ya zhi zheng,01:25,BV1c1hAzMEFr,【梗百科】老鹅是谁？鹅鸭之争是咋回事？,https://www.bilibili.com/video/BV1c1hAzMEFr
330,梗百科,2025-07-28,抽象作诗,chōu xiàng zuò shī,chou xiang zuo shi,02:12,BV1J187z6EwF,【梗百科】抽象作诗是啥梗？,https://www.bilibili.com/video/BV1J187z6EwF
331,梗指南,2025-07-28,赛博吟诗,sài bó yín shī,sai bo yin shi,02:05,BV1bQ83zGEvt,赛博吟诗是什么梗【梗指南】,https://www.bilibili.com/video/BV1bQ83zGEvt
332,梗百科,2025-07-26,美美桑内,měi měi sāng nèi,mei mei sang nei,02:02,BV1ee8tzZEuu,【梗百科】美美桑内是啥梗？,https://www.bilibili.com/video/BV1ee8tzZEuu
333,梗百科,2025-07-25,我没要求你永远XXX,wǒ méi yāo qiú nǐ yǒng yuǎn XXX,wo mei yao qiu ni yong yuan XXX,02:27,BV1whbDzKEZW,【梗百科】我没要求你永远XXX是啥梗？八岐大蛇出轨论？！,https://www.bilibili.com/video/BV1whbDzKEZW
334,梗百科,2025-07-24,不是我喜欢的XX，直接XX,bú shì wǒ xǐ huān de XX， zhí jiē XX,bu shi wo xi huan de XX， zhi jie XX,01:51,BV1VobCzNEhd,【梗百科】不是我喜欢的XX，直接XX是啥梗？15头身并排站？,https://www.bilibili.com/video/BV1VobCzNEhd
335,梗百科,2025-07-23,Oh有timing,Oh yǒu timing,Oh you timing,02:36,BV1Bj8czxEco,【梗百科】Oh 有timing是啥梗？,https://www.bilibili.com/video/BV1Bj8czxEco
336,梗百科,2025-07-22,富豪演唱会偷情成梗了,fù háo yǎn chàng huì tōu qíng chéng gěng le,fu hao yan chang hui tou qing cheng geng le,02:31,BV12ignzyE47,【梗百科】富豪演唱会偷情成梗了？！,https://www.bilibili.com/video/BV12ignzyE47
337,梗指南,2025-07-21,演唱会偷情,yǎn chàng huì tōu qíng,yan chang hui tou qing,01:55,BV1nVgVz7E7M,演唱会偷情是什么梗【梗指南】,https://www.bilibili.com/video/BV1nVgVz7E7M
338,梗百科,2025-07-21,KPOP表情包？中场休息？赛马娘海外突发爆火,KPOP biǎo qíng bāo ？ zhōng chǎng xiū xī ？ sài mǎ niáng hǎi wài tū fā bào huǒ,KPOP biao qing bao ？ zhong chang xiu xi ？ sai ma niang hai wai tu fa bao huo,05:38,BV1ffgVz1EsP,【梗百科】KPOP表情包？中场休息？赛马娘海外突发爆火？,https://www.bilibili.com/video/BV1ffgVz1EsP
339,梗指南,2025-07-19,麦当劳之歌,mài dāng láo zhī gē,mai dang lao zhi ge,02:52,BV1Y9u9zEErA,麦当劳之歌是什么梗【梗指南】,https://www.bilibili.com/video/BV1Y9u9zEErA
340,梗指南,2025-07-18,美美桑内,měi měi sāng nèi,mei mei sang nei,02:18,BV1rku2zkEU3,美美桑内是什么梗【梗指南】,https://www.bilibili.com/video/BV1rku2zkEU3
341,梗指南,2025-07-16,上海规则怪谈,shàng hǎi guī zé guài tán,shang hai gui ze guai tan,01:52,BV1GuubzGEVD,上海规则怪谈是什么梗【梗指南】,https://www.bilibili.com/video/BV1GuubzGEVD
342,梗百科,2025-07-16,东方明珠防御塔,dōng fāng míng zhū fáng yù tǎ,dong fang ming zhu fang yu ta,01:55,BV11pu4zREnk,【梗百科】东方明珠防御塔是啥梗？上海规则怪谈？！,https://www.bilibili.com/video/BV11pu4zREnk
343,梗百科,2025-07-15,古风小生,gǔ fēng xiǎo shēng,gu feng xiao sheng,01:43,BV1XauEz1EXf,【梗百科】古风小生是啥梗？,https://www.bilibili.com/video/BV1XauEz1EXf
344,梗百科,2025-07-14,走秀这一块,zǒu xiù zhè yī kuài,zou xiu zhe yi kuai,01:53,BV1XKuBzNE6X,【梗百科】走秀这一块是啥梗？猫步时间到！？,https://www.bilibili.com/video/BV1XKuBzNE6X
345,梗指南,2025-07-14,测谎仪,cè huǎng yí,ce huang yi,02:38,BV1iiuPz2EWX,测谎仪是什么梗【梗指南】,https://www.bilibili.com/video/BV1iiuPz2EWX
346,梗百科,2025-07-13,小妹妹还没睡呀,xiǎo mèi mèi hái méi shuì ya,xiao mei mei hai mei shui ya,01:38,BV1ZtuFziE49,【梗百科】小妹妹还没睡呀是啥梗？,https://www.bilibili.com/video/BV1ZtuFziE49
347,梗百科,2025-07-12,乘不乘,chéng bù chéng,cheng bu cheng,02:38,BV1mvMQzfEhQ,【梗百科】乘不乘是啥梗？,https://www.bilibili.com/video/BV1mvMQzfEhQ
348,梗百科,2025-07-11,对邦,duì bāng,dui bang,02:17,BV1JUGgzCEff,【梗百科】对邦是啥？,https://www.bilibili.com/video/BV1JUGgzCEff
349,梗指南,2025-07-10,小妹妹还没睡呀,xiǎo mèi mèi hái méi shuì ya,xiao mei mei hai mei shui ya,01:55,BV188GGzeEG8,小妹妹还没睡呀是什么梗【梗指南】,https://www.bilibili.com/video/BV188GGzeEG8
350,梗指南,2025-07-08,你抚琵琶奏琴弦,nǐ fǔ pí pá zòu qín xián,ni fu pi pa zou qin xian,01:46,BV1ZmGJzNEW9,你抚琵琶奏琴弦是什么梗【梗指南】,https://www.bilibili.com/video/BV1ZmGJzNEW9
351,梗百科,2025-07-07,你抚琵琶奏琴弦,nǐ fǔ pí pá zòu qín xián,ni fu pi pa zou qin xian,01:34,BV1pZ3yzrEue,【梗百科】你抚琵琶奏琴弦是啥梗？秦始皇驾驶北极熊？！,https://www.bilibili.com/video/BV1pZ3yzrEue
352,梗百科,2025-07-06,测谎仪,cè huǎng yí,ce huang yi,03:31,BV1Sg3qzhEKs,【梗百科】测谎仪是啥梗？,https://www.bilibili.com/video/BV1Sg3qzhEKs
353,梗指南,2025-07-05,别害怕男神来了,bié hài pà nán shén lái le,bie hai pa nan shen lai le,02:25,BV1f937z8E69,别害怕男神来了是什么梗【梗指南】,https://www.bilibili.com/video/BV1f937z8E69
354,梗百科,2025-07-05,帝吧,dì ba,di ba,02:05,BV1yt3XzPENz,【梗百科】帝吧是啥梗？,https://www.bilibili.com/video/BV1yt3XzPENz
355,梗百科,2025-07-04,大胃袋,dà wèi dài,da wei dai,02:15,BV1LH37zHEL1,【梗百科】大胃袋是啥梗？,https://www.bilibili.com/video/BV1LH37zHEL1
356,梗百科,2025-07-03,持有万斯梗图被遣返？求职书跳吓？三角符文新梗来了,chí yǒu wàn sī gěng tú bèi qiǎn fǎn ？ qiú zhí shū tiào xià ？ sān jiǎo fú wén xīn gěng lái le,chi you wan si geng tu bei qian fan ？ qiu zhi shu tiao xia ？ san jiao fu wen xin geng lai le,07:12,BV1E63uzTEdH,【梗百科】持有万斯梗图被遣返？求职书跳吓？三角符文新梗来了！？,https://www.bilibili.com/video/BV1E63uzTEdH
357,梗指南,2025-06-28,谁敢想谁敢想,shuí gǎn xiǎng shuí gǎn xiǎng,shui gan xiang shui gan xiang,02:20,BV1GLK2znEg7,谁敢想谁敢想是什么梗【梗指南】,https://www.bilibili.com/video/BV1GLK2znEg7
358,梗百科,2025-06-27,谁敢想谁敢想,shuí gǎn xiǎng shuí gǎn xiǎng,shui gan xiang shui gan xiang,01:58,BV1EmKqzqEdo,【梗百科】谁敢想谁敢想是啥梗？,https://www.bilibili.com/video/BV1EmKqzqEdo
359,梗百科,2025-06-24,别笑你试也过不了第二关,bié xiào nǐ shì yě guò bù liǎo dì èr guān,bie xiao ni shi ye guo bu liao di er guan,02:04,BV1AYKgzAE68,【梗百科】别笑 你试也过不了第二关是啥梗？,https://www.bilibili.com/video/BV1AYKgzAE68
360,梗百科,2025-06-23,五字神人,wǔ zì shén rén,wu zi shen ren,02:09,BV1oJK8zkEjw,【梗百科】五字神人是啥梗？,https://www.bilibili.com/video/BV1oJK8zkEjw
361,梗指南,2025-06-23,跟一群好朋友去内蒙是什么体验,gēn yī qún hǎo péng yǒu qù nèi méng shì shén me tǐ yàn,gen yi qun hao peng you qu nei meng shi shen me ti yan,14:41,BV1L5KxzhEkj,跟一群好朋友去内蒙是什么体验,https://www.bilibili.com/video/BV1L5KxzhEkj
362,梗指南,2025-06-22,签证舞,qiān zhèng wǔ,qian zheng wu,02:12,BV15JNdz1EiF,签证舞是什么梗【梗指南】,https://www.bilibili.com/video/BV15JNdz1EiF
363,梗指南,2025-06-20,调教AI主播,tiáo jiào AI zhǔ bō,tiao jiao AI zhu bo,02:09,BV12qNdzPEBk,调教AI主播是什么梗【梗指南】,https://www.bilibili.com/video/BV12qNdzPEBk
364,梗百科,2025-06-19,抽象孔融让梨,chōu xiàng kǒng róng ràng lí,chou xiang kong rong rang li,02:06,BV1TKNtzDE8Z,【梗百科】抽象孔融让梨是啥梗？,https://www.bilibili.com/video/BV1TKNtzDE8Z
365,梗百科,2025-06-18,蟑螂圣经,zhāng láng shèng jīng,zhang lang sheng jing,03:22,BV16zNLzzE3J,【梗百科】蟑螂圣经是啥梗？我的出租屋里真的有很多蟑螂，但我认识的粥批真的没有几个？,https://www.bilibili.com/video/BV16zNLzzE3J
366,梗指南,2025-06-17,出租屋有蟑螂，但粥批没几个,chū zū wū yǒu zhāng láng ， dàn zhōu pī méi jǐ gè,chu zu wu you zhang lang ， dan zhou pi mei ji ge,04:06,BV1c5NqzTEpc,出租屋有蟑螂，但粥批没几个是什么梗【梗指南】,https://www.bilibili.com/video/BV1c5NqzTEpc
367,梗百科,2025-06-17,如何呢又能怎,rú hé ne yòu néng zěn,ru he ne you neng zen,02:37,BV1VVNBzdEVN,【梗百科】如何呢又能怎是啥梗？我本是辅助~今晚来打野~,https://www.bilibili.com/video/BV1VVNBzdEVN
368,梗百科,2025-06-15,老六,lǎo liù,lao liu,02:30,BV1ekM8zyEc4,【梗百科】老六是啥梗？,https://www.bilibili.com/video/BV1ekM8zyEc4
369,梗百科,2025-06-15,南方见,nán fāng jiàn,nan fang jian,01:53,BV12GMtz4EqJ,【梗百科】南方见是啥梗？,https://www.bilibili.com/video/BV12GMtz4EqJ
370,梗百科,2025-06-14,狒瘾犯了,fèi yǐn fàn le,fei yin fan le,03:24,BV1VbMyzDE3d,【梗百科】狒瘾犯了是啥梗？神秘狒瘾袭击全网？,https://www.bilibili.com/video/BV1VbMyzDE3d
371,梗百科,2025-06-13,蓝豆emoji,lán dòu emoji,lan dou emoji,02:16,BV1sHMuzBEsJ,【梗百科】蓝豆emoji是啥？王不见王出自哪里？,https://www.bilibili.com/video/BV1sHMuzBEsJ
372,梗指南,2025-06-13,黄蓝大战,huáng lán dà zhàn,huang lan da zhan,02:47,BV1aqMAzPE9B,黄蓝大战是什么梗【梗指南】,https://www.bilibili.com/video/BV1aqMAzPE9B
373,梗百科,2025-06-12,勇士快乐球,yǒng shì kuài lè qiú,yong shi kuai le qiu,02:17,BV1G6TkzrECU,【梗百科】勇士快乐球是啥梗？,https://www.bilibili.com/video/BV1G6TkzrECU
374,梗指南,2025-06-11,三角篓行动,sān jiǎo lǒu xíng dòng,san jiao lou xing dong,02:57,BV1bhMJzGEqg,三角篓行动是什么梗【梗指南】,https://www.bilibili.com/video/BV1bhMJzGEqg
375,梗百科,2025-06-11,抱歉长官刚刚没认出你,bào qiàn zhǎng guān gāng gāng méi rèn chū nǐ,bao qian zhang guan gang gang mei ren chu ni,01:37,BV1mYM7zAE6K,【梗百科】抱歉长官刚刚没认出你是啥梗？,https://www.bilibili.com/video/BV1mYM7zAE6K
376,梗指南,2025-06-10,东方莎士比亚,dōng fāng shā shì bǐ yà,dong fang sha shi bi ya,02:53,BV1eKM3z4EwM,东方莎士比亚是什么梗【梗指南】,https://www.bilibili.com/video/BV1eKM3z4EwM
377,梗百科,2025-06-09,Bro懂我的XX,Bro dǒng wǒ de XX,Bro dong wo de XX,01:47,BV1LETez9EWv,【梗百科】Bro懂我的XX是啥梗？,https://www.bilibili.com/video/BV1LETez9EWv
378,梗指南,2025-06-07,高考电子陪考人,gāo kǎo diàn zi péi kǎo rén,gao kao dian zi pei kao ren,02:42,BV1v9TCzDEbB,高考电子陪考人是什么梗【梗指南】,https://www.bilibili.com/video/BV1v9TCzDEbB
379,梗百科,2025-06-07,觉得自己最XX就跳舞？中国土狗火爆外网,jué de zì jǐ zuì XX jiù tiào wǔ ？ zhōng guó tǔ gǒu huǒ bào wài wǎng,jue de zi ji zui XX jiu tiao wu ？ zhong guo tu gou huo bao wai wang,04:09,BV1gKTyzkER3,【梗百科】觉得自己最XX就跳舞？中国土狗火爆外网？！！,https://www.bilibili.com/video/BV1gKTyzkER3
380,梗指南,2025-06-06,大孝子,dà xiào zi,da xiao zi,02:40,BV1cdTKzREwp,大孝子是什么梗【梗指南】,https://www.bilibili.com/video/BV1cdTKzREwp
381,梗指南,2025-06-04,苏超联赛,sū chāo lián sài,su chao lian sai,02:43,BV1AtTjz9ENa,苏超联赛是什么梗【梗指南】,https://www.bilibili.com/video/BV1AtTjz9ENa
382,梗百科,2025-06-04,弗雷尔卓德瓶盖,fú léi ěr zhuó dé píng gài,fu lei er zhuo de ping gai,02:11,BV1kGT7zXEkb,【梗百科】弗雷尔卓德瓶盖是啥梗？,https://www.bilibili.com/video/BV1kGT7zXEkb
383,梗指南,2025-06-01,那一天的忧郁忧郁起来,nà yī tiān de yōu yù yōu yù qǐ lái,na yi tian de you yu you yu qi lai,03:01,BV13Z7zzZELT,那一天的忧郁忧郁起来是什么梗【梗指南】,https://www.bilibili.com/video/BV13Z7zzZELT
384,梗百科,2025-05-29,守护上海？艾莉选角太丑？中国人最让老外敬佩的一集,shǒu hù shàng hǎi ？ ài lì xuǎn jiǎo tài chǒu ？ zhōng guó rén zuì ràng lǎo wài jìng pèi de yī jí,shou hu shang hai ？ ai li xuan jiao tai chou ？ zhong guo ren zui rang lao wai jing pei de yi ji,06:14,BV1FY7GzcEbr,【梗百科】守护上海？艾莉选角太丑？中国人最让老外敬佩的一集！,https://www.bilibili.com/video/BV1FY7GzcEbr
385,梗百科,2025-05-28,那一天的忧郁忧郁起来,nà yī tiān de yōu yù yōu yù qǐ lái,na yi tian de you yu you yu qi lai,02:17,BV1bYjqzVEry,【梗百科】那一天的忧郁忧郁起来是啥梗？,https://www.bilibili.com/video/BV1bYjqzVEry
386,梗指南,2025-05-27,痛核风,tòng hé fēng,tong he feng,02:52,BV1UWjdzwEVR,痛核风是什么梗【梗指南】,https://www.bilibili.com/video/BV1UWjdzwEVR
387,梗百科,2025-05-22,全球爆火的小猫影子,quán qiú bào huǒ de xiǎo māo yǐng zi,quan qiu bao huo de xiao mao ying zi,01:54,BV1vGJJzyEQz,【梗百科】全球爆火的小猫影子是啥梗？出处居然是？,https://www.bilibili.com/video/BV1vGJJzyEQz
388,梗指南,2025-05-21,妈祖点化牦牛精,mā zǔ diǎn huà máo niú jīng,ma zu dian hua mao niu jing,02:47,BV1hoJ6zNEWx,妈祖点化牦牛精是什么梗【梗指南】,https://www.bilibili.com/video/BV1hoJ6zNEWx
389,梗指南,2025-05-20,i人团队,i rén tuán duì,i ren tuan dui,02:30,BV18kJazkEv9,i人团队是什么梗【梗指南】,https://www.bilibili.com/video/BV18kJazkEv9
390,梗百科,2025-05-20,你可能不认识我，但XXX,nǐ kě néng bù rèn shí wǒ ， dàn XXX,ni ke neng bu ren shi wo ， dan XXX,03:07,BV1uyJ8zeEfy,【梗百科】你可能不认识我，但XXX是啥梗？居然出现火爆新玩法！,https://www.bilibili.com/video/BV1uyJ8zeEfy
391,梗百科,2025-05-18,韩国霸总吃饭,hán guó bà zǒng chī fàn,han guo ba zong chi fan,01:28,BV1jhJuzQEo1,【梗百科】韩国霸总吃饭是啥梗？,https://www.bilibili.com/video/BV1jhJuzQEo1
392,梗百科,2025-05-17,凋零骷髅煤炭,diāo líng kū lóu méi tàn,diao ling ku lou mei tan,02:13,BV1z5JAzuEZi,【梗百科】凋零骷髅煤炭是咋回事？,https://www.bilibili.com/video/BV1z5JAzuEZi
393,梗指南,2025-05-17,食界大战,shí jiè dà zhàn,shi jie da zhan,02:01,BV1PCJAzJEwJ,食界大战是什么梗【梗指南】,https://www.bilibili.com/video/BV1PCJAzJEwJ
394,梗指南,2025-05-17,凋灵刷煤,diāo líng shuā méi,diao ling shua mei,01:52,BV1bSEtztEJv,凋灵刷煤是什么梗【梗指南】,https://www.bilibili.com/video/BV1bSEtztEJv
395,梗百科,2025-05-16,请支持XXX,qǐng zhī chí XXX,qing zhi chi XXX,02:33,BV1YCEtzaERK,【梗百科】请支持XXX是啥梗？小高和刚大战中国社交平台？,https://www.bilibili.com/video/BV1YCEtzaERK
396,梗百科,2025-05-14,火爆外网！刚买的飞机被打了,huǒ bào wài wǎng ！ gāng mǎi de fēi jī bèi dǎ le,huo bao wai wang ！ gang mai de fei ji bei da le,01:50,BV1nPEizwEkC,【梗百科】火爆外网！刚买的飞机被打了是啥梗？,https://www.bilibili.com/video/BV1nPEizwEkC
397,梗百科,2025-05-13,好写，太好写了,hǎo xiě ， tài hǎo xiě le,hao xie ， tai hao xie le,02:43,BV1eQEFzpE2d,【梗百科】好写，太好写了是啥梗？爷们要脸？,https://www.bilibili.com/video/BV1eQEFzpE2d
398,梗百科,2025-05-12,一勺料汁,yī sháo liào zhī,yi shao liao zhi,02:20,BV1rGEJzDETn,【梗百科】一勺料汁是啥梗？能不能放过我一次😭👊🏻,https://www.bilibili.com/video/BV1rGEJzDETn
399,梗指南,2025-05-12,不认识我但听过我,bù rèn shí wǒ dàn tīng guò wǒ,bu ren shi wo dan ting guo wo,04:39,BV16GEJzQEwf,不认识我但听过我是什么梗【梗指南】,https://www.bilibili.com/video/BV16GEJzQEwf
400,梗百科,2025-05-11,SSVGG？感受我的痛苦？守望回国服又有了,SSVGG？ gǎn shòu wǒ de tòng kǔ ？ shǒu wàng huí guó fú yòu yǒu le,SSVGG？ gan shou wo de tong ku ？ shou wang hui guo fu you you le,04:19,BV1hgETzeEui,【梗百科】SSVGG？感受我的痛苦？守望回国服又有了啥梗？,https://www.bilibili.com/video/BV1hgETzeEui
401,梗指南,2025-05-10,撞大运、来国道试试,zhuàng dà yùn 、 lái guó dào shì shì,zhuang da yun 、 lai guo dao shi shi,03:04,BV1osVozzEjP,撞大运、来国道试试是什么梗【梗指南】,https://www.bilibili.com/video/BV1osVozzEjP
402,梗百科,2025-05-09,火爆外网？国内的大运+我更喜欢你传出去了？超大声就完事了,huǒ bào wài wǎng ？ guó nèi de dà yùn + wǒ gèng xǐ huān nǐ chuán chū qù le ？ chāo dà shēng jiù wán shì le,huo bao wai wang ？ guo nei de da yun + wo geng xi huan ni chuan chu qu le ？ chao da sheng jiu wan shi le,02:28,BV1Mf55zgEPT,【梗百科】火爆外网？国内的大运+我更喜欢你传出去了？超大声就完事了！！？,https://www.bilibili.com/video/BV1Mf55zgEPT
403,梗指南,2025-05-06,22号审讯室,22 hào shěn xùn shì,22 hao shen xun shi,05:38,BV13eVpziE7u,22号审讯室是什么梗【梗指南】,https://www.bilibili.com/video/BV13eVpziE7u
404,梗百科,2025-05-05,AI自拍,AI zì pāi,AI zi pai,01:25,BV1UGV6zCEM5,【梗百科】AI自拍是咋回事？你们看到过这种图吗？,https://www.bilibili.com/video/BV1UGV6zCEM5
405,梗百科,2025-05-04,资本你赢了,zī běn nǐ yíng le,zi ben ni ying le,02:42,BV1fcVczmEr4,【梗百科】资本你赢了是啥梗？动了谁的蛋糕？,https://www.bilibili.com/video/BV1fcVczmEr4
406,梗指南,2025-05-02,爷们要脸,yé men yào liǎn,ye men yao lian,02:58,BV18jVGzTEyd,爷们要脸是什么梗【梗指南】,https://www.bilibili.com/video/BV18jVGzTEyd
407,梗百科,2025-05-02,外网爆火的冰水泡脸？百人大战猩猩谁会赢？VRCHAT模型在外网爆红,wài wǎng bào huǒ de bīng shuǐ pào liǎn ？ bǎi rén dà zhàn xīng xīng shuí huì yíng ？VRCHAT mó xíng zài wài wǎng bào hóng,wai wang bao huo de bing shui pao lian ？ bai ren da zhan xing xing shui hui ying ？VRCHAT mo xing zai wai wang bao hong,06:18,BV1XYV3ziEUt,【梗百科】外网爆火的冰水泡脸？百人大战猩猩谁会赢？VRCHAT模型在外网爆红？,https://www.bilibili.com/video/BV1XYV3ziEUt
408,梗指南,2025-05-01,资本你赢了,zī běn nǐ yíng le,zi ben ni ying le,02:30,BV1onGqz2ETF,资本你赢了是什么梗【梗指南】,https://www.bilibili.com/video/BV1onGqz2ETF
409,梗百科,2025-05-01,我本是XXX,wǒ běn shì XXX,wo ben shi XXX,02:58,BV1VxGvziE9q,【梗百科】 我本是XXX是啥？,https://www.bilibili.com/video/BV1VxGvziE9q
410,梗百科,2025-04-30,XX的梦该醒了,XX de mèng gāi xǐng le,XX de meng gai xing le,02:07,BV1HAG9zPEz4,【梗百科】XX的梦该醒了是啥梗？,https://www.bilibili.com/video/BV1HAG9zPEz4
411,梗指南,2025-04-29,西装打团,xī zhuāng dǎ tuán,xi zhuang da tuan,03:02,BV1p2G2zDE5p,西装打团是什么梗【梗指南】,https://www.bilibili.com/video/BV1p2G2zDE5p
412,梗百科,2025-04-27,来国道试试,lái guó dào shì shì,lai guo dao shi shi,01:33,BV1aWjAzHEU8,【梗百科】来国道试试是啥梗？撞大运是啥？,https://www.bilibili.com/video/BV1aWjAzHEU8
413,梗百科,2025-04-26,XX这招太狠了,XX zhè zhāo tài hěn le,XX zhe zhao tai hen le,02:19,BV1NALdzXERG,【梗百科】XX这招太狠了是啥梗？！,https://www.bilibili.com/video/BV1NALdzXERG
414,梗指南,2025-04-24,你最喜欢的歌手是谁,nǐ zuì xǐ huān de gē shǒu shì shuí,ni zui xi huan de ge shou shi shui,02:32,BV1dALVzQECb,你最喜欢的歌手是谁是什么梗【梗指南】,https://www.bilibili.com/video/BV1dALVzQECb
415,梗百科,2025-04-24,我的世界大电影烂成梗？全网火爆的repo,wǒ de shì jiè dà diàn yǐng làn chéng gěng ？ quán wǎng huǒ bào de repo,wo de shi jie da dian ying lan cheng geng ？ quan wang huo bao de repo,09:30,BV1CtL3zoEHr,【梗百科】我的世界大电影烂成梗？全网火爆的repo是啥？外网梗合集来咯！,https://www.bilibili.com/video/BV1CtL3zoEHr
416,梗指南,2025-04-21,GO学长瓦学弟,GO xué zhǎng wǎ xué dì,GO xue zhang wa xue di,04:17,BV1s752ztEEk,GO学长瓦学弟是什么梗【梗指南】,https://www.bilibili.com/video/BV1s752ztEEk
417,梗百科,2025-04-19,Doro,Doro,Doro,02:12,BV1sr5szaEBA,【梗百科】Doro是啥梗？这表情包究竟哪里来的！,https://www.bilibili.com/video/BV1sr5szaEBA
418,梗指南,2025-04-18,比起xx我更喜欢你,bǐ qǐ xx wǒ gèng xǐ huān nǐ,bi qi xx wo geng xi huan ni,02:39,BV1g95jzHEbB,比起xx我更喜欢你是什么梗【梗指南】,https://www.bilibili.com/video/BV1g95jzHEbB
419,梗百科,2025-04-16,迅速找到你躲藏的地点,xùn sù zhǎo dào nǐ duǒ cáng de dì diǎn,xun su zhao dao ni duo cang de di dian,02:18,BV16ooTYTEJf,【梗百科】迅速找到你躲藏的地点是啥？,https://www.bilibili.com/video/BV16ooTYTEJf
420,梗指南,2025-04-15,gogogo出发咯,gogogo chū fā gē,gogogo chu fa ge,02:43,BV1N4dfYdEvJ,gogogo出发咯是什么梗【梗指南】,https://www.bilibili.com/video/BV1N4dfYdEvJ
421,梗百科,2025-04-14,我更喜欢你,wǒ gèng xǐ huān nǐ,wo geng xi huan ni,02:35,BV1ngojY8ENv,【梗百科】我更喜欢你是啥梗？,https://www.bilibili.com/video/BV1ngojY8ENv
422,梗百科,2025-04-12,AI山海经,AI shān hǎi jīng,AI shan hai jing,03:36,BV1K5d8Y3EBy,【梗百科】AI山海经是啥梗？Tung Tung Sahur是啥？耐克鲨鱼？,https://www.bilibili.com/video/BV1K5d8Y3EBy
423,梗百科,2025-04-11,gogogo出发咯,gogogo chū fā gē,gogogo chu fa ge,02:40,BV1VvdUYzE4L,【梗百科】gogogo出发咯是啥梗？,https://www.bilibili.com/video/BV1VvdUYzE4L
424,梗指南,2025-04-10,speed有哪些名场面,speed yǒu nǎ xiē míng chǎng miàn,speed you na xie ming chang mian,06:51,BV17FdVY2Ejn,speed有哪些名场面【梗指南】,https://www.bilibili.com/video/BV17FdVY2Ejn
425,梗百科,2025-04-09,甲亢哥SPEED中国行梗盘点来咯,jiǎ kàng gē SPEED zhōng guó xíng gěng pán diǎn lái gē,jia kang ge SPEED zhong guo xing geng pan dian lai ge,12:06,BV123dNYKEP8,【梗百科】甲亢哥SPEED中国行梗盘点来咯！,https://www.bilibili.com/video/BV123dNYKEP8
426,梗百科,2025-04-08,i love you so❤️,i love you so❤️,i love you so❤️,01:52,BV1wudHYkEu8,【梗百科】i love you so❤️是啥梗？,https://www.bilibili.com/video/BV1wudHYkEu8
427,梗百科,2025-04-06,四川芬达,sì chuān fēn dá,si chuan fen da,02:23,BV1S5RqY8EuQ,【梗百科】四川芬达是啥？没座！,https://www.bilibili.com/video/BV1S5RqY8EuQ
428,梗百科,2025-04-05,⚡谁说瘸子不能跑步⚡,⚡ shuí shuō qué zi bù néng pǎo bù ⚡,⚡ shui shuo que zi bu neng pao bu ⚡,01:42,BV14YRRY3EPR,【梗百科】⚡谁说瘸子不能跑步⚡是啥梗？,https://www.bilibili.com/video/BV14YRRY3EPR
429,梗指南,2025-04-02,四川芬达、没座,sì chuān fēn dá 、 méi zuò,si chuan fen da 、 mei zuo,03:43,BV1XzfNYZE61,四川芬达、没座是什么梗【梗指南】,https://www.bilibili.com/video/BV1XzfNYZE61
430,梗百科,2025-04-01,评论区老发的俳句,píng lùn qū lǎo fā de pái jù,ping lun qu lao fa de pai ju,01:24,BV1CeZtYiEv6,【梗百科】评论区老发的俳句是啥？最上川是啥梗？,https://www.bilibili.com/video/BV1CeZtYiEv6
431,梗指南,2025-03-31,网络弄潮儿冲浪指南,wǎng luò nòng cháo ér chōng làng zhǐ nán,wang luo nong chao er chong lang zhi nan,04:01,BV1o9ZnYzEFz,网络弄潮儿冲浪指南！【梗指南】,https://www.bilibili.com/video/BV1o9ZnYzEFz
432,梗指南,2025-03-30,妩媚大主播,wǔ mèi dà zhǔ bō,wu mei da zhu bo,01:51,BV1FfZBYcEii,妩媚大主播是什么梗【梗指南】,https://www.bilibili.com/video/BV1FfZBYcEii
433,梗百科,2025-03-30,甲亢哥Speed是谁？都有,jiǎ kàng gē Speed shì shuí ？ dōu yǒu,jia kang ge Speed shi shui ？ dou you,10:10,BV1hJZzY1Enb,【梗百科】甲亢哥Speed是谁？都有啥梗呢？,https://www.bilibili.com/video/BV1hJZzY1Enb
434,梗百科,2025-03-27,假药？蜘蛛侠？包寿司？Mujica你这家伙,jiǎ yào ？ zhī zhū xiá ？ bāo shòu sī ？Mujica nǐ zhè jiā huo,jia yao ？ zhi zhu xia ？ bao shou si ？Mujica ni zhe jia huo,09:41,BV1gGZGYiE5u,【梗百科】假药？蜘蛛侠？包寿司？Mujica你这家伙？！！！,https://www.bilibili.com/video/BV1gGZGYiE5u
435,梗百科,2025-03-26,在这张图里，你看到的一切都是XX,zài zhè zhāng tú lǐ ， nǐ kàn dào de yī qiè dōu shì XX,zai zhe zhang tu li ， ni kan dao de yi qie dou shi XX,01:21,BV1TRoiYwEae,【梗百科】在这张图里，你看到的一切都是XX是啥梗？出处找到了？,https://www.bilibili.com/video/BV1TRoiYwEae
436,梗指南,2025-03-26,我们赢你们输,wǒ men yíng nǐ men shū,wo men ying ni men shu,03:34,BV1ETovYLEFb,我们赢你们输是什么梗【梗指南】,https://www.bilibili.com/video/BV1ETovYLEFb
437,梗百科,2025-03-22,我们赢，你们输,wǒ men yíng ， nǐ men shū,wo men ying ， ni men shu,02:37,BV1ayXpYdEvF,【梗百科】我们赢，你们输是啥梗？,https://www.bilibili.com/video/BV1ayXpYdEvF
438,梗百科,2025-03-20,并非XX,bìng fēi XX,bing fei XX,01:20,BV1TwXNYaEJx,【梗百科】并非XX是啥梗？原来有出处的啊？,https://www.bilibili.com/video/BV1TwXNYaEJx
439,梗百科,2025-03-19,好好学吧小子！会变强的,hǎo hǎo xué ba xiǎo zi ！ huì biàn qiáng de,hao hao xue ba xiao zi ！ hui bian qiang de,02:27,BV1JsQZYYEeQ,【梗百科】好好学吧小子！会变强的！是啥梗？,https://www.bilibili.com/video/BV1JsQZYYEeQ
440,梗指南,2025-03-18,滔博陀螺,tāo bó tuó luó,tao bo tuo luo,03:22,BV1UfXLYAE5C,滔博陀螺是什么梗【梗指南】,https://www.bilibili.com/video/BV1UfXLYAE5C
441,梗指南,2025-03-17,回答我,huí dá wǒ,hui da wo,02:55,BV1gBXTY1EB8,回答我是什么梗【梗指南】,https://www.bilibili.com/video/BV1gBXTY1EB8
442,梗百科,2025-03-15,Hamburger↗↘？点赞剪衣服？无敌少侠OC？外网梗合集再次袭来,Hamburger↗↘？ diǎn zàn jiǎn yī fú ？ wú dí shǎo xiá OC？ wài wǎng gěng hé jí zài cì xí lái,Hamburger↗↘？ dian zan jian yi fu ？ wu di shao xia OC？ wai wang geng he ji zai ci xi lai,05:11,BV1DsQmYXEK7,【梗百科】Hamburger↗↘？点赞剪衣服？无敌少侠OC？外网梗合集再次袭来！,https://www.bilibili.com/video/BV1DsQmYXEK7
443,梗百科,2025-03-14,回答我,huí dá wǒ,hui da wo,03:09,BV1eKQrYrE7h,【梗百科】回答我是啥梗？采一朵花是咋回事？Look in my eyes！！？,https://www.bilibili.com/video/BV1eKQrYrE7h
444,梗指南,2025-03-14,功能饮料享受者,gōng néng yǐn liào xiǎng shòu zhě,gong neng yin liao xiang shou zhe,01:31,BV1tkQgY1EVm,功能饮料享受者是什么梗【梗指南】,https://www.bilibili.com/video/BV1tkQgY1EVm
445,梗百科,2025-03-11,刘佳小区,liú jiā xiǎo qū,liu jia xiao qu,01:19,BV1MtQVYXE9U,【梗百科】刘佳小区是啥情况？卖房妲己？,https://www.bilibili.com/video/BV1MtQVYXE9U
446,梗百科,2025-03-09,卖掉了,mài diào le,mai diao le,01:46,BV1itRhY4E64,【梗百科】卖掉了是啥梗？本期含“莓”量很大？,https://www.bilibili.com/video/BV1itRhY4E64
447,梗指南,2025-03-07,屎尿屁文学,shǐ niào pì wén xué,shi niao pi wen xue,01:51,BV1gf92YtEYG,屎尿屁文学是什么梗【梗指南】,https://www.bilibili.com/video/BV1gf92YtEYG
448,梗百科,2025-03-07,咕咕嘎嘎,gū gū gā gā,gu gu ga ga,02:56,BV1mm9mY9Eyq,【梗百科】咕咕嘎嘎是啥梗？gugugaga！,https://www.bilibili.com/video/BV1mm9mY9Eyq
449,梗指南,2025-03-04,烧冬瓜,shāo dōng guā,shao dong gua,03:43,BV1cw9zYWE4N,烧冬瓜是什么梗【梗指南】,https://www.bilibili.com/video/BV1cw9zYWE4N
450,梗指南,2025-03-02,馕言文,náng yán wén,nang yan wen,01:54,BV1ux9tYMEsP,馕言文是什么梗【梗指南】,https://www.bilibili.com/video/BV1ux9tYMEsP
451,梗百科,2025-02-27,探索洞穴？中国带货在外网火了？外网梗合集来啦,tàn suǒ dòng xué ？ zhōng guó dài huò zài wài wǎng huǒ le ？ wài wǎng gěng hé jí lái la,tan suo dong xue ？ zhong guo dai huo zai wai wang huo le ？ wai wang geng he ji lai la,06:25,BV1Dj9cYbEB8,【梗百科】探索洞穴？中国带货在外网火了？外网梗合集来啦！,https://www.bilibili.com/video/BV1Dj9cYbEB8
452,梗指南,2025-02-27,鹿童真男人,lù tóng zhēn nán rén,lu tong zhen nan ren,01:36,BV1Sj9cYbEtK,鹿童真男人是什么梗【梗指南】,https://www.bilibili.com/video/BV1Sj9cYbEtK
453,梗百科,2025-02-26,哈基X，你这家伙,hā jī X， nǐ zhè jiā huo,ha ji X， ni zhe jia huo,01:46,BV1EQP5euEwX,【梗百科】哈基X，你这家伙！是啥梗？,https://www.bilibili.com/video/BV1EQP5euEwX
454,梗指南,2025-02-24,灵感菇,líng gǎn gū,ling gan gu,02:16,BV1G5PWexEXu,灵感菇是什么梗【梗指南】,https://www.bilibili.com/video/BV1G5PWexEXu
455,梗百科,2025-02-21,守望先锋近期有什么热梗,shǒu wàng xiān fēng jìn qī yǒu shén me rè gěng,shou wang xian feng jin qi you shen me re geng,02:43,BV1tNPFe5Ev1,【梗百科】守望先锋近期有什么热梗？,https://www.bilibili.com/video/BV1tNPFe5Ev1
456,梗指南,2025-02-20,王心凌画质,wáng xīn líng huà zhì,wang xin ling hua zhi,02:00,BV14ZApeVEco,王心凌画质是什么梗【梗指南】,https://www.bilibili.com/video/BV14ZApeVEco
457,梗指南,2025-02-19,又幻想了,yòu huàn xiǎng le,you huan xiang le,02:23,BV1QiAzeaES7,又幻想了是什么梗【梗指南】,https://www.bilibili.com/video/BV1QiAzeaES7
458,梗百科,2025-02-18,我老爸得了MVP,wǒ lǎo bà dé le MVP,wo lao ba de le MVP,03:48,BV1WHAaefEps,【梗百科】我老爸得了MVP是啥梗？,https://www.bilibili.com/video/BV1WHAaefEps
459,梗百科,2025-02-17,又幻想了,yòu huàn xiǎng le,you huan xiang le,02:12,BV1o3woeUEVZ,【梗百科】又幻想了是啥梗？,https://www.bilibili.com/video/BV1o3woeUEVZ
460,梗百科,2025-02-16,绝望的鸟,jué wàng de niǎo,jue wang de niao,01:30,BV1ipAGe4ETZ,【梗百科】绝望的鸟是啥梗？,https://www.bilibili.com/video/BV1ipAGe4ETZ
461,梗百科,2025-02-15,来财,lái cái,lai cai,03:39,BV1eQAPevEqC,【梗百科】来财是啥梗？这歌怎么火的？,https://www.bilibili.com/video/BV1eQAPevEqC
462,梗指南,2025-02-15,我老爸得了MVP,wǒ lǎo bà dé le MVP,wo lao ba de le MVP,02:07,BV1p5ANeSELW,我老爸得了MVP是什么梗【梗指南】,https://www.bilibili.com/video/BV1p5ANeSELW
463,梗百科,2025-02-14,老鼠舞,lǎo shǔ wǔ,lao shu wu,02:01,BV1HAKKeoEnF,【梗百科】老鼠舞是啥梗？,https://www.bilibili.com/video/BV1HAKKeoEnF
464,梗指南,2025-02-13,来财来财,lái cái lái cái,lai cai lai cai,02:51,BV1nqKsejEeB,来财来财是什么梗【梗指南】,https://www.bilibili.com/video/BV1nqKsejEeB
465,梗百科,2025-02-12,权威,quán wēi,quan wei,01:44,BV13cK5ewEfN,【梗百科】权威是啥梗？,https://www.bilibili.com/video/BV13cK5ewEfN
466,梗指南,2025-02-11,寂寞的人听伤心的歌,jì mò de rén tīng shāng xīn de gē,ji mo de ren ting shang xin de ge,02:46,BV1VYN6e3EUL,寂寞的人听伤心的歌是什么梗【梗指南】,https://www.bilibili.com/video/BV1VYN6e3EUL
467,梗百科,2025-02-11,不管了，加钠,bù guǎn le ， jiā nà,bu guan le ， jia na,02:41,BV1sMNBeSEvV,【梗百科】不管了，加钠！是啥梗？,https://www.bilibili.com/video/BV1sMNBeSEvV
468,梗百科,2025-02-09,迷茫的时候，不妨听听XXX的话,mí máng de shí hòu ， bù fáng tīng tīng XXX de huà,mi mang de shi hou ， bu fang ting ting XXX de hua,01:53,BV1k8N2eqEGK,【梗百科】迷茫的时候，不妨听听XXX的话是啥梗？,https://www.bilibili.com/video/BV1k8N2eqEGK
469,梗百科,2025-02-07,灵感菇？金山银山前路有？严肃过头？2025第一期外网梗合集,líng gǎn gū ？ jīn shān yín shān qián lù yǒu ？ yán sù guò tóu ？2025 dì yī qī wài wǎng gěng hé jí,ling gan gu ？ jin shan yin shan qian lu you ？ yan su guo tou ？2025 di yi qi wai wang geng he ji,05:43,BV17TN8eEEvQ,【梗百科】灵感菇？金山银山前路有？严肃过头？2025第一期外网梗合集！,https://www.bilibili.com/video/BV17TN8eEEvQ
470,梗指南,2025-02-07,春节档电影有些,chūn jié dàng diàn yǐng yǒu xiē,chun jie dang dian ying you xie,02:45,BV137N8erEGn,春节档电影有些什么梗呢？【梗指南】,https://www.bilibili.com/video/BV137N8erEGn
471,梗百科,2025-02-04,XX不语只是一味的XX,XX bù yǔ zhǐ shì yī wèi de XX,XX bu yu zhi shi yi wei de XX,02:40,BV1CsNceVEN2,【梗百科】XX不语只是一味的XX是啥梗？啥faker？,https://www.bilibili.com/video/BV1CsNceVEN2
472,梗指南,2025-01-31,提灯定损,tí dēng dìng sǔn,ti deng ding sun,03:09,BV1RsFDeZEzo,提灯定损是什么梗【梗指南】,https://www.bilibili.com/video/BV1RsFDeZEzo
473,梗百科,2025-01-31,白蛇？赛博扭秧歌？2025春晚都有,bái shé ？ sài bó niǔ yāng gē ？2025 chūn wǎn dōu yǒu,bai she ？ sai bo niu yang ge ？2025 chun wan dou you,03:40,BV1oTFQeFEaK,【梗百科】白蛇？赛博扭秧歌？2025春晚都有啥梗？,https://www.bilibili.com/video/BV1oTFQeFEaK
474,梗指南,2025-01-30,拼好晚,pīn hǎo wǎn,pin hao wan,01:37,BV1DVFLeJEFW,拼好晚是什么梗【梗指南】,https://www.bilibili.com/video/BV1DVFLeJEFW
475,梗百科,2025-01-30,难绷的小曲,nán bēng de xiǎo qǔ,nan beng de xiao qu,02:02,BV1nhFVeFEjq,【梗百科】难绷的小曲是啥梗？配上这个啥都搞笑？,https://www.bilibili.com/video/BV1nhFVeFEjq
476,梗指南,2025-01-29,春晚机器人有,chūn wǎn jī qì rén yǒu,chun wan ji qi ren you,02:39,BV17pFTe3EJc,春晚机器人有什么梗【梗指南】,https://www.bilibili.com/video/BV17pFTe3EJc
477,梗百科,2025-01-28,大学生春晚这么玩梗,dà xué shēng chūn wǎn zhè me wán gěng,da xue sheng chun wan zhe me wan geng,02:29,BV1KZFpeYELN,【梗百科】大学生春晚这么玩梗？,https://www.bilibili.com/video/BV1KZFpeYELN
478,梗百科,2025-01-27,小头爸爸这个赛季太强了,xiǎo tóu bà bà zhè ge sài jì tài qiáng le,xiao tou ba ba zhe ge sai ji tai qiang le,06:10,BV12Df2YhEeE,【梗百科】小头爸爸这个赛季太强了是啥梗？,https://www.bilibili.com/video/BV12Df2YhEeE
479,梗百科,2025-01-26,玉面手雷王,yù miàn shǒu léi wáng,yu mian shou lei wang,02:29,BV1Daf6YJE5r,【梗百科】玉面手雷王是啥梗？,https://www.bilibili.com/video/BV1Daf6YJE5r
480,梗百科,2025-01-25,零胜冠军,líng shèng guàn jūn,ling sheng guan jun,02:41,BV1Z1foYyEZ2,【梗百科】零胜冠军是啥梗？柯洁第三天究竟为何退赛？,https://www.bilibili.com/video/BV1Z1foYyEZ2
481,梗指南,2025-01-23,举报一手,jǔ bào yī shǒu,ju bao yi shou,03:04,BV1JEfGYxEfd,举报一手是什么梗【梗指南】,https://www.bilibili.com/video/BV1JEfGYxEfd
482,梗百科,2025-01-23,不如举手,bù rú jǔ shǒu,bu ru ju shou,01:45,BV1dZfBY9Eir,【梗百科】不如举手是咋回事？柯洁判负为何让人如此不爽？,https://www.bilibili.com/video/BV1dZfBY9Eir
483,梗百科,2025-01-22,贾君鹏你妈妈喊你回家吃饭,jiǎ jūn péng nǐ mā mā hǎn nǐ huí jiā chī fàn,jia jun peng ni ma ma han ni hui jia chi fan,02:21,BV1iBftYoEjS,【梗百科】贾君鹏你妈妈喊你回家吃饭是啥梗？这梗重出江湖了？,https://www.bilibili.com/video/BV1iBftYoEjS
484,梗指南,2025-01-22,AI梗合集,AI gěng hé jí,AI geng he ji,02:46,BV17gwmebE6t,A I 梗 合 集【梗指南】,https://www.bilibili.com/video/BV17gwmebE6t
485,梗百科,2025-01-21,健美圈传来噩耗,jiàn měi quān chuán lái è hào,jian mei quan chuan lai e hao,01:41,BV1KcwbeXErZ,【梗百科】健美圈传来噩耗是啥梗？,https://www.bilibili.com/video/BV1KcwbeXErZ
486,梗指南,2025-01-20,红温,hóng wēn,hong wen,02:43,BV1nmwmePEya,红温是什么梗【梗指南】,https://www.bilibili.com/video/BV1nmwmePEya
487,梗百科,2025-01-20,特辣的海藻,tè là de hǎi zǎo,te la de hai zao,01:32,BV1NQwHevE11,【梗百科】特辣的海藻是啥梗？,https://www.bilibili.com/video/BV1NQwHevE11
488,梗指南,2025-01-19,屠尼双擎,tú ní shuāng qíng,tu ni shuang qing,01:50,BV1ipw6eTEea,屠尼双擎是什么梗【梗指南】,https://www.bilibili.com/video/BV1ipw6eTEea
489,梗指南,2025-01-18,潘宏训猪,pān hóng xùn zhū,pan hong xun zhu,04:26,BV11wwKeXEA3,潘宏训猪是什么梗【梗指南】,https://www.bilibili.com/video/BV11wwKeXEA3
490,梗百科,2025-01-15,猫税,māo shuì,mao shui,01:11,BV1XrcBepEgp,【梗百科】猫税是啥梗？赛博难民涌入国内？,https://www.bilibili.com/video/BV1XrcBepEgp
491,梗指南,2025-01-15,赛博难民,sài bó nàn mín,sai bo nan min,03:01,BV1R4ceejEV1,赛博难民是什么梗【梗指南】,https://www.bilibili.com/video/BV1R4ceejEV1
492,梗百科,2025-01-14,文明中国人,wén míng zhōng guó rén,wen ming zhong guo ren,02:21,BV1cActezEcV,【梗百科】文明中国人是啥梗？,https://www.bilibili.com/video/BV1cActezEcV
493,梗百科,2025-01-13,简单又强势的英雄,jiǎn dān yòu qiáng shì de yīng xióng,jian dan you qiang shi de ying xiong,03:12,BV1DEc2egEQ1,【梗百科】简单又强势的英雄是啥梗？牢九门又是啥？,https://www.bilibili.com/video/BV1DEc2egEQ1
494,梗指南,2025-01-09,有的兄弟有的,yǒu de xiōng dì yǒu de,you de xiong di you de,01:40,BV18tr6Y3E6i,有的兄弟有的是什么梗【梗指南】,https://www.bilibili.com/video/BV18tr6Y3E6i
495,梗百科,2025-01-08,XX，跪下,XX， guì xià,XX， gui xia,01:34,BV1SBrYYnEmN,【梗百科】XX，跪下！是啥梗？咱别跪了，先坐着吧！,https://www.bilibili.com/video/BV1SBrYYnEmN
496,梗指南,2025-01-06,人名歌词填空是什么,rén míng gē cí tián kòng shì shén me,ren ming ge ci tian kong shi shen me,02:08,BV1PhrVYsEC6,人名歌词填空是什么【梗指南】,https://www.bilibili.com/video/BV1PhrVYsEC6
497,梗百科,2025-01-05,社交的手腕,shè jiāo de shǒu wàn,she jiao de shou wan,02:43,BV1FTrKYZEex,【梗百科】社交的手腕是啥梗？,https://www.bilibili.com/video/BV1FTrKYZEex
498,梗百科,2025-01-04,晓艳劝学,xiǎo yàn quàn xué,xiao yan quan xue,02:33,BV1mprpYDEKE,【梗百科】晓艳劝学是啥梗？,https://www.bilibili.com/video/BV1mprpYDEKE
499,梗指南,2025-01-02,独攀,dú pān,du pan,01:26,BV1es6BYrECb,独攀是什么梗【梗指南】,https://www.bilibili.com/video/BV1es6BYrECb
500,梗百科,2025-01-01,赛博女鬼？米塔进行曲？米塔都有,sài bó nǚ guǐ ？ mǐ tǎ jìn xíng qū ？ mǐ tǎ dōu yǒu,sai bo nv gui ？ mi ta jin xing qu ？ mi ta dou you,03:10,BV1C66RYvEHc,【梗百科】赛博女鬼？米塔进行曲？米塔都有什么梗？,https://www.bilibili.com/video/BV1C66RYvEHc
501,梗百科,2024-12-31,独攀,dú pān,du pan,01:36,BV1wJ6JYPEqt,【梗百科】独攀是啥梗？,https://www.bilibili.com/video/BV1wJ6JYPEqt
502,梗指南,2024-12-30,我的要求不算高,wǒ de yāo qiú bù suàn gāo,wo de yao qiu bu suan gao,01:57,BV17363YiEwC,我的要求不算高是什么梗【梗指南】,https://www.bilibili.com/video/BV17363YiEwC
503,梗指南,2024-12-28,考研之路,kǎo yán zhī lù,kao yan zhi lu,01:32,BV1jLCaYNE7G,考研之路是什么梗【梗指南】,https://www.bilibili.com/video/BV1jLCaYNE7G
504,梗百科,2024-12-28,人脸痞老板,rén liǎn pǐ lǎo bǎn,ren lian pi lao ban,01:55,BV15EC8YsEoK,【梗百科】人脸痞老板是啥梗？啊～～,https://www.bilibili.com/video/BV15EC8YsEoK
505,梗指南,2024-12-27,江南style,jiāng nán style,jiang nan style,01:52,BV1PFCnY2E89,江南style是什么梗【梗指南】,https://www.bilibili.com/video/BV1PFCnY2E89
506,梗百科,2024-12-26,00后废话全剪掉,00 hòu fèi huà quán jiǎn diào,00 hou fei hua quan jian diao,01:27,BV1N9CBYYEbs,【梗百科】00后废话全剪掉是啥梗？原来是外网梗啊！？,https://www.bilibili.com/video/BV1N9CBYYEbs
507,梗指南,2024-12-26,2024热梗年度总结,2024 rè gěng nián dù zǒng jié,2024 re geng nian du zong jie,04:36,BV1MHCqYiEhB,2 0 2 4 热 梗 年 度 总 结【梗指南】,https://www.bilibili.com/video/BV1MHCqYiEhB
508,梗指南,2024-12-24,驯化大数据,xùn huà dà shù jù,xun hua da shu ju,01:39,BV1AqkdY5E12,驯化大数据是什么梗【梗指南】,https://www.bilibili.com/video/BV1AqkdY5E12
509,梗百科,2024-12-24,解冻尼禄,jiě dòng ní lù,jie dong ni lu,01:58,BV1NqkdY5EnU,【梗百科】解冻尼禄是啥梗？解冻三人组凑齐啦！？,https://www.bilibili.com/video/BV1NqkdY5EnU
510,梗指南,2024-12-23,2024十大学问（下）,2024 shí dà xué wèn （ xià ）,2024 shi da xue wen （ xia ）,08:03,BV1oJCVYUEBu,2 0 2 4 十 大 学 问（下）【梗指南】,https://www.bilibili.com/video/BV1oJCVYUEBu
511,梗指南,2024-12-22,2024十大学问（中）,2024 shí dà xué wèn （ zhōng ）,2024 shi da xue wen （ zhong ）,06:50,BV1g2kiYiEk8,2 0 2 4 十 大 学 问（中）【梗指南】,https://www.bilibili.com/video/BV1g2kiYiEk8
512,梗百科,2024-12-22,那我问你？头顶尖尖的？常熟阿诺都有,nà wǒ wèn nǐ ？ tóu dǐng jiān jiān de ？ cháng shú ā nuò dōu yǒu,na wo wen ni ？ tou ding jian jian de ？ chang shu a nuo dou you,04:04,BV1wMkqYHE1x,【梗百科】那我问你？头顶尖尖的？常熟阿诺都有啥梗？,https://www.bilibili.com/video/BV1wMkqYHE1x
513,梗指南,2024-12-21,2024十大学问（上）,2024 shí dà xué wèn （ shàng ）,2024 shi da xue wen （ shang ）,07:08,BV1zek4YXE38,2 0 2 4 十 大 学 问（上）【梗指南】,https://www.bilibili.com/video/BV1zek4YXE38
514,梗指南,2024-12-20,被村里人包围了,bèi cūn lǐ rén bāo wéi le,bei cun li ren bao wei le,01:34,BV1AHkmYpEf7,被村里人包围了是什么梗【梗指南】,https://www.bilibili.com/video/BV1AHkmYpEf7
515,梗百科,2024-12-20,2024年度热梗总结,2024 nián dù rè gěng zǒng jié,2024 nian du re geng zong jie,05:08,BV1jXkyYeEDh,【梗百科】2024年 度 热 梗 总 结 ！ ！,https://www.bilibili.com/video/BV1jXkyYeEDh
516,梗百科,2024-12-18,江南宝宝,jiāng nán bǎo bǎo,jiang nan bao bao,02:36,BV12ekcYoEnm,【梗百科】江南宝宝是啥梗？,https://www.bilibili.com/video/BV12ekcYoEnm
517,梗百科,2024-12-17,初生史蒂夫,chū shēng shǐ dì fū,chu sheng shi di fu,01:46,BV1YqknY4EVK,【梗百科】初生史蒂夫是啥梗？坏事做尽啦！,https://www.bilibili.com/video/BV1YqknY4EVK
518,梗指南,2024-12-16,阿诺文学,ā nuò wén xué,a nuo wen xue,02:58,BV1YHqfYWEkq,阿诺文学是什么梗【梗指南】,https://www.bilibili.com/video/BV1YHqfYWEkq
519,梗百科,2024-12-14,常熟阿诺金句PV,cháng shú ā nuò jīn jù PV,chang shu a nuo jin ju PV,02:29,BV1TPBjYfE9n,【梗百科】常熟阿诺金句PV是啥梗？这就是阿诺文学？,https://www.bilibili.com/video/BV1TPBjYfE9n
520,梗指南,2024-12-14,TGA公式,TGA gōng shì,TGA gong shi,01:52,BV1Y3BLYNEbH,TGA公式是什么梗【梗指南】,https://www.bilibili.com/video/BV1Y3BLYNEbH
521,梗百科,2024-12-13,抽象TGA！宇宙机器人怎么把大伙都逗乐了,chōu xiàng TGA！ yǔ zhòu jī qì rén zěn me bǎ dà huǒ dōu dòu lè le,chou xiang TGA！ yu zhou ji qi ren zen me ba da huo dou dou le le,02:42,BV19EBMYjENw,【梗百科】抽象TGA！宇宙机器人怎么把大伙都逗乐了？！,https://www.bilibili.com/video/BV19EBMYjENw
522,梗指南,2024-12-13,猴奈我何,hóu nài wǒ hé,hou nai wo he,02:17,BV1ePqzYPEJ1,猴奈我何是什么梗【梗指南】,https://www.bilibili.com/video/BV1ePqzYPEJ1
523,梗百科,2024-12-11,XX糟糕透了,XX zāo gāo tòu le,XX zao gao tou le,01:25,BV1Q2qUYxEZ7,【梗百科】XX糟糕透了是啥梗？这首诗精彩极了！,https://www.bilibili.com/video/BV1Q2qUYxEZ7
524,梗指南,2024-12-10,咽食症,yàn shí zhèng,yan shi zheng,02:56,BV1Gtq6YqE93,咽食症是什么梗【梗指南】,https://www.bilibili.com/video/BV1Gtq6YqE93
525,梗百科,2024-12-10,剪头刺客刺不到我,jiǎn tóu cì kè cì bú dào wǒ,jian tou ci ke ci bu dao wo,01:50,BV1E6qrY7Ezw,【梗百科】剪头刺客刺不到我是啥梗？,https://www.bilibili.com/video/BV1E6qrY7Ezw
526,梗百科,2024-12-09,迷途之子角色PV,mí tú zhī zi jué sè PV,mi tu zhi zi jue se PV,02:41,BV1n4qAYkEWe,【梗百科】迷途之子角色PV是啥梗？,https://www.bilibili.com/video/BV1n4qAYkEWe
527,梗百科,2024-12-07,返场龙腾之力玩偶,fǎn chǎng lóng téng zhī lì wán ǒu,fan chang long teng zhi li wan ou,02:44,BV1baqLYoEZG,【梗百科】返场龙腾之力玩偶是啥梗？,https://www.bilibili.com/video/BV1baqLYoEZG
528,梗指南,2024-12-07,拼尽全力也无法战胜,pīn jìn quán lì yě wú fǎ zhàn shèng,pin jin quan li ye wu fa zhan sheng,02:20,BV1Pnq5YjEwG,拼尽全力也无法战胜是什么梗【梗指南】,https://www.bilibili.com/video/BV1Pnq5YjEwG
529,梗百科,2024-12-05,Passion,Passion,Passion,03:01,BV1gYiRYiELm,【梗百科】Passion是啥梗？,https://www.bilibili.com/video/BV1gYiRYiELm
530,梗指南,2024-12-04,那很好了,nà hěn hǎo le,na hen hao le,02:05,BV1FziUYMEon,那很好了是什么梗【梗指南】,https://www.bilibili.com/video/BV1FziUYMEon
531,梗百科,2024-12-04,吹牛X呢！俄罗斯大贝塔,chuī niú X ne ！ é luó sī dà bèi tǎ,chui niu X ne ！ e luo si da bei ta,03:05,BV1Nbi2YTEFb,【梗百科】吹牛X呢！俄罗斯大贝塔是啥？,https://www.bilibili.com/video/BV1Nbi2YTEFb
532,梗百科,2024-12-03,凌驾,líng jià,ling jia,01:40,BV1VqzmYhEdc,【梗百科】凌驾是啥梗？,https://www.bilibili.com/video/BV1VqzmYhEdc
533,梗指南,2024-12-02,头顶尖尖的,tóu dǐng jiān jiān de,tou ding jian jian de,02:51,BV1Hd6KYcE8x,头顶尖尖的是什么梗【梗指南】,https://www.bilibili.com/video/BV1Hd6KYcE8x
534,梗指南,2024-12-01,Queen Never Cry,Queen Never Cry,Queen Never Cry,01:38,BV14szdYkEsD,Queen Never Cry是什么梗【梗指南】,https://www.bilibili.com/video/BV14szdYkEsD
535,梗百科,2024-12-01,Chill Guy？AI猫猫剧场？布料模拟？外网爆火新梗来袭,Chill Guy？AI māo māo jù chǎng ？ bù liào mó nǐ ？ wài wǎng bào huǒ xīn gěng lái xí,Chill Guy？AI mao mao ju chang ？ bu liao mo ni ？ wai wang bao huo xin geng lai xi,06:25,BV1BVztYLEJP,【梗百科】Chill Guy？AI猫猫剧场？布料模拟？外网爆火新梗来袭！,https://www.bilibili.com/video/BV1BVztYLEJP
536,梗百科,2024-11-30,多绝望才能跳出这样的舞步,duō jué wàng cái néng tiào chū zhè yàng de wǔ bù,duo jue wang cai neng tiao chu zhe yang de wu bu,02:08,BV1f5zEYXExV,【梗百科】多绝望才能跳出这样的舞步是啥梗？,https://www.bilibili.com/video/BV1f5zEYXExV
537,梗指南,2024-11-30,她拍的,tā pāi de,ta pai de,02:26,BV1aMzJY2EFz,她拍的是什么梗【梗指南】,https://www.bilibili.com/video/BV1aMzJY2EFz
538,梗百科,2024-11-29,自己吓自己,zì jǐ xià zì jǐ,zi ji xia zi ji,03:46,BV1HKzzYSE4g,【梗百科】自己吓自己是啥梗？美人鱼的夏天重磅来袭！,https://www.bilibili.com/video/BV1HKzzYSE4g
539,梗指南,2024-11-29,自己吓自己,zì jǐ xià zì jǐ,zi ji xia zi ji,03:25,BV1S3z6YNEUW,自己吓自己是什么梗【梗指南】,https://www.bilibili.com/video/BV1S3z6YNEUW
540,梗百科,2024-11-27,Queen never cry,Queen never cry,Queen never cry,01:47,BV1LBBXYGEF3,【梗百科】Queen never cry是啥梗？,https://www.bilibili.com/video/BV1LBBXYGEF3
541,梗百科,2024-11-26,还有谁要XXX,hái yǒu shuí yào XXX,hai you shui yao XXX,03:06,BV1CqzGYCEK1,【梗百科】还有谁要XXX是啥梗？这些脸都出自哪？,https://www.bilibili.com/video/BV1CqzGYCEK1
542,梗指南,2024-11-26,太好了是xx,tài hǎo le shì xx,tai hao le shi xx,01:30,BV1CezGY1Es7,太好了是xx是什么梗【梗指南】,https://www.bilibili.com/video/BV1CezGY1Es7
543,梗指南,2024-11-23,麦学,mài xué,mai xue,08:16,BV1S8ByYyEqW,麦学是什么梗【梗指南】,https://www.bilibili.com/video/BV1S8ByYyEqW
544,梗指南,2024-11-22,业主群闹事头像,yè zhǔ qún nào shì tóu xiàng,ye zhu qun nao shi tou xiang,02:03,BV1zBBiYTEN9,业主群闹事头像是什么梗【梗指南】,https://www.bilibili.com/video/BV1zBBiYTEN9
545,梗百科,2024-11-22,咖啡不断加加加加到厌倦,kā fēi bù duàn jiā jiā jiā jiā dào yàn juàn,ka fei bu duan jia jia jia jia dao yan juan,01:55,BV1aRBiYxEFR,【梗百科】咖啡不断加加加加到厌倦是啥梗？这就是电音咖啡哥？,https://www.bilibili.com/video/BV1aRBiYxEFR
546,梗指南,2024-11-20,坏猫之歌,huài māo zhī gē,huai mao zhi ge,02:08,BV15sSTYCEtG,坏猫之歌是什么梗【梗指南】,https://www.bilibili.com/video/BV15sSTYCEtG
547,梗百科,2024-11-19,业主群闹事头像,yè zhǔ qún nào shì tóu xiàng,ye zhu qun nao shi tou xiang,01:35,BV1YLUfYmEF5,【梗百科】业主群闹事头像是啥梗？,https://www.bilibili.com/video/BV1YLUfYmEF5
548,梗指南,2024-11-19,米饭仙人,mǐ fàn xiān rén,mi fan xian ren,02:43,BV1zHSFYaEqW,米饭仙人是什么梗【梗指南】,https://www.bilibili.com/video/BV1zHSFYaEqW
549,梗百科,2024-11-18,张嘴喝雨？免费素材细化？近期外网改图梗大盘点,zhāng zuǐ hē yǔ ？ miǎn fèi sù cái xì huà ？ jìn qī wài wǎng gǎi tú gěng dà pán diǎn,zhang zui he yu ？ mian fei su cai xi hua ？ jin qi wai wang gai tu geng da pan dian,04:28,BV1hiUWY7Edc,【梗百科】张嘴喝雨？免费素材细化？近期外网改图梗大盘点！,https://www.bilibili.com/video/BV1hiUWY7Edc
550,梗百科,2024-11-16,熏鸡事变,xūn jī shì biàn,xun ji shi bian,03:34,BV117U8YXEkF,【梗百科】熏鸡事变是咋回事？一人之力带动熏鸡销量？！,https://www.bilibili.com/video/BV117U8YXEkF
551,梗指南,2024-11-15,清华健身房,qīng huá jiàn shēn fáng,qing hua jian shen fang,01:43,BV1AkmoYtEhx,清华健身房是什么梗【梗指南】,https://www.bilibili.com/video/BV1AkmoYtEhx
552,梗指南,2024-11-13,熏鸡事变,xūn jī shì biàn,xun ji shi bian,04:35,BV1MSUTYYEan,熏鸡事变是什么梗【梗指南】,https://www.bilibili.com/video/BV1MSUTYYEan
553,梗百科,2024-11-12,XX仙人,XX xiān rén,XX xian ren,01:24,BV1Jcm8YrEXi,【梗百科】XX仙人是啥梗？米饭仙人又是啥？,https://www.bilibili.com/video/BV1Jcm8YrEXi
554,梗指南,2024-11-11,无孩爱猫女,wú hái ài māo nǚ,wu hai ai mao nv,02:16,BV1aMmUYUEpb,无孩爱猫女是什么梗【梗指南】,https://www.bilibili.com/video/BV1aMmUYUEpb
555,梗百科,2024-11-10,巴巴博一到底出自哪里？Hawk Tuah？外网热门音效梗,bā bā bó yī dào dǐ chū zì nǎ lǐ ？Hawk Tuah？ wài wǎng rè mén yīn xiào gěng,ba ba bo yi dao di chu zi na li ？Hawk Tuah？ wai wang re men yin xiao geng,03:55,BV1iWmBYZEQs,【梗百科】巴巴博一到底出自哪里？Hawk Tuah？外网热门音效梗！,https://www.bilibili.com/video/BV1iWmBYZEQs
556,梗指南,2024-11-09,如何分辨狼和狗,rú hé fēn biàn láng hé gǒu,ru he fen bian lang he gou,03:02,BV1FCDrYpE9a,如何分辨狼和狗是什么梗【梗指南】,https://www.bilibili.com/video/BV1FCDrYpE9a
557,梗百科,2024-11-08,APT,APT,APT,02:56,BV1mHDZYrEC6,【梗百科】APT是啥梗？,https://www.bilibili.com/video/BV1mHDZYrEC6
558,梗百科,2024-11-07,八个瑞士卷,bā gè ruì shì juǎn,ba ge rui shi juan,01:54,BV1HpDQY2EJ2,【梗百科】八个瑞士卷是咋回事？,https://www.bilibili.com/video/BV1HpDQY2EJ2
559,梗百科,2024-11-06,去皮猕猴桃,qù pí mí hóu táo,qu pi mi hou tao,02:07,BV1rUD3YvEj5,【梗百科】去皮猕猴桃是啥梗？这代怪猎怎么了？,https://www.bilibili.com/video/BV1rUD3YvEj5
560,梗指南,2024-11-06,UZI捧杯,UZI pěng bēi,UZI peng bei,02:17,BV1p1D3YzEHw,UZI捧杯是什么梗【梗指南】,https://www.bilibili.com/video/BV1p1D3YzEHw
561,梗指南,2024-11-04,八个瑞士卷,bā gè ruì shì juǎn,ba ge rui shi juan,02:27,BV1RxDsYfENW,八个瑞士卷是什么梗【梗指南】,https://www.bilibili.com/video/BV1RxDsYfENW
562,梗指南,2024-11-02,借你号玩玩,jiè nǐ hào wán wán,jie ni hao wan wan,02:14,BV1UoDcYnEGm,借你号玩玩是什么梗【梗指南】,https://www.bilibili.com/video/BV1UoDcYnEGm
563,梗百科,2024-11-02,可怜的小玛丽,kě lián de xiǎo mǎ lì,ke lian de xiao ma li,01:29,BV1qSSdYDEbD,【梗百科】可怜的小玛丽是啥梗？这张图的出处是？,https://www.bilibili.com/video/BV1qSSdYDEbD
564,梗百科,2024-10-31,回不去的金色维也纳大厅,huí bù qù de jīn sè wéi yě nà dà tīng,hui bu qu de jin se wei ye na da ting,01:42,BV17ySJYEE5K,【梗百科】回不去的金色维也纳大厅是啥梗？,https://www.bilibili.com/video/BV17ySJYEE5K
565,梗指南,2024-10-31,变异酒馆,biàn yì jiǔ guǎn,bian yi jiu guan,01:59,BV14JS7YoEME,变异酒馆是什么梗【梗指南】,https://www.bilibili.com/video/BV14JS7YoEME
566,梗指南,2024-10-27,邪恶栀子花,xié è zhī zi huā,xie e zhi zi hua,02:50,BV1Kh1MY9Ewb,邪恶栀子花是什么梗【梗指南】,https://www.bilibili.com/video/BV1Kh1MY9Ewb
567,梗指南,2024-10-24,珂学,kē xué,ke xue,03:39,BV1FZykYgE6J,珂学是什么梗【梗指南】,https://www.bilibili.com/video/BV1FZykYgE6J
568,梗百科,2024-10-24,邪恶栀子花,xié è zhī zi huā,xie e zhi zi hua,03:02,BV1EFyrYcELu,【梗百科】邪恶栀子花是啥梗？黄磊厨神快收了神通吧！,https://www.bilibili.com/video/BV1EFyrYcELu
569,梗百科,2024-10-23,对宁谈墙,duì níng tán qiáng,dui ning tan qiang,04:18,BV1N6yfYoE3e,【梗百科】对宁谈墙是咋回事？LOL里有这个英雄？！,https://www.bilibili.com/video/BV1N6yfYoE3e
570,梗指南,2024-10-22,对宁谈墙,duì níng tán qiáng,dui ning tan qiang,03:47,BV1eayHYqEtx,对宁谈墙是什么梗【梗指南】,https://www.bilibili.com/video/BV1eayHYqEtx
571,梗百科,2024-10-21,宝可梦信息泄露火爆外网？火暴兽得罪谁了,bǎo kě mèng xìn xī xiè lòu huǒ bào wài wǎng ？ huǒ bào shòu dé zuì shuí le,bao ke meng xin xi xie lou huo bao wai wang ？ huo bao shou de zui shui le,03:32,BV1TSyGYPEyr,【梗百科】宝可梦信息泄露火爆外网？火暴兽得罪谁了？！,https://www.bilibili.com/video/BV1TSyGYPEyr
572,梗指南,2024-10-19,赛博阎王,sài bó yán wáng,sai bo yan wang,01:48,BV1QyC9Y9EQj,赛博阎王是什么梗【梗指南】,https://www.bilibili.com/video/BV1QyC9Y9EQj
573,梗百科,2024-10-19,模仿向佐,mó fǎng xiàng zuǒ,mo fang xiang zuo,02:08,BV1XTCdYZEiF,【梗百科】模仿向佐是啥梗？向佐向右向前看？,https://www.bilibili.com/video/BV1XTCdYZEiF
574,梗指南,2024-10-18,乙游大世界,yǐ yóu dà shì jiè,yi you da shi jie,02:08,BV19MC2YKECA,乙游大世界是什么梗【梗指南】,https://www.bilibili.com/video/BV19MC2YKECA
575,梗百科,2024-10-17,乙游大世界,yǐ yóu dà shì jiè,yi you da shi jie,02:46,BV1B9yPYbEVr,【梗百科】乙游大世界是啥梗？,https://www.bilibili.com/video/BV1B9yPYbEVr
576,梗指南,2024-10-17,我是毒液,wǒ shì dú yè,wo shi du ye,02:12,BV1aryAYmE26,我是毒液是什么梗【梗指南】,https://www.bilibili.com/video/BV1aryAYmE26
577,梗百科,2024-10-16,Doodle摇？欧拉欧拉造小孩？不祥的钟声？近期外网热梗来了,Doodle yáo ？ ōu lā ōu lā zào xiǎo hái ？ bù xiáng de zhōng shēng ？ jìn qī wài wǎng rè gěng lái le,Doodle yao ？ ou la ou la zao xiao hai ？ bu xiang de zhong sheng ？ jin qi wai wang re geng lai le,06:50,BV158mKYeEeG,【梗百科】Doodle摇？欧拉欧拉造小孩？不祥的钟声？近期外网热梗来了！？,https://www.bilibili.com/video/BV158mKYeEeG
578,梗百科,2024-10-14,我是毒液,wǒ shì dú yè,wo shi du ye,02:25,BV1yxm5YuEcf,【梗百科】我是毒液是啥梗？我不是人又是啥梗？！,https://www.bilibili.com/video/BV1yxm5YuEcf
579,梗指南,2024-10-12,大学生防沉迷,dà xué shēng fáng chén mí,da xue sheng fang chen mi,02:31,BV1Sa28YxEFS,大学生防沉迷是什么梗【梗指南】,https://www.bilibili.com/video/BV1Sa28YxEFS
580,梗百科,2024-10-12,三折叠怎么折都有面,sān zhé dié zěn me zhé dōu yǒu miàn,san zhe die zen me zhe dou you mian,02:02,BV1sW2hYDEin,【梗百科】三折叠 怎么折都有面是啥梗？这都被玩出花了？,https://www.bilibili.com/video/BV1sW2hYDEin
581,梗百科,2024-10-11,炸鱼小学生,zhá yú xiǎo xué shēng,zha yu xiao xue sheng,01:25,BV1f82SYbEBq,【梗百科】炸鱼小学生是咋回事？大一也是一年级？,https://www.bilibili.com/video/BV1f82SYbEBq
582,梗百科,2024-10-10,战鹰起飞,zhàn yīng qǐ fēi,zhan ying qi fei,01:49,BV1yD23YhEtL,【梗百科】战鹰起飞是啥梗？,https://www.bilibili.com/video/BV1yD23YhEtL
583,梗百科,2024-10-10,可能和我的家教有关吧,kě néng hé wǒ de jiā jiào yǒu guān ba,ke neng he wo de jia jiao you guan ba,01:15,BV1pv2GYhEed,【梗百科】可能和我的家教有关吧是啥梗？,https://www.bilibili.com/video/BV1pv2GYhEed
584,梗百科,2024-10-09,18年前的外星人视频👽火了？真出处我们找到了,18 nián qián de wài xīng rén shì pín 👽 huǒ le ？ zhēn chū chǔ wǒ men zhǎo dào le,18 nian qian de wai xing ren shi pin 👽 huo le ？ zhen chu chu wo men zhao dao le,02:47,BV13A2PYnETP,【梗百科】18年前的外星人视频👽火了？真出处我们找到了！？,https://www.bilibili.com/video/BV13A2PYnETP
585,梗指南,2024-10-08,何炅异食癖,hé jiǒng yì shí pǐ,he jiong yi shi pi,02:16,BV11f27YJEWu,何炅异食癖是什么梗【梗指南】,https://www.bilibili.com/video/BV11f27YJEWu
586,梗百科,2024-10-07,不跑酷就等死？外网爆火的MC跑酷梗,bù pǎo kù jiù děng sǐ ？ wài wǎng bào huǒ de MC pǎo kù gěng,bu pao ku jiu deng si ？ wai wang bao huo de MC pao ku geng,04:18,BV1BX1kYqE3v,【梗百科】不跑酷就等死？外网爆火的MC跑酷梗？,https://www.bilibili.com/video/BV1BX1kYqE3v
587,梗指南,2024-10-06,感谢碧昂斯,gǎn xiè bì áng sī,gan xie bi ang si,04:05,BV1To1oYcE7X,感谢碧昂斯是什么梗【梗指南】,https://www.bilibili.com/video/BV1To1oYcE7X
588,梗指南,2024-10-05,认祖归洲,rèn zǔ guī zhōu,ren zu gui zhou,02:36,BV1qB1mYHEmF,认祖归洲是什么梗【梗指南】,https://www.bilibili.com/video/BV1qB1mYHEmF
589,梗百科,2024-10-04,上海堡垒2.0,shàng hǎi bǎo lěi 2.0,shang hai bao lei 2.0,02:46,BV1v54FemEJd,【梗百科】上海堡垒2.0是啥梗？这就是神秘的749局？！,https://www.bilibili.com/video/BV1v54FemEJd
590,梗指南,2024-10-03,六星街里还传来巴扬琴声吗,liù xīng jiē lǐ hái chuán lái bā yáng qín shēng ma,liu xing jie li hai chuan lai ba yang qin sheng ma,02:55,BV1MSxQeQEDp,六星街里还传来巴扬琴声吗是什么梗？【梗指南】,https://www.bilibili.com/video/BV1MSxQeQEDp
591,梗百科,2024-10-03,不要视奸我,bú yào shì jiān wǒ,bu yao shi jian wo,02:10,BV1HxxQeMED5,【梗百科】不要视奸我是啥梗？,https://www.bilibili.com/video/BV1HxxQeMED5
592,梗指南,2024-10-02,电子切糕,diàn zi qiē gāo,dian zi qie gao,02:22,BV1MC4geBEDB,电子切糕是什么梗【梗指南】,https://www.bilibili.com/video/BV1MC4geBEDB
593,梗指南,2024-10-01,国庆节段子大赏,guó qìng jié duàn zi dà shǎng,guo qing jie duan zi da shang,02:58,BV16ixvexEXh,国 庆 节 段 子 大 赏【梗指南】,https://www.bilibili.com/video/BV16ixvexEXh
594,梗百科,2024-10-01,15块组乐队,15 kuài zǔ yuè duì,15 kuai zu yue dui,02:45,BV1vrxheiEy8,【梗百科】15块组乐队是啥梗？是你会怎么玩？,https://www.bilibili.com/video/BV1vrxheiEy8
595,梗指南,2024-09-29,小作坊下猛料,xiǎo zuō fang xià měng liào,xiao zuo fang xia meng liao,02:17,BV1ngxCejErs,小作坊下猛料是什么梗【梗指南】,https://www.bilibili.com/video/BV1ngxCejErs
596,梗百科,2024-09-28,沙威玛传奇,shā wēi mǎ chuán qí,sha wei ma chuan qi,02:37,BV1iZxTeqEmM,【梗百科】沙威玛传奇是啥？让我们说中文！,https://www.bilibili.com/video/BV1iZxTeqEmM
597,梗百科,2024-09-27,坐忘道,zuò wàng dào,zuo wang dao,05:00,BV1pTsZeDEu3,【梗百科】坐忘道是啥梗？,https://www.bilibili.com/video/BV1pTsZeDEu3
598,梗指南,2024-09-27,姜老师,jiāng lǎo shī,jiang lao shi,02:23,BV1AysZe4EDv,姜老师是什么梗【梗指南】,https://www.bilibili.com/video/BV1AysZe4EDv
599,梗百科,2024-09-27,发奶龙的小朋友们你好啊,fā nǎi lóng de xiǎo péng yǒu men nǐ hǎo a,fa nai long de xiao peng you men ni hao a,02:28,BV1scsZeREfo,【梗百科】发奶龙的小朋友们你好啊 是啥梗？都是谁在看这个啊！？,https://www.bilibili.com/video/BV1scsZeREfo
600,梗百科,2024-09-26,回家打粥,huí jiā dǎ zhōu,hui jia da zhou,01:45,BV1ANxueQE56,【梗百科】回家打粥是啥梗？这什么梦幻联动？,https://www.bilibili.com/video/BV1ANxueQE56
601,梗百科,2024-09-25,男人这辈子要保护的三样东西,nán rén zhè bèi zi yào bǎo hù de sān yàng dōng xī,nan ren zhe bei zi yao bao hu de san yang dong xi,02:37,BV1Qzsre9EYp,【梗百科】男人这辈子要保护的三样东西是啥梗？,https://www.bilibili.com/video/BV1Qzsre9EYp
602,梗指南,2024-09-24,柯南摇,kē nán yáo,ke nan yao,02:11,BV1YHsYeNEgw,柯南摇是什么梗【梗指南】,https://www.bilibili.com/video/BV1YHsYeNEgw
603,梗百科,2024-09-24,XX年，你,XX nián ， nǐ,XX nian ， ni,02:50,BV1aFsae8EEm,【梗百科】“XX年，你...”是啥梗？外网的Doomer表情包在国内火了？,https://www.bilibili.com/video/BV1aFsae8EEm
604,梗百科,2024-09-23,FPS春晚,FPS chūn wǎn,FPS chun wan,02:30,BV1rNsyeyE79,【梗百科】FPS春晚是啥梗？,https://www.bilibili.com/video/BV1rNsyeyE79
605,梗指南,2024-09-22,xx要保护的三样东西,xx yào bǎo hù de sān yàng dōng xī,xx yao bao hu de san yang dong xi,02:28,BV1s3tDe1EEt,xx要保护的三样东西是什么梗【梗指南】,https://www.bilibili.com/video/BV1s3tDe1EEt
606,梗指南,2024-09-21,马超~马超,mǎ chāo ~ mǎ chāo,ma chao ~ ma chao,02:42,BV1sQtzeUE8V,马超~马超是什么梗【梗指南】,https://www.bilibili.com/video/BV1sQtzeUE8V
607,梗指南,2024-09-20,白日梦哥布林,bái rì mèng gē bù lín,bai ri meng ge bu lin,02:05,BV1E1bceAEJt,白日梦哥布林是什么梗【梗指南】,https://www.bilibili.com/video/BV1E1bceAEJt
608,梗百科,2024-09-20,梦幻联动？来自SLG的震撼,mèng huàn lián dòng ？ lái zì SLG de zhèn hàn,meng huan lian dong ？ lai zi SLG de zhen han,03:38,BV1JYtpeoEep,【梗百科】梦幻联动？来自SLG的震撼是咋回事？,https://www.bilibili.com/video/BV1JYtpeoEep
609,梗百科,2024-09-20,Cosplay姜老师,Cosplay jiāng lǎo shī,Cosplay jiang lao shi,01:40,BV1SKtXeoEUx,【梗百科】Cosplay姜老师是啥梗？,https://www.bilibili.com/video/BV1SKtXeoEUx
610,梗指南,2024-09-19,沙威玛，哦沙威玛,shā wēi mǎ ， ó shā wēi mǎ,sha wei ma ， o sha wei ma,02:49,BV18QtpeyEuM,沙威玛，哦沙威玛是什么梗【梗指南】,https://www.bilibili.com/video/BV18QtpeyEuM
611,梗百科,2024-09-19,等一下！怪盗基德,děng yí xià ！ guài dào jī dé,deng yi xia ！ guai dao ji de,01:45,BV1MZtpe6EmQ,【梗百科】等一下！怪盗基德！是啥梗？这就是柯南摇？,https://www.bilibili.com/video/BV1MZtpe6EmQ
612,梗百科,2024-09-16,爆瘦226斤，骗过全网的鳄梨小哥,bào shòu 226 jīn ， piàn guò quán wǎng de è lí xiǎo gē,bao shou 226 jin ， pian guo quan wang de e li xiao ge,05:36,BV1i1tse4EKr,【梗百科】爆瘦226斤，骗过全网的鳄梨小哥是怎么回事？,https://www.bilibili.com/video/BV1i1tse4EKr
613,梗百科,2024-09-15,龙族只有前三部,lóng zú zhǐ yǒu qián sān bù,long zu zhi you qian san bu,04:46,BV1cH4HepE8q,【梗百科】龙族只有前三部是啥梗？,https://www.bilibili.com/video/BV1cH4HepE8q
614,梗指南,2024-09-13,小语K,xiǎo yǔ K,xiao yu K,01:48,BV1a2tFeSEux,小语K是什么梗【梗指南】,https://www.bilibili.com/video/BV1a2tFeSEux
615,梗百科,2024-09-13,十三香仙人？总有一种不祥的预感？玉哭无泪的咸鱼梦想家,shí sān xiāng xiān rén ？ zǒng yǒu yī zhǒng bù xiáng de yù gǎn ？ yù kū wú lèi de xián yú mèng xiǎng jiā,shi san xiang xian ren ？ zong you yi zhong bu xiang de yu gan ？ yu ku wu lei de xian yu meng xiang jia,03:46,BV1Dh44eDE9f,【梗百科】十三香仙人？总有一种不祥的预感？玉哭无泪的咸鱼梦想家！,https://www.bilibili.com/video/BV1Dh44eDE9f
616,梗百科,2024-09-11,白日梦哥布林,bái rì mèng gē bù lín,bai ri meng ge bu lin,01:50,BV1re4zeTEJJ,【梗百科】白日梦哥布林是啥梗？性感哥布林？,https://www.bilibili.com/video/BV1re4zeTEJJ
617,梗指南,2024-09-10,沪爷冲击,hù yé chōng jī,hu ye chong ji,02:17,BV1av4hevE1N,沪爷冲击是什么梗【梗指南】,https://www.bilibili.com/video/BV1av4hevE1N
618,梗指南,2024-09-08,国足段子大赏,guó zú duàn zi dà shǎng,guo zu duan zi da shang,02:09,BV1PtpqefEWT,国 足 段 子 大 赏【梗指南】,https://www.bilibili.com/video/BV1PtpqefEWT
619,梗百科,2024-09-08,陕北XX？炼金丹？金蝉子我又赢了？黑悟空梗合集又来啦,shǎn běi XX？ liàn jīn dān ？ jīn chán zi wǒ yòu yíng le ？ hēi wù kōng gěng hé jí yòu lái la,shan bei XX？ lian jin dan ？ jin chan zi wo you ying le ？ hei wu kong geng he ji you lai la,06:44,BV1vxpie3EW3,【梗百科】陕北XX？炼金丹？金蝉子我又赢了？黑悟空梗合集又来啦！,https://www.bilibili.com/video/BV1vxpie3EW3
620,梗指南,2024-09-07,B站大学的老师们都有哪些梗,B zhàn dà xué de lǎo shī men dōu yǒu nǎ xiē gěng,B zhan da xue de lao shi men dou you na xie geng,02:47,BV1tjHQezECZ,B站大学的老师们都有哪些梗？【梗指南】,https://www.bilibili.com/video/BV1tjHQezECZ
621,梗指南,2024-09-06,何晨光的小道具,hé chén guāng de xiǎo dào jù,he chen guang de xiao dao ju,03:00,BV1WxHQeYEmU,何晨光的小道具是什么梗【梗指南】,https://www.bilibili.com/video/BV1WxHQeYEmU
622,梗百科,2024-09-06,国足0比7有,guó zú 0 bǐ 7 yǒu,guo zu 0 bi 7 you,02:34,BV1GDHQejEXj,【梗百科】国足0比7有啥梗？我上我也行？,https://www.bilibili.com/video/BV1GDHQejEXj
623,梗百科,2024-09-04,星鸣特攻暴死有,xīng míng tè gōng bào sǐ yǒu,xing ming te gong bao si you,02:09,BV1W2pwefEPQ,【梗百科】星鸣特攻暴死有啥梗？11天就关服的ZZZQ游戏？,https://www.bilibili.com/video/BV1W2pwefEPQ
624,梗指南,2024-09-01,江西进刑曲,jiāng xī jìn xíng qū,jiang xi jin xing qu,02:08,BV1a4421f7PV,江西进刑曲是什么梗【梗指南】,https://www.bilibili.com/video/BV1a4421f7PV
625,梗百科,2024-08-31,初音换国籍？三角流水线？怎么这么生气？近期外网热梗总结,chū yīn huàn guó jí ？ sān jiǎo liú shuǐ xiàn ？ zěn me zhè me shēng qì ？ jìn qī wài wǎng rè gěng zǒng jié,chu yin huan guo ji ？ san jiao liu shui xian ？ zen me zhe me sheng qi ？ jin qi wai wang re geng zong jie,05:27,BV1P1421b73Y,【梗百科】初音换国籍？三角流水线？怎么这么生气？近期外网热梗总结！,https://www.bilibili.com/video/BV1P1421b73Y
626,梗指南,2024-08-31,哈圈大战乙游,hā quān dà zhàn yǐ yóu,ha quan da zhan yi you,04:07,BV1VS421Q73u,哈圈大战乙游是什么梗【梗指南】,https://www.bilibili.com/video/BV1VS421Q73u
627,梗百科,2024-08-29,蛋生蛋,dàn shēng dàn,dan sheng dan,03:51,BV1Sn4y1f7fM,【梗百科】蛋生蛋是啥梗？鸡蛋鸭蛋荷包蛋又是啥？,https://www.bilibili.com/video/BV1Sn4y1f7fM
628,梗指南,2024-08-28,勇敢去做,yǒng gǎn qù zuò,yong gan qu zuo,01:50,BV1ab42177ki,勇敢去做是什么梗【梗指南】,https://www.bilibili.com/video/BV1ab42177ki
629,梗百科,2024-08-26,黑神话广智？冯骥英高？才几天啊这么多梗,hēi shén huà guǎng zhì ？ féng jì yīng gāo ？ cái jǐ tiān a zhè me duō gěng,hei shen hua guang zhi ？ feng ji ying gao ？ cai ji tian a zhe me duo geng,03:59,BV1GE421c7RH,【梗百科】黑神话广智？冯骥英高？才几天啊这么多梗！？,https://www.bilibili.com/video/BV1GE421c7RH
630,梗指南,2024-08-25,广智铠甲,guǎng zhì kǎi jiǎ,guang zhi kai jia,01:42,BV1Nb421E73D,广智铠甲是什么梗【梗指南】,https://www.bilibili.com/video/BV1Nb421E73D
631,梗指南,2024-08-23,新生群段子大赏,xīn shēng qún duàn zi dà shǎng,xin sheng qun duan zi da shang,03:36,BV1ix4y1s7L8,新 生 群 段 子 大 赏【梗指南】,https://www.bilibili.com/video/BV1ix4y1s7L8
632,梗百科,2024-08-23,勇敢去做,yǒng gǎn qù zuò,yong gan qu zuo,02:21,BV1pZ421K7kP,【梗百科】勇敢去做是啥梗？,https://www.bilibili.com/video/BV1pZ421K7kP
633,梗百科,2024-08-22,黑神话悟空刚出就有这么多梗,hēi shén huà wù kōng gāng chū jiù yǒu zhè me duō gěng,hei shen hua wu kong gang chu jiu you zhe me duo geng,02:52,BV1Px4y1x7we,【梗百科】黑神话悟空刚出就有这么多梗？,https://www.bilibili.com/video/BV1Px4y1x7we
634,梗指南,2024-08-22,国潮包装,guó cháo bāo zhuāng,guo chao bao zhuang,02:00,BV1bS421X7jk,国潮包装是什么梗【梗指南】,https://www.bilibili.com/video/BV1bS421X7jk
635,梗百科,2024-08-21,站如本的山城恋,zhàn rú běn de shān chéng liàn,zhan ru ben de shan cheng lian,02:15,BV13E4m1d7WT,【梗百科】站如本的山城恋是啥梗？,https://www.bilibili.com/video/BV13E4m1d7WT
636,梗指南,2024-08-20,boss带条狗,boss dài tiáo gǒu,boss dai tiao gou,02:38,BV1Cw4m1r7ai,boss带条狗是什么梗【梗指南】,https://www.bilibili.com/video/BV1Cw4m1r7ai
637,梗百科,2024-08-18,硬汉滤镜,yìng hàn lǜ jìng,ying han lv jing,02:45,BV18S411w7YK,【梗百科】硬汉滤镜是啥梗？完美下颚线？,https://www.bilibili.com/video/BV18S411w7YK
638,梗指南,2024-08-18,海露插线板,hǎi lù chā xiàn bǎn,hai lu cha xian ban,02:50,BV1t142187d2,海露插线板是什么梗【梗指南】,https://www.bilibili.com/video/BV1t142187d2
639,梗百科,2024-08-17,认亲歌单,rèn qīn gē dān,ren qin ge dan,02:57,BV1Fw4m1k79a,【梗百科】认亲歌单是啥梗？我是逆蝶？！,https://www.bilibili.com/video/BV1Fw4m1k79a
640,梗指南,2024-08-17,火男颠勺,huǒ nán diān sháo,huo nan dian shao,01:58,BV1vH4y1c76G,火男颠勺是什么梗【梗指南】,https://www.bilibili.com/video/BV1vH4y1c76G
641,梗百科,2024-08-16,懂王同款,dǒng wáng tóng kuǎn,dong wang tong kuan,01:26,BV1FZ421M77G,【梗百科】懂王同款是啥梗？特朗普给中国带货了？,https://www.bilibili.com/video/BV1FZ421M77G
642,梗指南,2024-08-15,黑神话往生咒,hēi shén huà wǎng shēng zhòu,hei shen hua wang sheng zhou,02:35,BV1qS421X747,黑神话往生咒是什么梗【梗指南】,https://www.bilibili.com/video/BV1qS421X747
643,梗百科,2024-08-13,黑悟空往生咒被玩梗？外国人对西瓜怎么反应这么大,hēi wù kōng wǎng shēng zhòu bèi wán gěng ？ wài guó rén duì xī guā zěn me fǎn yìng zhè me dà,hei wu kong wang sheng zhou bei wan geng ？ wai guo ren dui xi gua zen me fan ying zhe me da,03:02,BV1pZ421N7vm,【梗百科】黑悟空往生咒被玩梗？外国人对西瓜怎么反应这么大！？,https://www.bilibili.com/video/BV1pZ421N7vm
644,梗百科,2024-08-12,秦朝老兵,qín cháo lǎo bīng,qin chao lao bing,01:51,BV1D4421Z77z,【梗百科】秦朝老兵是啥梗？清朝老兵跟不上了吧？！,https://www.bilibili.com/video/BV1D4421Z77z
645,梗指南,2024-08-12,族谱歌单,zú pǔ gē dān,zu pu ge dan,01:50,BV1NE421w7op,族谱歌单是什么梗【梗指南】,https://www.bilibili.com/video/BV1NE421w7op
646,梗百科,2024-08-11,死侍舞,sǐ shì wǔ,si shi wu,02:15,BV12E421w74q,【梗百科】死侍舞是啥梗？byebyebye~,https://www.bilibili.com/video/BV12E421w74q
647,梗指南,2024-08-10,七夕节段子大赏,qī xī jié duàn zi dà shǎng,qi xi jie duan zi da shang,02:41,BV1qM4m1177R,七 夕 节 段 子 大 赏【梗指南】,https://www.bilibili.com/video/BV1qM4m1177R
648,梗百科,2024-08-09,孤高之人,gū gāo zhī rén,gu gao zhi ren,03:29,BV1Cr421M7NA,【梗百科】孤高之人是啥梗？孤高曼波又是啥梗？,https://www.bilibili.com/video/BV1Cr421M7NA
649,梗指南,2024-08-08,彩六国服,cǎi liù guó fú,cai liu guo fu,03:24,BV13y411q78s,彩六国服是什么梗【梗指南】,https://www.bilibili.com/video/BV13y411q78s
650,梗百科,2024-08-07,uzi跳枪,uzi tiào qiāng,uzi tiao qiang,02:14,BV1oy411e7ny,【梗百科】uzi跳枪是啥梗？,https://www.bilibili.com/video/BV1oy411e7ny
651,梗指南,2024-08-05,是青岛不是冰岛,shì qīng dǎo bú shì bīng dǎo,shi qing dao bu shi bing dao,02:49,BV1ST421k7xw,是青岛不是冰岛是什么梗【梗指南】,https://www.bilibili.com/video/BV1ST421k7xw
652,梗百科,2024-08-04,土耳其射手,tǔ ěr qí shè shǒu,tu er qi she shou,01:40,BV1ci421a7Yb,【梗百科】土耳其射手是啥梗？,https://www.bilibili.com/video/BV1ci421a7Yb
653,梗指南,2024-08-03,马达马达,mǎ dá mǎ dá,ma da ma da,02:32,BV1Zx4y1x7K2,马达马达是什么梗【梗指南】,https://www.bilibili.com/video/BV1Zx4y1x7K2
654,梗百科,2024-08-02,闹心球,nào xīn qiú,nao xin qiu,02:22,BV1Yz421i7Kk,【梗百科】闹心球是啥梗？前几年的外网梗在国内火了？？！,https://www.bilibili.com/video/BV1Yz421i7Kk
655,梗指南,2024-08-02,宿敌就是宿敌,sù dí jiù shì sù dí,su di jiu shi su di,02:22,BV1Sr421M7V7,宿敌就是宿敌是什么梗【梗指南】,https://www.bilibili.com/video/BV1Sr421M7V7
656,梗百科,2024-07-31,赛啵女友,sài bō nǚ yǒu,sai bo nv you,03:07,BV1Xr421M7rm,【梗百科】赛啵女友是啥梗？赛博情感大瓜！,https://www.bilibili.com/video/BV1Xr421M7rm
657,梗指南,2024-07-31,还我妈生鼻,hái wǒ mā shēng bí,hai wo ma sheng bi,02:20,BV1Vb42177ed,还我妈生鼻是什么梗【梗指南】,https://www.bilibili.com/video/BV1Vb42177ed
658,梗百科,2024-07-29,松弛感,sōng chí gǎn,song chi gan,01:52,BV1KW421R7Bt,【梗百科】松弛感是啥梗？,https://www.bilibili.com/video/BV1KW421R7Bt
659,梗指南,2024-07-28,奥运会整活大赏,ào yùn huì zhěng huó dà shǎng,ao yun hui zheng huo da shang,04:10,BV1Kb42177Yw,奥 运 会 整 活 大 赏【梗指南】,https://www.bilibili.com/video/BV1Kb42177Yw
660,梗指南,2024-07-27,活全家片头,huó quán jiā piàn tóu,huo quan jia pian tou,02:00,BV1GW42197eX,活全家片头是什么梗【梗指南】,https://www.bilibili.com/video/BV1GW42197eX
661,梗百科,2024-07-27,啥是没苦硬吃？没福硬享,shá shì méi kǔ yìng chī ？ méi fú yìng xiǎng,sha shi mei ku ying chi ？ mei fu ying xiang,03:04,BV1Mb421J7zT,【梗百科】啥是没苦硬吃？没福硬享？！,https://www.bilibili.com/video/BV1Mb421J7zT
662,梗百科,2024-07-27,谁是梗高手,shuí shì gěng gāo shǒu,shui shi geng gao shou,10:26,BV19f421q7pV,谁 是 梗 高 手？,https://www.bilibili.com/video/BV19f421q7pV
663,梗指南,2024-07-25,岳山后人,yuè shān hòu rén,yue shan hou ren,02:46,BV1MW421975N,岳山后人是什么梗【梗指南】,https://www.bilibili.com/video/BV1MW421975N
664,梗百科,2024-07-25,你说英语还是西语,nǐ shuō yīng yǔ hái shì xī yǔ,ni shuo ying yu hai shi xi yu,03:41,BV1am42137YM,【梗百科】你说英语还是西语是啥梗？谁先动谁是给？,https://www.bilibili.com/video/BV1am42137YM
665,梗指南,2024-07-24,演的什么玩意这是,yǎn de shén me wán yì zhè shì,yan de shen me wan yi zhe shi,02:18,BV1Z1421475U,演的什么玩意这是是什么梗【梗指南】,https://www.bilibili.com/video/BV1Z1421475U
666,梗指南,2024-07-23,精致女孩坐高铁,jīng zhì nǚ hái zuò gāo tiě,jing zhi nv hai zuo gao tie,02:47,BV1cf421B7Hi,精致女孩坐高铁是什么梗【梗指南】,https://www.bilibili.com/video/BV1cf421B7Hi
667,梗百科,2024-07-23,赛博皇帝？电子奸臣？这都,sài bó huáng dì ？ diàn zi jiān chén ？ zhè dōu,sai bo huang di ？ dian zi jian chen ？ zhe dou,03:01,BV1Jz421i73G,【梗百科】赛博皇帝？电子奸臣？这都是啥梗？,https://www.bilibili.com/video/BV1Jz421i73G
668,梗百科,2024-07-22,演的什么玩意这是,yǎn de shén me wán yì zhè shì,yan de shen me wan yi zhe shi,02:11,BV1mS411w7Wd,【梗百科】演的什么玩意这是 是啥梗？一念神魔郭德纲？,https://www.bilibili.com/video/BV1mS411w7Wd
669,梗指南,2024-07-21,cheki cheki,cheki cheki,cheki cheki,02:39,BV1f4421Z73Q,cheki cheki是什么梗【梗指南】,https://www.bilibili.com/video/BV1f4421Z73Q
670,梗百科,2024-07-21,外网黑星光都成梗了？！ 黑袍纠察队梗太多啦,wài wǎng hēi xīng guāng dōu chéng gěng le ？！ hēi páo jiū chá duì gěng tài duō la,wai wang hei xing guang dou cheng geng le ？！ hei pao jiu cha dui geng tai duo la,02:11,BV1tn4y1f7we,【梗百科】外网黑星光都成梗了？！ 黑袍纠察队梗太多啦！,https://www.bilibili.com/video/BV1tn4y1f7we
671,梗指南,2024-07-20,二次元广场舞,èr cì yuán guǎng chǎng wǔ,er ci yuan guang chang wu,02:15,BV1tE4m1d7Ng,二次元广场舞是什么梗【梗指南】,https://www.bilibili.com/video/BV1tE4m1d7Ng
672,梗指南,2024-07-20,国服第一打野,guó fú dì yī dǎ yě,guo fu di yi da ye,04:04,BV1wE421w7FN,国服第一打野是什么梗【梗指南】,https://www.bilibili.com/video/BV1wE421w7FN
673,梗百科,2024-07-19,出来XX,chū lái XX,chu lai XX,01:24,BV1f4421U7M7,【梗百科】出来XX是啥梗？,https://www.bilibili.com/video/BV1f4421U7M7
674,梗百科,2024-07-18,⚡通讯兵⚡,⚡ tōng xùn bīng ⚡,⚡ tong xun bing ⚡,03:42,BV1Tf421B7yJ,【梗百科】⚡通讯兵⚡是啥梗？怎么还没到啊！？,https://www.bilibili.com/video/BV1Tf421B7yJ
675,梗指南,2024-07-18,出来XX,chū lái XX,chu lai XX,01:57,BV1FZ421K73R,出来XX是什么梗？古惑仔大变装【梗指南】,https://www.bilibili.com/video/BV1FZ421K73R
676,梗指南,2024-07-16,电子奸臣,diàn zi jiān chén,dian zi jian chen,02:27,BV1yJ4m1T7SN,电子奸臣是什么梗【梗指南】,https://www.bilibili.com/video/BV1yJ4m1T7SN
677,梗百科,2024-07-16,你知道刀削面吗,nǐ zhī dào dāo xiāo miàn ma,ni zhi dao dao xiao mian ma,04:27,BV1nf421z7Bt,【梗百科】你知道刀削面吗？是啥梗？,https://www.bilibili.com/video/BV1nf421z7Bt
678,梗指南,2024-07-15,没事哒,méi shì dá,mei shi da,02:13,BV1Ry411q7ko,没事哒是什么梗【梗指南】,https://www.bilibili.com/video/BV1Ry411q7ko
679,梗指南,2024-07-14,特朗普被枪击！？梗图火速来袭,tè lǎng pǔ bèi qiāng jī ！？ gěng tú huǒ sù lái xí,te lang pu bei qiang ji ！？ geng tu huo su lai xi,02:22,BV19z421z7zW,特朗普被枪击！？梗图火速来袭！【梗指南】,https://www.bilibili.com/video/BV19z421z7zW
680,梗百科,2024-07-14,枪击特朗普,qiāng jī tè lǎng pǔ,qiang ji te lang pu,02:22,BV11T421k7uT,【梗百科】枪击特朗普是啥情况？,https://www.bilibili.com/video/BV11T421k7uT
681,梗百科,2024-07-14,国服第一打野,guó fú dì yī dǎ yě,guo fu di yi da ye,03:13,BV1vT421k7yp,【梗百科】国服第一打野是啥梗？这虎头山能有一百万斤肉？！,https://www.bilibili.com/video/BV1vT421k7yp
682,梗指南,2024-07-12,乐意效劳,lè yì xiào láo,le yi xiao lao,02:28,BV1zi421Y7fN,乐意效劳是什么梗【梗指南】,https://www.bilibili.com/video/BV1zi421Y7fN
683,梗百科,2024-07-12,看见情侣的火车头,kàn jiàn qíng lǚ de huǒ chē tóu,kan jian qing lv de huo che tou,03:06,BV1KE421P7m4,【梗百科】看见情侣的火车头是啥梗？创人小曲一响那个男人登场？,https://www.bilibili.com/video/BV1KE421P7m4
684,梗指南,2024-07-11,北伐,běi fá,bei fa,02:40,BV1jy411B7aK,北伐是什么梗【梗指南】,https://www.bilibili.com/video/BV1jy411B7aK
685,梗指南,2024-07-10,火车头撞击,huǒ chē tóu zhuàng jī,huo che tou zhuang ji,02:01,BV1ST421r7nw,火车头撞击是什么梗【梗指南】,https://www.bilibili.com/video/BV1ST421r7nw
686,梗百科,2024-07-09,我怕辣,wǒ pà là,wo pa la,02:42,BV1wS411P7mw,【梗百科】我怕辣是啥梗？,https://www.bilibili.com/video/BV1wS411P7mw
687,梗指南,2024-07-08,赛博寸止,sài bó cùn zhǐ,sai bo cun zhi,02:05,BV1PZ421u7qw,赛博寸止是什么梗【梗指南】,https://www.bilibili.com/video/BV1PZ421u7qw
688,梗百科,2024-07-08,11号战歌,11 hào zhàn gē,11 hao zhan ge,02:00,BV1Dm421G7qM,【梗百科】11号战歌是啥梗？🔥玛卡巴卡🔥！！,https://www.bilibili.com/video/BV1Dm421G7qM
689,梗百科,2024-07-07,赌核,dǔ hé,du he,04:19,BV196421Z7UZ,【梗百科】赌核是啥梗？讽刺赌狗的外网热梗？,https://www.bilibili.com/video/BV196421Z7UZ
690,梗指南,2024-07-06,河南物语,hé nán wù yǔ,he nan wu yu,02:21,BV1Ni421Y7Hs,河南物语是什么梗【梗指南】,https://www.bilibili.com/video/BV1Ni421Y7Hs
691,梗百科,2024-07-05,幼儿园平均年龄37,yòu ér yuán píng jūn nián líng 37,you er yuan ping jun nian ling 37,02:26,BV12E421A7qP,【梗百科】幼儿园平均年龄37是啥梗？错的自己都笑了！？,https://www.bilibili.com/video/BV12E421A7qP
692,梗指南,2024-07-03,AI篡改记忆,AI cuàn gǎi jì yì,AI cuan gai ji yi,02:19,BV1E4421D7Cb,AI 篡改记忆是什么梗【梗指南】,https://www.bilibili.com/video/BV1E4421D7Cb
693,梗百科,2024-07-03,乐意效劳,lè yì xiào láo,le yi xiao lao,03:07,BV1pf421z7J3,【梗百科】乐意效劳是啥梗？外网爆火！能衔接一切的曲子？,https://www.bilibili.com/video/BV1pf421z7J3
694,梗百科,2024-07-02,AI玩梗热潮来了,AI wán gěng rè cháo lái le,AI wan geng re chao lai le,04:17,BV1qb421E7kd,【梗百科】AI玩梗热潮来了！？,https://www.bilibili.com/video/BV1qb421E7kd
695,梗百科,2024-06-30,脚臭柠檬茶,jiǎo chòu níng méng chá,jiao chou ning meng cha,01:44,BV16n4y1X74V,【梗百科】脚臭柠檬茶是啥梗？喝过的来说说真的是袜子味？,https://www.bilibili.com/video/BV16n4y1X74V
696,梗指南,2024-06-29,哈圈春晚,hā quān chūn wǎn,ha quan chun wan,03:04,BV1FH4y1w7hJ,哈圈春晚是什么梗【梗指南】,https://www.bilibili.com/video/BV1FH4y1w7hJ
697,梗百科,2024-06-28,藏狐精二立绘,cáng hú jīng èr lì huì,cang hu jing er li hui,02:25,BV1BE421N7uV,【梗百科】藏狐精二立绘是啥梗？,https://www.bilibili.com/video/BV1BE421N7uV
698,梗指南,2024-06-28,BW&BML观前指南,BW&BML guān qián zhǐ nán,BW&BML guan qian zhi nan,02:36,BV1Mn4y1X7wY,BW&BML观前指南【梗指南】,https://www.bilibili.com/video/BV1Mn4y1X7wY
699,梗指南,2024-06-27,脚臭柠檬茶,jiǎo chòu níng méng chá,jiao chou ning meng cha,02:05,BV11i421e75V,脚臭柠檬茶是什么梗【梗指南】,https://www.bilibili.com/video/BV11i421e75V
700,梗百科,2024-06-27,FUN 2 RHYME,FUN 2 RHYME,FUN 2 RHYME,02:08,BV1jM4m1m7kF,【梗百科】FUN 2 RHYME是啥梗？寸止挑战？！,https://www.bilibili.com/video/BV1jM4m1m7kF
701,梗指南,2024-06-26,一起做大做强,yì qǐ zuò dà zuò qiáng,yi qi zuo da zuo qiang,03:20,BV1V6421Z7Xn,一起做大做强是什么梗【梗指南】,https://www.bilibili.com/video/BV1V6421Z7Xn
702,梗百科,2024-06-26,宫崎英高小时候/儿子XXX,gōng qí yīng gāo xiǎo shí hòu / ér zi XXX,gong qi ying gao xiao shi hou / er zi XXX,03:27,BV1TS411A7TH,【梗百科】宫崎英高小时候/儿子 XXX 是啥梗？,https://www.bilibili.com/video/BV1TS411A7TH
703,梗指南,2024-06-25,赛博讨口子,sài bó tǎo kǒu zi,sai bo tao kou zi,01:52,BV1bn4y1X7aL,赛博讨口子是什么梗【梗指南】,https://www.bilibili.com/video/BV1bn4y1X7aL
704,梗百科,2024-06-24,小猫就在冰上走走怎么就成梗了,xiǎo māo jiù zài bīng shàng zǒu zǒu zěn me jiù chéng gěng le,xiao mao jiu zai bing shang zou zou zen me jiu cheng geng le,01:55,BV1cb421p7kD,【梗百科】小猫就在冰上走走怎么就成梗了？,https://www.bilibili.com/video/BV1cb421p7kD
705,梗指南,2024-06-22,山东车牌之歌,shān dōng chē pái zhī gē,shan dong che pai zhi ge,02:27,BV1zS421d7ZM,山东车牌之歌是什么梗【梗指南】,https://www.bilibili.com/video/BV1zS421d7ZM
706,梗指南,2024-06-21,劝人学法，千刀万剐,quàn rén xué fǎ ， qiān dāo wàn guǎ,quan ren xue fa ， qian dao wan gua,12:04,BV1Bb421H7ZY,劝人学法，千刀万剐？【专业梗指南】,https://www.bilibili.com/video/BV1Bb421H7ZY
707,梗百科,2024-06-21,失重感,shī zhòng gǎn,shi zhong gan,01:45,BV1cS421o7cn,【梗百科】失重感是啥梗？,https://www.bilibili.com/video/BV1cS421o7cn
708,梗指南,2024-06-20,已老实求放过,yǐ lǎo shí qiú fàng guò,yi lao shi qiu fang guo,02:37,BV1EJ4m1T7z8,已老实求放过是什么梗【梗指南】,https://www.bilibili.com/video/BV1EJ4m1T7z8
709,梗百科,2024-06-19,零帧起手,líng zhēn qǐ shǒu,ling zhen qi shou,01:00,BV1qS421d7zv,【梗百科】零帧起手是啥梗？反应不过来了吧！？,https://www.bilibili.com/video/BV1qS421d7zv
710,梗指南,2024-06-19,劝人学医，天打雷劈,quàn rén xué yī ， tiān dǎ léi pī,quan ren xue yi ， tian da lei pi,09:56,BV1o1421r7gV,劝人学医，天打雷劈？【专业梗指南】,https://www.bilibili.com/video/BV1o1421r7gV
711,梗指南,2024-06-18,学英语的唯一出路就只有炒饭吗,xué yīng yǔ de wéi yī chū lù jiù zhǐ yǒu chǎo fàn ma,xue ying yu de wei yi chu lu jiu zhi you chao fan ma,04:26,BV1Vn4y1X72g,学英语的唯一出路就只有炒饭吗？【专业梗指南】,https://www.bilibili.com/video/BV1Vn4y1X72g
712,梗指南,2024-06-17,赛博孟德尔,sài bó mèng dé ěr,sai bo meng de er,02:52,BV1CS421d72m,赛博孟德尔是什么梗【梗指南】,https://www.bilibili.com/video/BV1CS421d72m
713,梗百科,2024-06-17,车牌之歌,chē pái zhī gē,che pai zhi ge,01:53,BV1wz421z72z,【梗百科】车牌之歌是啥梗？鲁A济南车！鲁B青岛的！,https://www.bilibili.com/video/BV1wz421z72z
714,梗指南,2024-06-16,鸡爪流,jī zhǎo liú,ji zhao liu,03:26,BV1JS411A7kb,鸡爪流是什么梗【梗指南】,https://www.bilibili.com/video/BV1JS411A7kb
715,梗百科,2024-06-15,你会用这块空间做什么,nǐ huì yòng zhè kuài kōng jiān zuò shén me,ni hui yong zhe kuai kong jian zuo shen me,02:28,BV17142117Kp,【梗百科】“你会用这块空间做什么？”是啥梗？,https://www.bilibili.com/video/BV17142117Kp
716,梗指南,2024-06-15,收徒,shōu tú,shou tu,02:29,BV1kw4m1v7Fr,收徒是什么梗【梗指南】,https://www.bilibili.com/video/BV1kw4m1v7Fr
717,梗百科,2024-06-14,黑神话悟空破解版,hēi shén huà wù kōng pò jiě bǎn,hei shen hua wu kong po jie ban,01:56,BV1zM4m1S7jW,【梗百科】黑神话悟空破解版是咋回事？！,https://www.bilibili.com/video/BV1zM4m1S7jW
718,梗指南,2024-06-14,震惊！学新闻后他居然变成这样,zhèn jīng ！ xué xīn wén hòu tā jū rán biàn chéng zhè yàng,zhen jing ！ xue xin wen hou ta ju ran bian cheng zhe yang,14:47,BV1t7421d7J1,震惊！学新闻后他居然变成这样……【专业梗指南】,https://www.bilibili.com/video/BV1t7421d7J1
719,梗指南,2024-06-13,涂山，我罩的，懂,tú shān ， wǒ zhào de ， dǒng,tu shan ， wo zhao de ， dong,02:33,BV12Z421u7Dd,涂山，我罩的，懂是什么梗【梗指南】,https://www.bilibili.com/video/BV12Z421u7Dd
720,梗百科,2024-06-13,七月新番还没出就成梗了？！鹿乃子乃子虎视眈眈,qī yuè xīn fān hái méi chū jiù chéng gěng le ？！ lù nǎi zi nǎi zi hǔ shì dān dān,qi yue xin fan hai mei chu jiu cheng geng le ？！ lu nai zi nai zi hu shi dan dan,02:27,BV11i421v76y,【梗百科】七月新番还没出就成梗了？！鹿乃子乃子虎视眈眈？,https://www.bilibili.com/video/BV11i421v76y
721,梗指南,2024-06-12,山口山加速器,shān kǒu shān jiā sù qì,shan kou shan jia su qi,02:48,BV16y411B7Yn,山口山加速器是什么梗【梗指南】,https://www.bilibili.com/video/BV16y411B7Yn
722,梗百科,2024-06-11,怎么滴卖你同学,zěn me dī mài nǐ tóng xué,zen me di mai ni tong xue,03:18,BV13y411z7Jz,【梗百科】怎么滴 卖你同学？是啥梗？同学是你最亲最近的人！,https://www.bilibili.com/video/BV13y411z7Jz
723,梗指南,2024-06-08,爆改棺材房,bào gǎi guān cái fáng,bao gai guan cai fang,05:04,BV17M4m1S7Qq,爆改棺材房是什么梗【梗指南】,https://www.bilibili.com/video/BV17M4m1S7Qq
724,梗百科,2024-06-07,赛博孟德尔,sài bó mèng dé ěr,sai bo meng de er,01:50,BV1on4y197T7,【梗百科】赛博孟德尔是啥梗？杂交版PVZ大杀四方？！,https://www.bilibili.com/video/BV1on4y197T7
725,梗指南,2024-06-07,高考段子大赏,gāo kǎo duàn zi dà shǎng,gao kao duan zi da shang,03:07,BV1K4421X7Nq,高 考 段 子 大 赏【梗指南】,https://www.bilibili.com/video/BV1K4421X7Nq
726,梗指南,2024-06-05,女高街景三人组,nǚ gāo jiē jǐng sān rén zǔ,nv gao jie jing san ren zu,01:40,BV1cx4y1H72o,女高街景三人组是什么梗【梗指南】,https://www.bilibili.com/video/BV1cx4y1H72o
727,梗百科,2024-06-05,谷歌街景拍下的少女们竟成改图热梗,gǔ gē jiē jǐng pāi xià de shào nǚ men jìng chéng gǎi tú rè gěng,gu ge jie jing pai xia de shao nv men jing cheng gai tu re geng,02:06,BV1S7421d7qN,【梗百科】谷歌街景拍下的少女们竟成改图热梗？,https://www.bilibili.com/video/BV1S7421d7qN
728,梗百科,2024-06-04,突然爆红的外国女人表情包,tū rán bào hóng de wài guó nǚ rén biǎo qíng bāo,tu ran bao hong de wai guo nv ren biao qing bao,01:55,BV1HM4m1z7bL,【梗百科】突然爆红的外国女人表情包是啥梗？,https://www.bilibili.com/video/BV1HM4m1z7bL
729,梗百科,2024-06-03,永BAN阿狸条约,yǒng BAN ā lí tiáo yuē,yong BAN a li tiao yue,02:18,BV1p7421o7wF,【梗百科】永BAN阿狸条约是咋回事？,https://www.bilibili.com/video/BV1p7421o7wF
730,梗指南,2024-06-03,鸣潮公式,míng cháo gōng shì,ming chao gong shi,02:11,BV1DM4m1z7tB,鸣潮公式是什么梗【梗指南】,https://www.bilibili.com/video/BV1DM4m1z7tB
731,梗指南,2024-06-01,儿童节段子大赏,ér tóng jié duàn zi dà shǎng,er tong jie duan zi da shang,02:20,BV1Vz421h7Jk,儿 童 节 段 子 大 赏【梗指南】,https://www.bilibili.com/video/BV1Vz421h7Jk
732,梗百科,2024-05-31,我来驾驶五条悟,wǒ lái jià shǐ wǔ tiáo wù,wo lai jia shi wu tiao wu,03:16,BV1Wb421e7R2,【梗百科】我来驾驶五条悟是啥梗？,https://www.bilibili.com/video/BV1Wb421e7R2
733,梗百科,2024-05-30,穷哥,qióng gē,qiong ge,03:08,BV1Rx4y1J7Mr,【梗百科】穷哥是啥梗？穷哥语录伴我同行！？,https://www.bilibili.com/video/BV1Rx4y1J7Mr
734,梗指南,2024-05-29,新世纪咒术战士,xīn shì jì zhòu shù zhàn shì,xin shi ji zhou shu zhan shi,03:11,BV1s142127mG,新世纪咒术战士是什么梗【梗指南】,https://www.bilibili.com/video/BV1s142127mG
735,梗百科,2024-05-28,你能在得了痴呆症的情况下通关XXX吗,nǐ néng zài dé le chī dāi zhèng de qíng kuàng xià tōng guān XXX ma,ni neng zai de le chi dai zheng de qing kuang xia tong guan XXX ma,03:01,BV1Gm421N72P,【梗百科】你能在得了痴呆症的情况下通关XXX吗是啥梗？,https://www.bilibili.com/video/BV1Gm421N72P
736,梗指南,2024-05-27,谁给我报的名,shuí gěi wǒ bào de míng,shui gei wo bao de ming,02:53,BV1bn4y1o7M1,谁给我报的名是什么梗【梗指南】,https://www.bilibili.com/video/BV1bn4y1o7M1
737,梗百科,2024-05-26,国内装修视频竟成外网热梗？镀锌方钢！启动！镀锌方钢！再启动,guó nèi zhuāng xiū shì pín jìng chéng wài wǎng rè gěng ？ dù xīn fāng gāng ！ qǐ dòng ！ dù xīn fāng gāng ！ zài qǐ dòng,guo nei zhuang xiu shi pin jing cheng wai wang re geng ？ du xin fang gang ！ qi dong ！ du xin fang gang ！ zai qi dong,04:30,BV1Hi421m7Nm,【梗百科】国内装修视频竟成外网热梗？镀锌方钢！启动！镀锌方钢！再启动！,https://www.bilibili.com/video/BV1Hi421m7Nm
738,梗指南,2024-05-25,Doge,Doge,Doge,01:38,BV1Bi421m7RW,Doge是什么梗【梗指南】,https://www.bilibili.com/video/BV1Bi421m7RW
739,梗指南,2024-05-24,F1 meme,F1 meme,F1 meme,03:16,BV1Xy411h7cK,F1 meme是什么梗【梗指南】,https://www.bilibili.com/video/BV1Xy411h7cK
740,梗百科,2024-05-24,喜欢XX你就尖叫,xǐ huān XX nǐ jiù jiān jiào,xi huan XX ni jiu jian jiao,03:20,BV1N1421i7si,【梗百科】喜欢XX你就尖叫是啥梗？勒布朗詹姆斯又来新梗！,https://www.bilibili.com/video/BV1N1421i7si
741,梗百科,2024-05-23,跳蚤儿子,tiào zǎo ér zi,tiao zao er zi,01:18,BV1uJ4m1w7Lx,【梗百科】跳蚤儿子是啥梗？这就是多动症一家人？,https://www.bilibili.com/video/BV1uJ4m1w7Lx
742,梗指南,2024-05-21,hero死了,hero sǐ le,hero si le,02:52,BV151421i75K,hero死了是什么梗【梗指南】,https://www.bilibili.com/video/BV151421i75K
743,梗百科,2024-05-20,hero死了,hero sǐ le,hero si le,01:39,BV18J4m1w7LH,【梗百科】hero死了是啥梗？热死了！热死了！,https://www.bilibili.com/video/BV18J4m1w7LH
744,梗指南,2024-05-20,520段子大赏,520 duàn zi dà shǎng,520 duan zi da shang,02:19,BV1wZ421x7Q1,5 2 0 段 子 大 赏【梗指南】,https://www.bilibili.com/video/BV1wZ421x7Q1
745,梗百科,2024-05-19,粉丝尖叫？柠檬米字脸？近期外网热梗来咯,fěn sī jiān jiào ？ níng méng mǐ zì liǎn ？ jìn qī wài wǎng rè gěng lái gē,fen si jian jiao ？ ning meng mi zi lian ？ jin qi wai wang re geng lai ge,05:14,BV13E421F73z,【梗百科】粉丝尖叫？柠檬米字脸？近期外网热梗来咯！？,https://www.bilibili.com/video/BV13E421F73z
746,梗指南,2024-05-19,演唱会尖叫梗图原版是谁,yǎn chàng huì jiān jiào gěng tú yuán bǎn shì shuí,yan chang hui jian jiao geng tu yuan ban shi shui,01:39,BV13t421T7em,演唱会尖叫梗图原版是谁？【梗指南】,https://www.bilibili.com/video/BV13t421T7em
747,梗百科,2024-05-18,搞点动静狗,gǎo diǎn dòng jìng gǒu,gao dian dong jing gou,01:04,BV1uf421d7TT,【梗百科】搞点动静狗是啥梗？,https://www.bilibili.com/video/BV1uf421d7TT
748,梗百科,2024-05-17,触发连招,chù fā lián zhāo,chu fa lian zhao,02:13,BV1EH4y1u75C,【梗百科】触发连招是啥梗？,https://www.bilibili.com/video/BV1EH4y1u75C
749,梗指南,2024-05-16,火影忍者手游NSDD,huǒ yǐng rěn zhě shǒu yóu NSDD,huo ying ren zhe shou you NSDD,01:37,BV1Hi421D7kn,火影忍者手游NSDD是什么梗,https://www.bilibili.com/video/BV1Hi421D7kn
750,梗百科,2024-05-15,演化反差,yǎn huà fǎn chà,yan hua fan cha,01:30,BV1Hs421P7Rf,【梗百科】演化反差是啥梗？嘴巴痛痛哦！？,https://www.bilibili.com/video/BV1Hs421P7Rf
751,梗指南,2024-05-14,电竞春晚,diàn jìng chūn wǎn,dian jing chun wan,04:06,BV17Z421478N,电竞春晚是什么梗【梗指南】,https://www.bilibili.com/video/BV17Z421478N
752,梗百科,2024-05-14,格莱美大战优乐美,gé lái měi dà zhàn yōu lè měi,ge lai mei da zhan you le mei,02:25,BV1Nr421E7pB,【梗百科】格莱美大战优乐美是啥梗？众歌手申请出战？,https://www.bilibili.com/video/BV1Nr421E7pB
753,梗百科,2024-05-13,F1 meme,F1 meme,F1 meme,03:05,BV1uH4y137y9,【梗百科】F1 meme是啥梗？,https://www.bilibili.com/video/BV1uH4y137y9
754,梗指南,2024-05-13,歌手请战,gē shǒu qǐng zhàn,ge shou qing zhan,02:07,BV1bb421B7JG,歌手请战是什么梗【梗指南】,https://www.bilibili.com/video/BV1bb421B7JG
755,梗指南,2024-05-11,格莱美大战优乐美,gé lái měi dà zhàn yōu lè měi,ge lai mei da zhan you le mei,02:13,BV1zx4y1i7i4,格莱美大战优乐美是什么梗【梗指南】,https://www.bilibili.com/video/BV1zx4y1i7i4
756,梗指南,2024-05-09,亚比囧囧囧,yà bǐ jiǒng jiǒng jiǒng,ya bi jiong jiong jiong,01:33,BV1as421N7PJ,亚比囧囧囧是什么梗【梗指南】,https://www.bilibili.com/video/BV1as421N7PJ
757,梗指南,2024-05-08,复制人,fù zhì rén,fu zhi ren,02:21,BV1eT421Q7c5,复制人是什么梗【梗指南】,https://www.bilibili.com/video/BV1eT421Q7c5
758,梗百科,2024-05-08,亚比囧囧囧,yà bǐ jiǒng jiǒng jiǒng,ya bi jiong jiong jiong,01:18,BV1wm421u7yV,【梗百科】亚比囧囧囧是啥梗？邓超这梗看的我都囧了！,https://www.bilibili.com/video/BV1wm421u7yV
759,梗百科,2024-05-07,晚安大小姐,wǎn ān dà xiǎo jiě,wan an da xiao jie,01:54,BV1rm411C73R,【梗百科】晚安大小姐是啥梗？哥你别跳了 我这就睡！,https://www.bilibili.com/video/BV1rm411C73R
760,梗指南,2024-05-07,犀利脸表情包原版是谁,xī lì liǎn biǎo qíng bāo yuán bǎn shì shuí,xi li lian biao qing bao yuan ban shi shui,02:09,BV1gM4m1Z7Qe,犀利脸表情包原版是谁？【梗指南】,https://www.bilibili.com/video/BV1gM4m1Z7Qe
761,梗百科,2024-05-06,把B站当网盘用,bǎ B zhàn dāng wǎng pán yòng,ba B zhan dang wang pan yong,02:54,BV1wi421y7fH,【梗百科】把B站当网盘用是啥梗？,https://www.bilibili.com/video/BV1wi421y7fH
762,梗百科,2024-05-06,Omg it's XXX,Omg it's XXX,Omg it's XXX,02:58,BV1Wt421w7cJ,【梗百科】Omg it's XXX是啥梗？又萌又万用啊！？,https://www.bilibili.com/video/BV1Wt421w7cJ
763,梗指南,2024-05-05,男人中的男人,nán rén zhōng de nán rén,nan ren zhong de nan ren,02:52,BV1RE421G7oV,男人中的男人是什么梗【梗指南】,https://www.bilibili.com/video/BV1RE421G7oV
764,梗百科,2024-05-04,大菠萝又是个,dà bō luó yòu shì gè,da bo luo you shi ge,02:18,BV1ub42187vQ,【梗百科】大菠萝又是个啥梗？是个水果就能火吗？,https://www.bilibili.com/video/BV1ub42187vQ
765,梗百科,2024-05-03,☠️兄弟认为他是高司令,☠️ xiōng dì rèn wéi tā shì gāo sī lìng,☠️ xiong di ren wei ta shi gao si ling,01:51,BV16M4m1Z7eM,【梗百科】☠️兄弟认为他是高司令是啥梗？☠️,https://www.bilibili.com/video/BV16M4m1Z7eM
766,梗指南,2024-05-02,晚安大小姐,wǎn ān dà xiǎo jiě,wan an da xiao jie,02:53,BV1wz421U7Gm,晚安大小姐是什么梗【梗指南】,https://www.bilibili.com/video/BV1wz421U7Gm
767,梗百科,2024-05-02,欧多桑！爸爸,ōu duō sāng ！ bà bà,ou duo sang ！ ba ba,01:55,BV1fb421Y7PJ,【梗百科】欧多桑！爸爸！是啥梗？,https://www.bilibili.com/video/BV1fb421Y7PJ
768,梗百科,2024-04-30,DJ猫？干呕猫？悲伤鼠鼠？猫meme大军势不可挡,DJ māo ？ gān ǒu māo ？ bēi shāng shǔ shǔ ？ māo meme dà jūn shì bù kě dǎng,DJ mao ？ gan ou mao ？ bei shang shu shu ？ mao meme da jun shi bu ke dang,04:40,BV14m41117DJ,【梗百科】DJ猫？干呕猫？悲伤鼠鼠？猫meme大军势不可挡！！？,https://www.bilibili.com/video/BV14m41117DJ
769,梗指南,2024-04-30,劳动节段子大赏,láo dòng jié duàn zi dà shǎng,lao dong jie duan zi da shang,02:20,BV1uH4y1V7kW,劳 动 节 段 子 大 赏【梗指南】,https://www.bilibili.com/video/BV1uH4y1V7kW
770,梗指南,2024-04-29,私人笑声,sī rén xiào shēng,si ren xiao sheng,02:41,BV18H4y1P7wK,私人笑声是什么梗【梗指南】,https://www.bilibili.com/video/BV18H4y1P7wK
771,梗百科,2024-04-29,萨菲罗斯男人中的男人,sà fēi luó sī nán rén zhōng de nán rén,sa fei luo si nan ren zhong de nan ren,02:31,BV1EE421577D,【梗百科】萨菲罗斯 男人中的男人是啥梗？,https://www.bilibili.com/video/BV1EE421577D
772,梗指南,2024-04-26,人生易如反掌,rén shēng yì rú fǎn zhǎng,ren sheng yi ru fan zhang,02:45,BV1AF4m1A7wF,人生易如反掌是什么梗【梗指南】,https://www.bilibili.com/video/BV1AF4m1A7wF
773,梗百科,2024-04-26,欧金金=奶茶,ōu jīn jīn = nǎi chá,ou jin jin = nai cha,01:28,BV1br421g7kD,【梗百科】欧金金=奶茶是咋回事？,https://www.bilibili.com/video/BV1br421g7kD
774,梗指南,2024-04-25,欧金金,ōu jīn jīn,ou jin jin,01:36,BV1ip421Q7eP,欧金金是什么梗【梗指南】,https://www.bilibili.com/video/BV1ip421Q7eP
775,梗百科,2024-04-25,妈妈，人生是旷野,mā mā ， rén shēng shì kuàng yě,ma ma ， ren sheng shi kuang ye,02:03,BV1dD421J7iq,【梗百科】妈妈，人生是旷野是啥梗？狂野人生？人生诓我？,https://www.bilibili.com/video/BV1dD421J7iq
776,梗指南,2024-04-23,颜如玉,yán rú yù,yan ru yu,01:42,BV1yw4m1y7uo,【梗指南】颜如玉是什么梗,https://www.bilibili.com/video/BV1yw4m1y7uo
777,梗百科,2024-04-22,私人音效,sī rén yīn xiào,si ren yin xiao,02:04,BV1cw4m1m7uZ,【梗百科】私人音效是啥梗？,https://www.bilibili.com/video/BV1cw4m1m7uZ
778,梗指南,2024-04-22,游戏方言,yóu xì fāng yán,you xi fang yan,01:45,BV1PC411H7sK,游戏方言是什么梗【梗指南】,https://www.bilibili.com/video/BV1PC411H7sK
779,梗百科,2024-04-21,越南海贼王,yuè nán hǎi zéi wáng,yue nan hai zei wang,01:19,BV1Um421x7Gt,【梗百科】越南海贼王是啥梗？因两亿黄金开启的大航海时代？！,https://www.bilibili.com/video/BV1Um421x7Gt
780,梗百科,2024-04-20,哥布林文学,gē bù lín wén xué,ge bu lin wen xue,02:27,BV1aT421276L,【梗百科】哥布林文学是啥梗？,https://www.bilibili.com/video/BV1aT421276L
781,梗指南,2024-04-20,鸵鸟会XX吗,tuó niǎo huì XX ma,tuo niao hui XX ma,02:30,BV1CH4y1P7Ac,鸵鸟会XX吗是什么梗【梗指南】,https://www.bilibili.com/video/BV1CH4y1P7Ac
782,梗指南,2024-04-19,听不清楚该罚,tīng bù qīng chǔ gāi fá,ting bu qing chu gai fa,03:26,BV1Jt421E7GX,听不清楚该罚是什么梗【梗指南】,https://www.bilibili.com/video/BV1Jt421E7GX
783,梗百科,2024-04-19,听不清楚该罚,tīng bù qīng chǔ gāi fá,ting bu qing chu gai fa,02:27,BV1bw4m127AT,【梗百科】听不清楚该罚是啥梗？听声辨位是吧！你过关！？,https://www.bilibili.com/video/BV1bw4m127AT
784,梗指南,2024-04-18,邓超out,dèng chāo out,deng chao out,02:11,BV16Z421Y7W5,邓超out是什么梗【梗指南】,https://www.bilibili.com/video/BV16Z421Y7W5
785,梗百科,2024-04-18,俄罗斯meme,é luó sī meme,e luo si meme,02:52,BV1Lt421j7kf,【梗百科】俄罗斯meme是啥梗？有100万播放就给200美元？,https://www.bilibili.com/video/BV1Lt421j7kf
786,梗指南,2024-04-16,不是哥们,bú shì gē men,bu shi ge men,01:43,BV1BZ421Y78M,不是哥们是什么梗【梗指南】,https://www.bilibili.com/video/BV1BZ421Y78M
787,梗百科,2024-04-15,邓超out,dèng chāo out,deng chao out,01:50,BV1xx421m7bu,【梗百科】邓超out是啥梗？,https://www.bilibili.com/video/BV1xx421m7bu
788,梗指南,2024-04-14,东华金龙,dōng huá jīn lóng,dong hua jin long,03:33,BV19E421u752,东华金龙是什么梗【梗指南】,https://www.bilibili.com/video/BV19E421u752
789,梗百科,2024-04-13,You are my sunshine,You are my sunshine,You are my sunshine,02:46,BV1ox421m7eG,【梗百科】You are my sunshine是啥梗？让我想起了那个人！？,https://www.bilibili.com/video/BV1ox421m7eG
790,梗百科,2024-04-12,我爱发明,wǒ ài fā míng,wo ai fa ming,01:53,BV1jJ4m1p7sj,【梗百科】我爱发明是啥梗？发明人XX，发明项目：XXX？！,https://www.bilibili.com/video/BV1jJ4m1p7sj
791,梗百科,2024-04-11,5:20AM,5:20AM,5:20AM,01:43,BV1AF4m1T7tA,【梗百科】5:20AM是啥？河南省歌？俺是河南嘞？！,https://www.bilibili.com/video/BV1AF4m1T7tA
792,梗百科,2024-04-10,🖕🏻非常美味谢谢你们🖕🏻,🖕🏻 fēi cháng měi wèi xiè xiè nǐ men 🖕🏻,🖕🏻 fei chang mei wei xie xie ni men 🖕🏻,01:35,BV1Dx421U7ij,【梗百科】🖕🏻非常美味 谢谢你们🖕🏻是啥梗？新番这就有梗啦？,https://www.bilibili.com/video/BV1Dx421U7ij
793,梗指南,2024-04-10,河南省歌,hé nán shěng gē,he nan sheng ge,02:25,BV1ED421s7wD,河南省歌是什么梗【梗指南】,https://www.bilibili.com/video/BV1ED421s7wD
794,梗指南,2024-04-08,大香蕉,dà xiāng jiāo,da xiang jiao,01:57,BV1pT421m7Rg,大香蕉是什么梗【梗指南】,https://www.bilibili.com/video/BV1pT421m7Rg
795,梗百科,2024-04-08,我真的有这么坏吗？外国超人强？意大利香肠？加菲猫梗好多啊,wǒ zhēn de yǒu zhè me huài ma ？ wài guó chāo rén qiáng ？ yì dà lì xiāng cháng ？ jiā fēi māo gěng hǎo duō a,wo zhen de you zhe me huai ma ？ wai guo chao ren qiang ？ yi da li xiang chang ？ jia fei mao geng hao duo a,04:38,BV1hH4y1M7Z8,【梗百科】我真的有这么坏吗？外国超人强？意大利香肠？加菲猫梗好多啊！,https://www.bilibili.com/video/BV1hH4y1M7Z8
796,梗百科,2024-04-07,我要迪士尼,wǒ yào dí shì ní,wo yao di shi ni,01:55,BV1BT421m7Eq,【梗百科】我要迪士尼是啥梗？,https://www.bilibili.com/video/BV1BT421m7Eq
797,梗百科,2024-04-06,Gotta Lock In,Gotta Lock In,Gotta Lock In,01:55,BV1P1421o7hp,【梗百科】Gotta Lock In是啥梗？认真模式！变脸！,https://www.bilibili.com/video/BV1P1421o7hp
798,梗指南,2024-04-06,谢帝我要迪士尼,xiè dì wǒ yào dí shì ní,xie di wo yao di shi ni,04:45,BV1aE421g759,谢帝我要迪士尼是什么梗【梗指南】,https://www.bilibili.com/video/BV1aE421g759
799,梗百科,2024-04-05,不是哥们,bú shì gē men,bu shi ge men,01:43,BV1tZ421i74t,【梗百科】不是哥们是啥梗？此梗已升华为抽象艺术系列？！,https://www.bilibili.com/video/BV1tZ421i74t
800,梗百科,2024-04-04,控告律师,kòng gào lǜ shī,kong gao lv shi,02:35,BV1dA4m1c7XM,【梗百科】控告律师是啥梗？扣税国王的后继梗？,https://www.bilibili.com/video/BV1dA4m1c7XM
801,梗指南,2024-04-04,控告律师,kòng gào lǜ shī,kong gao lv shi,02:26,BV1CC411V7QA,控告律师是什么梗【梗指南】,https://www.bilibili.com/video/BV1CC411V7QA
802,梗百科,2024-04-03,XX或者唱中文歌？又一首中文歌在外网爆火,XX huò zhě chàng zhōng wén gē ？ yòu yī shǒu zhōng wén gē zài wài wǎng bào huǒ,XX huo zhe chang zhong wen ge ？ you yi shou zhong wen ge zai wai wang bao huo,02:25,BV1Fq421w7Yg,【梗百科】XX或者唱中文歌？又一首中文歌在外网爆火？,https://www.bilibili.com/video/BV1Fq421w7Yg
803,梗指南,2024-04-02,你的钢门比较松弛,nǐ de gāng mén bǐ jiào sōng chí,ni de gang men bi jiao song chi,03:31,BV1aH4y1J7w4,你的钢门比较松弛是什么梗【梗指南】,https://www.bilibili.com/video/BV1aH4y1J7w4
804,梗百科,2024-04-02,suno是个啥玩意？这么简单就能生成音乐,suno shì gè shá wán yì ？ zhè me jiǎn dān jiù néng shēng chéng yīn yuè,suno shi ge sha wan yi ？ zhe me jian dan jiu neng sheng cheng yin yue,02:30,BV1HZ421B7xe,【梗百科】suno是个啥玩意？这么简单就能生成音乐？,https://www.bilibili.com/video/BV1HZ421B7xe
805,梗百科,2024-04-01,你的钢门比较松弛,nǐ de gāng mén bǐ jiào sōng chí,ni de gang men bi jiao song chi,03:11,BV1914212714,【梗百科】你的钢门比较松弛是啥梗？,https://www.bilibili.com/video/BV1914212714
806,梗百科,2024-04-01,沟子文学,gōu zi wén xué,gou zi wen xue,01:32,BV14q421w77z,【梗百科】沟子文学是啥梗？,https://www.bilibili.com/video/BV14q421w77z
807,梗指南,2024-04-01,梗指南首次露脸？！一个机器人终于决定出镜了,gěng zhǐ nán shǒu cì lòu liǎn ？！ yí gè jī qì rén zhōng yú jué dìng chū jìng le,geng zhi nan shou ci lou lian ？！ yi ge ji qi ren zhong yu jue ding chu jing le,01:52,BV1DA4m1A7wS,梗指南首次露脸？！一个机器人终于决定出镜了……【梗指南】,https://www.bilibili.com/video/BV1DA4m1A7wS
808,梗指南,2024-03-30,SU7段子大赏,SU7 duàn zi dà shǎng,SU7 duan zi da shang,02:32,BV1sp42117zk,S U 7 段 子 大 赏【梗指南】,https://www.bilibili.com/video/BV1sp42117zk
809,梗指南,2024-03-29,超yue自我,chāo yue zì wǒ,chao yue zi wo,02:15,BV1jA4m1A75S,超yue自我是什么梗【梗指南】,https://www.bilibili.com/video/BV1jA4m1A75S
810,梗百科,2024-03-29,豪大大鸡排,háo dà dà jī pái,hao da da ji pai,02:33,BV1Hf421f7Ke,【梗百科】豪大大鸡排是啥梗？听之前没想到这么逆天？！！,https://www.bilibili.com/video/BV1Hf421f7Ke
811,梗百科,2024-03-28,大香蕉,dà xiāng jiāo,da xiang jiao,02:17,BV1vz421f7jB,【梗百科】大香蕉是啥梗？你的感觉真的很奇妙？？！,https://www.bilibili.com/video/BV1vz421f7jB
812,梗百科,2024-03-25,普通人,pǔ tōng rén,pu tong ren,02:04,BV1wi421R7cx,【梗百科】普通人是啥梗？,https://www.bilibili.com/video/BV1wi421R7cx
813,梗百科,2024-03-24,学新闻学的,xué xīn wén xué de,xue xin wen xue de,02:23,BV1Jp42127vh,【梗百科】学新闻学的是啥梗？,https://www.bilibili.com/video/BV1Jp42127vh
814,梗指南,2024-03-24,奎桑提的神秘商店,kuí sāng tí de shén mì shāng diàn,kui sang ti de shen mi shang dian,01:49,BV1QA4m1P7xq,奎桑提的神秘商店是什么梗【梗指南】,https://www.bilibili.com/video/BV1QA4m1P7xq
815,梗百科,2024-03-22,浓人和淡人又是个,nóng rén hé dàn rén yòu shì gè,nong ren he dan ren you shi ge,02:48,BV15D421L7KH,【梗百科】浓人和淡人又是个啥梗？,https://www.bilibili.com/video/BV15D421L7KH
816,梗百科,2024-03-22,我打宿傩,wǒ dǎ sù nuó,wo da su nuo,01:43,BV1Km411d7JG,【梗百科】我打宿傩是啥梗？,https://www.bilibili.com/video/BV1Km411d7JG
817,梗百科,2024-03-21,超yue自我！不卸原神,chāo yue zì wǒ ！ bù xiè yuán shén,chao yue zi wo ！ bu xie yuan shen,01:43,BV1TH4y1W784,【梗百科】超yue自我！不卸原神！是啥梗？怎么就干呕男孩了？,https://www.bilibili.com/video/BV1TH4y1W784
818,梗指南,2024-03-21,生气猫、委屈猫,shēng qì māo 、 wěi qū māo,sheng qi mao 、 wei qu mao,05:05,BV1em411k7kh,生气猫、委屈猫是什么梗？猫梗全明星！【梗指南】,https://www.bilibili.com/video/BV1em411k7kh
819,梗指南,2024-03-20,做我的儿子吧,zuò wǒ de ér zi ba,zuo wo de er zi ba,02:12,BV1P2421N7NY,做我的儿子吧是什么梗【梗指南】,https://www.bilibili.com/video/BV1P2421N7NY
820,梗百科,2024-03-20,Steam义子,Steam yì zi,Steam yi zi,01:28,BV1JK421i7xa,【梗百科】Steam义子是啥梗？怎么一堆人认义父？！,https://www.bilibili.com/video/BV1JK421i7xa
821,梗百科,2024-03-19,云南打歌,yún nán dǎ gē,yun nan da ge,02:09,BV1wi421d727,【梗百科】云南打歌是啥梗？,https://www.bilibili.com/video/BV1wi421d727
822,梗指南,2024-03-18,骷髅打金服,kū lóu dǎ jīn fú,ku lou da jin fu,01:58,BV1tt421V7E5,骷髅打金服是什么梗【梗指南】,https://www.bilibili.com/video/BV1tt421V7E5
823,梗百科,2024-03-18,骷髅打金服,kū lóu dǎ jīn fú,ku lou da jin fu,02:08,BV1Kx4y1U7eE,【梗百科】骷髅打金服是啥梗？滴哩哩哩 ⚡滴哩哩哩 ⚡等待？,https://www.bilibili.com/video/BV1Kx4y1U7eE
824,梗指南,2024-03-17,打歌,dǎ gē,da ge,02:00,BV1wx421k76J,打歌是什么梗【梗指南】,https://www.bilibili.com/video/BV1wx421k76J
825,梗百科,2024-03-17,名字超长的外网梗？老外怎么被这种梗给硬控了,míng zì chāo cháng de wài wǎng gěng ？ lǎo wài zěn me bèi zhè zhǒng gěng gěi yìng kòng le,ming zi chao chang de wai wang geng ？ lao wai zen me bei zhe zhong geng gei ying kong le,02:51,BV1d2421A7Dc,【梗百科】名字超长的外网梗？老外怎么被这种梗给硬控了？,https://www.bilibili.com/video/BV1d2421A7Dc
826,梗指南,2024-03-16,315段子大赏,315 duàn zi dà shǎng,315 duan zi da shang,01:49,BV1ur421n7TF,3 1 5 段 子 大 赏【梗指南】,https://www.bilibili.com/video/BV1ur421n7TF
827,梗百科,2024-03-14,这还是国内吗,zhè hái shì guó nèi ma,zhe hai shi guo nei ma,02:13,BV16x4y1S71t,【梗百科】这还是国内吗？是啥梗？,https://www.bilibili.com/video/BV16x4y1S71t
828,梗百科,2024-03-13,相亲百分百胜率rap,xiāng qīn bǎi fēn bǎi shèng lǜ rap,xiang qin bai fen bai sheng lv rap,01:57,BV1BF4m1V7ro,【梗百科】相亲百分百胜率rap是啥梗？,https://www.bilibili.com/video/BV1BF4m1V7ro
829,梗指南,2024-03-13,时间差不多咯,shí jiān chà bù duō gē,shi jian cha bu duo ge,04:06,BV1YZ42187Zs,时间差不多咯是什么梗【梗指南】,https://www.bilibili.com/video/BV1YZ42187Zs
830,梗指南,2024-03-11,四处征兵的男人,sì chù zhēng bīng de nán rén,si chu zheng bing de nan ren,03:16,BV1Ax421C7Fh,四处征兵的男人是什么梗【梗指南】,https://www.bilibili.com/video/BV1Ax421C7Fh
831,梗百科,2024-03-11,到处征兵的男人,dào chù zhēng bīng de nán rén,dao chu zheng bing de nan ren,04:35,BV12t421L76r,【梗百科】到处征兵的男人是啥梗？这游戏怎么直接黑美国的？,https://www.bilibili.com/video/BV12t421L76r
832,梗百科,2024-03-10,全球发音,quán qiú fā yīn,quan qiu fa yin,01:27,BV1au4m1u7D6,【梗百科】全球发音是啥梗？这里怎么成了玩梗聚集地？！,https://www.bilibili.com/video/BV1au4m1u7D6
833,梗百科,2024-03-09,血洗礼堂？新造的人？周处除三害有,xuè xǐ lǐ táng ？ xīn zào de rén ？ zhōu chù chú sān hài yǒu,xue xi li tang ？ xin zao de ren ？ zhou chu chu san hai you,06:31,BV16j421Z7Vm,【梗百科】血洗礼堂？新造的人？周处除三害有啥梗？时间差不多啰~,https://www.bilibili.com/video/BV16j421Z7Vm
834,梗指南,2024-03-07,姚安娜式搜点,yáo ān nà shì sōu diǎn,yao an na shi sou dian,01:55,BV13H4y157bM,姚安娜式搜点是什么梗【梗指南】,https://www.bilibili.com/video/BV13H4y157bM
835,梗指南,2024-03-06,全球发音,quán qiú fā yīn,quan qiu fa yin,01:45,BV18m411Z7bv,全球发音是什么梗【梗指南】,https://www.bilibili.com/video/BV18m411Z7bv
836,梗百科,2024-03-06,猫meme?尖叫小猫？嘎嘣脆猫？怎么这么多跳舞猫梗,māo meme? jiān jiào xiǎo māo ？ gā bēng cuì māo ？ zěn me zhè me duō tiào wǔ māo gěng,mao meme? jian jiao xiao mao ？ ga beng cui mao ？ zen me zhe me duo tiao wu mao geng,06:03,BV1yy421i7pz,【梗百科】猫meme?尖叫小猫？嘎嘣脆猫？怎么这么多跳舞猫梗？！,https://www.bilibili.com/video/BV1yy421i7pz
837,梗指南,2024-03-05,杨颖霉霉,yáng yǐng méi méi,yang ying mei mei,01:13,BV1gw4m1Z7e9,杨颖霉霉是什么梗【梗指南】,https://www.bilibili.com/video/BV1gw4m1Z7e9
838,梗百科,2024-03-05,兔子洞,tù zi dòng,tu zi dong,02:02,BV1qW421w74s,【梗百科】兔子洞是啥梗？这是一期很粉色的视频？！,https://www.bilibili.com/video/BV1qW421w74s
839,梗百科,2024-03-04,不要带走福宝,bú yào dài zǒu fú bǎo,bu yao dai zou fu bao,02:27,BV1xJ4m1Y7es,【梗百科】不要带走福宝是啥梗？推荐带走韩国总统？！,https://www.bilibili.com/video/BV1xJ4m1Y7es
840,梗指南,2024-03-02,二次元先玩马嘉祺的梗,èr cì yuán xiān wán mǎ jiā qí de gěng,er ci yuan xian wan ma jia qi de geng,02:03,BV1RJ4m1a7PN,二次元先玩马嘉祺的梗是什么梗【梗指南】,https://www.bilibili.com/video/BV1RJ4m1a7PN
841,梗百科,2024-03-02,臀部翘到可以顶起XX,tún bù qiào dào kě yǐ dǐng qǐ XX,tun bu qiao dao ke yi ding qi XX,01:07,BV12x4y1D7ZW,【梗百科】臀部翘到可以顶起XX是啥梗？,https://www.bilibili.com/video/BV12x4y1D7ZW
842,梗百科,2024-03-01,哈哈你是我的啦,hā hā nǐ shì wǒ de la,ha ha ni shi wo de la,02:59,BV1Bv421r7s8,【梗百科】哈哈你是我的啦！是啥梗？,https://www.bilibili.com/video/BV1Bv421r7s8
843,梗指南,2024-02-29,翘到可以顶起XX,qiào dào kě yǐ dǐng qǐ XX,qiao dao ke yi ding qi XX,02:10,BV1SJ4m1e7cG,翘到可以顶起XX是什么梗【梗指南】,https://www.bilibili.com/video/BV1SJ4m1e7cG
844,梗百科,2024-02-28,姐弟格斗,jiě dì gé dòu,jie di ge dou,02:02,BV1ow4m1f7cn,【梗百科】姐弟格斗是啥梗？尝尝我的草莓熊肘击？！！,https://www.bilibili.com/video/BV1ow4m1f7cn
845,梗指南,2024-02-27,扣税国王,kòu shuì guó wáng,kou shui guo wang,02:23,BV1at421b7HP,扣税国王是什么梗【梗指南】,https://www.bilibili.com/video/BV1at421b7HP
846,梗百科,2024-02-26,扣税“国王,kòu shuì “ guó wáng,kou shui “ guo wang,02:39,BV1fJ4m1e7Gv,【梗百科】扣税“国王”是啥梗？听好了！乡巴佬？！！,https://www.bilibili.com/video/BV1fJ4m1e7Gv
847,梗指南,2024-02-25,阎王点卯,yán wáng diǎn mǎo,yan wang dian mao,02:36,BV1tj421S78V,阎王点卯是什么梗【梗指南】,https://www.bilibili.com/video/BV1tj421S78V
848,梗百科,2024-02-24,AI威尔史密斯吃意面,AI wēi ěr shǐ mì sī chī yì miàn,AI wei er shi mi si chi yi mian,02:48,BV1Fu4m1w7ig,【梗百科】AI威尔史密斯吃意面是啥梗？,https://www.bilibili.com/video/BV1Fu4m1w7ig
849,梗百科,2024-02-22,这才是真正的音乐,zhè cái shì zhēn zhèng de yīn yuè,zhe cai shi zhen zheng de yin yue,02:19,BV1Fx421f7iA,【梗百科】这才是真正的音乐是啥梗？大吉大利，今晚吃鸡？,https://www.bilibili.com/video/BV1Fx421f7iA
850,梗指南,2024-02-22,春山学,chūn shān xué,chun shan xue,02:15,BV1Jy421z7bY,【补档】春山学是什么梗【梗指南】,https://www.bilibili.com/video/BV1Jy421z7bY
851,梗指南,2024-02-21,小丑的小曲,xiǎo chǒu de xiǎo qǔ,xiao chou de xiao qu,02:14,BV1Jt421b7Ze,小丑的小曲是什么梗【梗指南】,https://www.bilibili.com/video/BV1Jt421b7Ze
852,梗百科,2024-02-20,春山学？小尼穿帮？十天过去了春晚梗还有人在意吗,chūn shān xué ？ xiǎo ní chuān bāng ？ shí tiān guò qù le chūn wǎn gěng hái yǒu rén zài yì ma,chun shan xue ？ xiao ni chuan bang ？ shi tian guo qu le chun wan geng hai you ren zai yi ma,05:28,BV12x4y1y7tw,【梗百科】春山学？小尼穿帮？十天过去了春晚梗还有人在意吗？,https://www.bilibili.com/video/BV12x4y1y7tw
853,梗指南,2024-02-20,应声虫,yìng shēng chóng,ying sheng chong,02:33,BV16H4y1E7AR,应声虫是什么梗【梗指南】,https://www.bilibili.com/video/BV16H4y1E7AR
854,梗百科,2024-02-19,小丑的小曲,xiǎo chǒu de xiǎo qǔ,xiao chou de xiao qu,02:36,BV1dS421P7XP,【梗百科】小丑的小曲是啥梗？,https://www.bilibili.com/video/BV1dS421P7XP
855,梗百科,2024-02-18,I Drive,I Drive,I Drive,05:46,BV1Tr421s7R5,【梗百科】I Drive是啥梗？嘟嘟哒嘟嘟哒？点进来被硬控5分46秒！,https://www.bilibili.com/video/BV1Tr421s7R5
856,梗百科,2024-02-17,高速运转的机械进入中国,gāo sù yùn zhuàn de jī xiè jìn rù zhōng guó,gao su yun zhuan de ji xie jin ru zhong guo,02:11,BV1G6421M7uW,【梗百科】高速运转的机械进入中国是啥梗？,https://www.bilibili.com/video/BV1G6421M7uW
857,梗指南,2024-02-16,高速运转的机械,gāo sù yùn zhuàn de jī xiè,gao su yun zhuan de ji xie,03:04,BV1Ct421a7tq,高速运转的机械是什么梗【梗指南】,https://www.bilibili.com/video/BV1Ct421a7tq
858,梗百科,2024-02-15,听不懂思密达？丛林土鳖？请求支援？！这就是梗出没吗,tīng bù dǒng sī mì dá ？ cóng lín tǔ biē ？ qǐng qiú zhī yuán ？！ zhè jiù shì gěng chū mò ma,ting bu dong si mi da ？ cong lin tu bie ？ qing qiu zhi yuan ？！ zhe jiu shi geng chu mo ma,04:07,BV1bj421X7Q3,【梗百科】听不懂思密达？丛林土鳖？请求支援？！这就是梗出没吗？,https://www.bilibili.com/video/BV1bj421X7Q3
859,梗指南,2024-02-14,情人节段子大赏,qíng rén jié duàn zi dà shǎng,qing ren jie duan zi da shang,02:25,BV1zJ4m1x7zs,情 人 节 段 子 大 赏【梗指南】,https://www.bilibili.com/video/BV1zJ4m1x7zs
860,梗百科,2024-02-14,崩溃XX,bēng kuì XX,beng kui XX,02:16,BV1vt421a7sb,【梗百科】崩溃XX是啥梗?,https://www.bilibili.com/video/BV1vt421a7sb
861,梗百科,2024-02-12,兄弟，你好香,xiōng dì ， nǐ hǎo xiāng,xiong di ， ni hao xiang,01:14,BV1Ax4y1y7bC,【梗百科】兄弟，你好香是啥梗？还能这么个香的啊？,https://www.bilibili.com/video/BV1Ax4y1y7bC
862,梗指南,2024-02-11,我有四不吃,wǒ yǒu sì bù chī,wo you si bu chi,02:58,BV11j421X7ky,我有四不吃是什么梗？因为他善！【梗指南】,https://www.bilibili.com/video/BV11j421X7ky
863,梗百科,2024-02-11,我有四不X,wǒ yǒu sì bù X,wo you si bu X,02:43,BV1DW421P7Eg,【梗百科】我有四不X是啥梗？因为他善！,https://www.bilibili.com/video/BV1DW421P7Eg
864,梗百科,2024-02-10,XX，男人最好的医美,XX， nán rén zuì hǎo de yī měi,XX， nan ren zui hao de yi mei,01:45,BV1sK421C7Su,【梗百科】XX，男人最好的医美是啥梗？,https://www.bilibili.com/video/BV1sK421C7Su
865,梗指南,2024-02-09,春节段子大赏,chūn jié duàn zi dà shǎng,chun jie duan zi da shang,05:09,BV1EF4m1M7oP,春 节 段 子 大 赏【梗指南】,https://www.bilibili.com/video/BV1EF4m1M7oP
866,梗指南,2024-02-08,里奥哟西,lǐ ào yō xī,li ao yo xi,01:34,BV19m41197DU,里奥哟西是什么梗【梗指南】,https://www.bilibili.com/video/BV19m41197DU
867,梗百科,2024-02-08,赛博硅孙,sài bó guī sūn,sai bo gui sun,02:14,BV17y421h7No,【梗百科】赛博硅孙是啥梗？,https://www.bilibili.com/video/BV17y421h7No
868,梗百科,2024-02-08,里奥·哟西,lǐ ào · yō xī,li ao · yo xi,01:59,BV1QA4m1V7W8,【梗百科】里奥·哟西是啥梗？梅西发生啥事？,https://www.bilibili.com/video/BV1QA4m1V7W8
869,梗百科,2024-02-07,马云你听我说,mǎ yún nǐ tīng wǒ shuō,ma yun ni ting wo shuo,03:35,BV1H2421c7wk,【梗百科】马云你听我说是啥梗？,https://www.bilibili.com/video/BV1H2421c7wk
870,梗指南,2024-02-07,兄弟你好香,xiōng dì nǐ hǎo xiāng,xiong di ni hao xiang,01:22,BV13x4y117NN,兄弟你好香是什么梗【梗指南】,https://www.bilibili.com/video/BV13x4y117NN
871,梗指南,2024-02-05,无牙仔跳舞,wú yá zǎi tiào wǔ,wu ya zai tiao wu,02:44,BV17H4y1h7Ba,无牙仔跳舞是什么梗【梗指南】,https://www.bilibili.com/video/BV17H4y1h7Ba
872,梗百科,2024-02-05,我真的变成XX了吗,wǒ zhēn de biàn chéng XX le ma,wo zhen de bian cheng XX le ma,03:09,BV146421u7Xh,【梗百科】我真的变成XX了吗是啥梗？这个外网抽象梗你见过吗？！,https://www.bilibili.com/video/BV146421u7Xh
873,梗指南,2024-02-03,听泉猫,tīng quán māo,ting quan mao,02:24,BV1EJ4m147Xm,听泉猫是什么梗【梗指南】,https://www.bilibili.com/video/BV1EJ4m147Xm
874,梗百科,2024-02-03,我太想进步了,wǒ tài xiǎng jìn bù le,wo tai xiang jin bu le,02:06,BV1Rm411X78A,【梗百科】我太想进步了是啥梗？,https://www.bilibili.com/video/BV1Rm411X78A
875,梗指南,2024-02-02,2023二次元热梗盘点,2023 èr cì yuán rè gěng pán diǎn,2023 er ci yuan re geng pan dian,06:51,BV126421G7bW,2 0 2 3 二 次 元 热 梗 盘 点【梗指南】,https://www.bilibili.com/video/BV126421G7bW
876,梗百科,2024-02-01,外网爆火的恐怖初音,wài wǎng bào huǒ de kǒng bù chū yīn,wai wang bao huo de kong bu chu yin,02:11,BV1Xt421W7qm,【梗百科】外网爆火的恐怖初音是啥梗？,https://www.bilibili.com/video/BV1Xt421W7qm
877,梗指南,2024-02-01,贴膜游戏,tiē mó yóu xì,tie mo you xi,02:01,BV1Xw411572x,【梗指南】贴膜游戏是什么梗,https://www.bilibili.com/video/BV1Xw411572x
878,梗百科,2024-01-31,5W美元定制的涩涩动画竟成外网热梗,5W měi yuán dìng zhì de sè sè dòng huà jìng chéng wài wǎng rè gěng,5W mei yuan ding zhi de se se dong hua jing cheng wai wang re geng,05:37,BV1v6421G7XD,【梗百科】5W美元定制的涩涩动画竟成外网热梗？？,https://www.bilibili.com/video/BV1v6421G7XD
879,梗指南,2024-01-30,你真是饿了,nǐ zhēn shì è le,ni zhen shi e le,02:37,BV1qx42197q4,你真是饿了是什么梗【梗指南】,https://www.bilibili.com/video/BV1qx42197q4
880,梗百科,2024-01-30,山竹醇,shān zhú chún,shan zhu chun,02:40,BV1uF4m137WP,【梗百科】山竹醇是啥梗？,https://www.bilibili.com/video/BV1uF4m137WP
881,梗指南,2024-01-29,山竹醇,shān zhú chún,shan zhu chun,01:35,BV1aa4y1876i,山竹醇是什么意思【梗指南】,https://www.bilibili.com/video/BV1aa4y1876i
882,梗百科,2024-01-29,我不在乎这些xx不喜欢我,wǒ bù zài hū zhè xiē xx bù xǐ huān wǒ,wo bu zai hu zhe xie xx bu xi huan wo,03:17,BV1wN4y1n736,【梗百科】我不在乎这些xx不喜欢我是啥梗？因为我XX的要命！？,https://www.bilibili.com/video/BV1wN4y1n736
883,梗百科,2024-01-27,我爱说实话，铁铁,wǒ ài shuō shí huà ， tiě tiě,wo ai shuo shi hua ， tie tie,02:45,BV1KK4y1q7qw,【梗百科】我爱说实话，铁铁是啥梗？giao~,https://www.bilibili.com/video/BV1KK4y1q7qw
884,梗百科,2024-01-26,新鲜哥？chipi猫？爆笑猫？芝士汉堡？近期热门猫梗又来啦,xīn xiān gē ？chipi māo ？ bào xiào māo ？ zhī shì hàn bǎo ？ jìn qī rè mén māo gěng yòu lái la,xin xian ge ？chipi mao ？ bao xiao mao ？ zhi shi han bao ？ jin qi re men mao geng you lai la,05:53,BV1bK4y117RH,【梗百科】新鲜哥？chipi猫？爆笑猫？芝士汉堡？近期热门猫梗又来啦！！,https://www.bilibili.com/video/BV1bK4y117RH
885,梗指南,2024-01-26,我爱说实话,wǒ ài shuō shí huà,wo ai shuo shi hua,03:37,BV1DC4y1r712,我爱说实话是什么梗【梗指南】,https://www.bilibili.com/video/BV1DC4y1r712
886,梗指南,2024-01-24,鹅猪大战,é zhū dà zhàn,e zhu da zhan,02:51,BV1AQ4y1c7Su,【梗指南】鹅猪大战是什么梗,https://www.bilibili.com/video/BV1AQ4y1c7Su
887,梗指南,2024-01-23,农场主模拟器,nóng chǎng zhǔ mó nǐ qì,nong chang zhu mo ni qi,01:56,BV1B5411y79r,农场主模拟器是什么梗【梗指南】,https://www.bilibili.com/video/BV1B5411y79r
888,梗指南,2024-01-21,紫微星,zǐ wēi xīng,zi wei xing,02:37,BV1xK411a7GX,紫微星是什么梗【梗指南】,https://www.bilibili.com/video/BV1xK411a7GX
889,梗指南,2024-01-20,刘德华解冻,liú dé huá jiě dòng,liu de hua jie dong,02:40,BV17Q4y1A7gj,【梗指南】刘德华解冻是什么梗,https://www.bilibili.com/video/BV17Q4y1A7gj
890,梗百科,2024-01-20,清汤大老爷,qīng tāng dà lǎo yé,qing tang da lao ye,01:24,BV1Sg4y117zn,【梗百科】清汤大老爷是啥梗？,https://www.bilibili.com/video/BV1Sg4y117zn
891,梗百科,2024-01-19,还是PVP大佬,hái shì PVP dà lǎo,hai shi PVP da lao,02:04,BV1fw41177AG,【梗百科】还是PVP大佬是啥梗？还是PVP大佬？还是PVP大佬！,https://www.bilibili.com/video/BV1fw41177AG
892,梗指南,2024-01-18,还是PVP大佬,hái shì PVP dà lǎo,hai shi PVP da lao,03:08,BV1Ub4y1P7dF,还是PVP大佬是什么梗【梗指南】,https://www.bilibili.com/video/BV1Ub4y1P7dF
893,梗百科,2024-01-18,闭嘴！我爸爸在XX上班,bì zuǐ ！ wǒ bà bà zài XX shàng bān,bi zui ！ wo ba ba zai XX shang ban,01:18,BV11b4y1P7e9,【梗百科】闭嘴！我爸爸在XX上班是啥梗？,https://www.bilibili.com/video/BV11b4y1P7e9
894,梗百科,2024-01-17,浇给,jiāo gěi,jiao gei,01:55,BV1wK4y1B7tB,【梗百科】浇给是啥梗？简简单单喝羊头~,https://www.bilibili.com/video/BV1wK4y1B7tB
895,梗指南,2024-01-16,浇给,jiāo gěi,jiao gei,02:17,BV1YV411X7Fn,浇给是什么梗【梗指南】,https://www.bilibili.com/video/BV1YV411X7Fn
896,梗百科,2024-01-14,无牙仔跳舞,wú yá zǎi tiào wǔ,wu ya zai tiao wu,02:30,BV1vT4y187X7,【梗百科】无牙仔跳舞是啥梗？,https://www.bilibili.com/video/BV1vT4y187X7
897,梗指南,2024-01-14,农业大摸底,nóng yè dà mō dǐ,nong ye da mo di,02:03,BV1yw411J7hP,农业大摸底是什么梗【梗指南】,https://www.bilibili.com/video/BV1yw411J7hP
898,梗指南,2024-01-12,龙鸣联赛,lóng míng lián sài,long ming lian sai,01:51,BV1Gt4y1R7Yp,龙鸣联赛是什么梗【梗指南】,https://www.bilibili.com/video/BV1Gt4y1R7Yp
899,梗百科,2024-01-12,我这一生如履薄冰,wǒ zhè yī shēng rú lǚ bó bīng,wo zhe yi sheng ru lv bo bing,02:19,BV1C94y1T7vK,【梗百科】我这一生如履薄冰是啥梗？,https://www.bilibili.com/video/BV1C94y1T7vK
900,梗百科,2024-01-11,中国河狸”居然在外网火了？我失去的东西我一定要拿回来,zhōng guó hé lí ” jū rán zài wài wǎng huǒ le ？ wǒ shī qù de dōng xī wǒ yí dìng yào ná huí lái,zhong guo he li ” ju ran zai wai wang huo le ？ wo shi qu de dong xi wo yi ding yao na hui lai,02:12,BV1Jw411g7dM,【梗百科】“中国河狸”居然在外网火了？我失去的东西我一定要拿回来！,https://www.bilibili.com/video/BV1Jw411g7dM
901,梗指南,2024-01-10,对焦测试员、摇摆拳法,duì jiāo cè shì yuán 、 yáo bǎi quán fǎ,dui jiao ce shi yuan 、 yao bai quan fa,03:33,BV1MK411v7C1,对焦测试员、摇摆拳法是什么梗【梗指南】,https://www.bilibili.com/video/BV1MK411v7C1
902,梗百科,2024-01-10,对焦测试员,duì jiāo cè shì yuán,dui jiao ce shi yuan,02:18,BV1aT4y1p73G,【梗百科】对焦测试员是啥梗？摇摆拳法二代目？,https://www.bilibili.com/video/BV1aT4y1p73G
903,梗指南,2024-01-08,霍金奔向萝莉岛,huò jīn bēn xiàng luó lì dǎo,huo jin ben xiang luo li dao,02:06,BV1pe411e7Rw,霍金奔向萝莉岛是什么梗【梗指南】,https://www.bilibili.com/video/BV1pe411e7Rw
904,梗指南,2024-01-07,鹰爪功,yīng zhǎo gōng,ying zhao gong,02:59,BV1LN4y1q7aL,【梗指南】鹰爪功是什么梗,https://www.bilibili.com/video/BV1LN4y1q7aL
905,梗百科,2024-01-07,恐怖米老鼠,kǒng bù mǐ lǎo shǔ,kong bu mi lao shu,01:24,BV1se411U7Ve,【梗百科】恐怖米老鼠是啥梗？,https://www.bilibili.com/video/BV1se411U7Ve
906,梗指南,2024-01-06,古希腊掌管XX的神,gǔ xī là zhǎng guǎn XX de shén,gu xi la zhang guan XX de shen,01:25,BV12e411i7hD,古希腊掌管XX的神是什么梗【梗指南】,https://www.bilibili.com/video/BV12e411i7hD
907,梗百科,2024-01-06,突然出现在主页的某吧,tū rán chū xiàn zài zhǔ yè de mǒu ba,tu ran chu xian zai zhu ye de mou ba,02:08,BV19e411m7TG,【梗百科】突然出现在主页的某吧是啥梗？,https://www.bilibili.com/video/BV19e411m7TG
908,梗百科,2024-01-05,霍金奔向萝莉岛,huò jīn bēn xiàng luó lì dǎo,huo jin ben xiang luo li dao,02:48,BV1SG411q71H,【梗百科】霍金奔向萝莉岛是啥梗？,https://www.bilibili.com/video/BV1SG411q71H
909,梗指南,2024-01-05,冷门歌手,lěng mén gē shǒu,leng men ge shou,02:14,BV1bT4y1H7iC,【梗指南】冷门歌手是什么梗,https://www.bilibili.com/video/BV1bT4y1H7iC
910,梗指南,2024-01-04,南方小土豆,nán fāng xiǎo tǔ dòu,nan fang xiao tu dou,02:34,BV1Mc41187QD,南方小土豆是什么梗【梗指南】,https://www.bilibili.com/video/BV1Mc41187QD
911,梗指南,2024-01-02,金牌讲师,jīn pái jiǎng shī,jin pai jiang shi,02:25,BV14G411z76p,金牌讲师是什么梗【梗指南】,https://www.bilibili.com/video/BV14G411z76p
912,梗百科,2024-01-02,钵~钵鸡,bō ~ bō jī,bo ~ bo ji,01:43,BV1Zg4y1S74t,【梗百科】钵~钵鸡是啥梗？赛博朋克2077的钵钵鸡又是啥梗？,https://www.bilibili.com/video/BV1Zg4y1S74t
913,梗百科,2024-01-01,我们的配音是情侣吗？年度梗总结在结尾,wǒ men de pèi yīn shì qíng lǚ ma ？ nián dù gěng zǒng jié zài jié wěi,wo men de pei yin shi qing lv ma ？ nian du geng zong jie zai jie wei,09:23,BV1bp4y1R7qW,【梗百科】我们的配音是情侣吗？年度梗总结在结尾～,https://www.bilibili.com/video/BV1bp4y1R7qW
914,梗百科,2023-12-31,狼王跳舞,láng wáng tiào wǔ,lang wang tiao wu,03:16,BV1Ma4y1q7Hb,【梗百科】狼王跳舞是啥梗？一直念叨的妮可妮妮是啥意思呢？,https://www.bilibili.com/video/BV1Ma4y1q7Hb
915,梗指南,2023-12-31,三次元桂乃芬,sān cì yuán guì nǎi fēn,san ci yuan gui nai fen,02:32,BV1NN4y1B7jf,三次元桂乃芬是什么梗【梗指南】,https://www.bilibili.com/video/BV1NN4y1B7jf
916,梗指南,2023-12-30,跨年段子大赏,kuà nián duàn zi dà shǎng,kua nian duan zi da shang,02:37,BV1Re411q7si,跨 年 段 子 大 赏【梗指南】,https://www.bilibili.com/video/BV1Re411q7si
917,梗百科,2023-12-28,染上xx和古埃及掌管xx的神,rǎn shàng xx hé gǔ āi jí zhǎng guǎn xx de shén,ran shang xx he gu ai ji zhang guan xx de shen,03:30,BV1tN4y1x7NK,【梗百科】染上xx和古埃及掌管xx的神是啥梗？,https://www.bilibili.com/video/BV1tN4y1x7NK
918,梗指南,2023-12-28,你染上XX了,nǐ rǎn shàng XX le,ni ran shang XX le,03:16,BV11a4y1B7Jr,你染上XX了是什么梗【梗指南】,https://www.bilibili.com/video/BV11a4y1B7Jr
919,梗百科,2023-12-26,超烦蜘蛛侠,chāo fán zhī zhū xiá,chao fan zhi zhu xia,02:03,BV1zi4y1h7wD,【梗百科】超烦蜘蛛侠是啥梗？有你这么玩的？,https://www.bilibili.com/video/BV1zi4y1h7wD
920,梗指南,2023-12-25,2023热梗年度总结,2023 rè gěng nián dù zǒng jié,2023 re geng nian du zong jie,14:47,BV1De411z74R,2 0 2 3 热 梗 年 度 总 结【梗指南】,https://www.bilibili.com/video/BV1De411z74R
921,梗百科,2023-12-25,解冻刘德华,jiě dòng liú dé huá,jie dong liu de hua,02:01,BV1Qe411z7bi,【梗百科】解冻刘德华是啥梗？,https://www.bilibili.com/video/BV1Qe411z7bi
922,梗指南,2023-12-23,被知识侵犯,bèi zhī shí qīn fàn,bei zhi shi qin fan,01:32,BV1xg4y1y7BS,被知识侵犯是什么梗【梗指南】,https://www.bilibili.com/video/BV1xg4y1y7BS
923,梗指南,2023-12-22,人人都在爆发的S属性是什么东西,rén rén dōu zài bào fā de S shǔ xìng shì shén me dōng xī,ren ren dou zai bao fa de S shu xing shi shen me dong xi,10:34,BV1dQ4y1M7jd,人人都在爆发的S属性是什么东西？【年度梗指南】,https://www.bilibili.com/video/BV1dQ4y1M7jd
924,梗百科,2023-12-22,丁胖子金牌讲师,dīng pàng zi jīn pái jiǎng shī,ding pang zi jin pai jiang shi,02:30,BV1sp4y1Z7kr,【梗百科】丁胖子金牌讲师是啥梗？美式要饭？又要到饭了，兄弟们！？,https://www.bilibili.com/video/BV1sp4y1Z7kr
925,梗指南,2023-12-21,16种人格真的能概括70亿人吗,16 zhǒng rén gé zhēn de néng gài kuò 70 yì rén ma,16 zhong ren ge zhen de neng gai kuo 70 yi ren ma,06:43,BV1N94y1w78f,16种人格真的能概括70亿人吗？【年度梗指南】,https://www.bilibili.com/video/BV1N94y1w78f
926,梗指南,2023-12-21,科目三还是极乐净土？年度之舞是,kē mù sān hái shì jí lè jìng tǔ ？ nián dù zhī wǔ shì,ke mu san hai shi ji le jing tu ？ nian du zhi wu shi,03:24,BV1Le411r7md,科目三还是极乐净土？年度之舞是……【年度梗指南】,https://www.bilibili.com/video/BV1Le411r7md
927,梗指南,2023-12-20,恐龙到底能不能扛狼,kǒng lóng dào dǐ néng bù néng káng láng,kong long dao di neng bu neng kang lang,06:36,BV1EC4y1S7vg,恐龙到底能不能扛狼？【年度梗指南】,https://www.bilibili.com/video/BV1EC4y1S7vg
928,梗百科,2023-12-20,AI尽头是宇宙,AI jìn tóu shì yǔ zhòu,AI jin tou shi yu zhou,01:44,BV1he411b7Eg,【梗百科】AI尽头是宇宙是啥梗？,https://www.bilibili.com/video/BV1he411b7Eg
929,梗指南,2023-12-20,九转大肠为什么用的是猪大肠,jiǔ zhuǎn dà cháng wèi shén me yòng de shì zhū dà cháng,jiu zhuan da chang wei shen me yong de shi zhu da chang,05:59,BV1ii4y1e7rt,九转大肠为什么用的是猪大肠？【年度梗指南】,https://www.bilibili.com/video/BV1ii4y1e7rt
930,梗百科,2023-12-19,外网音乐梗合集！听到口哨声就会有一个男人出现,wài wǎng yīn yuè gěng hé jí ！ tīng dào kǒu shào shēng jiù huì yǒu yí gè nán rén chū xiàn,wai wang yin yue geng he ji ！ ting dao kou shao sheng jiu hui you yi ge nan ren chu xian,05:51,BV1Uc411m7We,【梗百科】外网音乐梗合集！听到口哨声就会有一个男人出现是啥梗？,https://www.bilibili.com/video/BV1Uc411m7We
931,梗百科,2023-12-18,大叔刷爆朋友圈,dà shū shuā bào péng yǒu quān,da shu shua bao peng you quan,01:02,BV1SC4y1Q7o4,【梗百科】大叔刷爆朋友圈是咋回事？闻神又是啥？,https://www.bilibili.com/video/BV1SC4y1Q7o4
932,梗指南,2023-12-18,闻会军是谁？竟一夜之间刷爆朋友圈,wén huì jūn shì shuí ？ jìng yī yè zhī jiān shuā bào péng yǒu quān,wen hui jun shi shui ？ jing yi ye zhi jian shua bao peng you quan,02:40,BV1Kg4y1C7Bj,闻会军是谁？竟一夜之间刷爆朋友圈【梗指南】,https://www.bilibili.com/video/BV1Kg4y1C7Bj
933,梗指南,2023-12-16,返场八一式阿波罗,fǎn chǎng bā yī shì ā bō luó,fan chang ba yi shi a bo luo,01:55,BV1zN4y1h7mG,返场八一式阿波罗是什么梗【梗指南】,https://www.bilibili.com/video/BV1zN4y1h7mG
934,梗指南,2023-12-15,战斗！爽,zhàn dòu ！ shuǎng,zhan dou ！ shuang,01:43,BV1Mi4y1e7k5,战斗！爽！是什么梗【梗指南】,https://www.bilibili.com/video/BV1Mi4y1e7k5
935,梗百科,2023-12-15,阿米诺斯,ā mǐ nuò sī,a mi nuo si,01:04,BV12e411k75S,【梗百科】阿米诺斯是啥梗？这下听懂了…,https://www.bilibili.com/video/BV12e411k75S
936,梗百科,2023-12-14,大——声——发,dà —— shēng —— fā,da —— sheng —— fa,03:17,BV1Z64y1G7jp,【梗百科】大——声——发——是啥梗？,https://www.bilibili.com/video/BV1Z64y1G7jp
937,梗百科,2023-12-14,猫猫对话,māo māo duì huà,mao mao dui hua,01:58,BV1qu4y1u7q9,【梗百科】猫猫对话是啥梗？我要吃馄饨，辣辣滴？,https://www.bilibili.com/video/BV1qu4y1u7q9
938,梗百科,2023-12-12,大方承认吧！您最爱的游戏,dà fāng chéng rèn ba ！ nín zuì ài de yóu xì,da fang cheng ren ba ！ nin zui ai de you xi,01:32,BV1Qe411y7Ka,【梗百科】大方承认吧！您最爱的游戏是啥梗？,https://www.bilibili.com/video/BV1Qe411y7Ka
939,梗指南,2023-12-12,大声发,dà shēng fā,da sheng fa,02:31,BV1LQ4y1G7vx,大声发是什么梗【梗指南】,https://www.bilibili.com/video/BV1LQ4y1G7vx
940,梗百科,2023-12-11,完蛋，我被RO玩家包围啦,wán dàn ， wǒ bèi RO wán jiā bāo wéi la,wan dan ， wo bei RO wan jia bao wei la,01:50,BV1Ja4y197je,【梗百科】完蛋，我被RO玩家包围啦是咋回事？,https://www.bilibili.com/video/BV1Ja4y197je
941,梗指南,2023-12-11,迪士尼法务部,dí shì ní fǎ wù bù,di shi ni fa wu bu,01:49,BV1Lb4y1j7JD,【梗指南】迪士尼法务部是什么梗,https://www.bilibili.com/video/BV1Lb4y1j7JD
942,梗指南,2023-12-10,忆昔当年泪不干,yì xī dāng nián lèi bù gàn,yi xi dang nian lei bu gan,02:29,BV1ea4y197KU,忆昔当年泪不干是什么梗【梗指南】,https://www.bilibili.com/video/BV1ea4y197KU
943,梗指南,2023-12-08,乐坛翟天临,yuè tán dí tiān lín,yue tan di tian lin,03:02,BV13i4y1v7wa,乐坛翟天临是什么梗【梗指南】,https://www.bilibili.com/video/BV13i4y1v7wa
944,梗百科,2023-12-07,赛博灯泡,sài bó dēng pào,sai bo deng pao,01:00,BV1Sg4y1o7ht,【梗百科】赛博灯泡是啥梗？,https://www.bilibili.com/video/BV1Sg4y1o7ht
945,梗百科,2023-12-05,饺子饺子子饺饺子？饺子！饺子,jiǎo zi jiǎo zi zi jiǎo jiǎo zi ？ jiǎo zi ！ jiǎo zi,jiao zi jiao zi zi jiao jiao zi ？ jiao zi ！ jiao zi,01:52,BV1zG411v7N6,【梗百科】饺子饺子子饺饺子？饺子！饺子？,https://www.bilibili.com/video/BV1zG411v7N6
946,梗指南,2023-12-05,皮卡堂文学,pí kǎ táng wén xué,pi ka tang wen xue,02:31,BV1FC4y1w7AV,【梗指南】皮卡堂文学是什么梗,https://www.bilibili.com/video/BV1FC4y1w7AV
947,梗百科,2023-12-05,还有高手,hái yǒu gāo shǒu,hai you gao shou,01:08,BV1vu4y137GD,【梗百科】还有高手？是啥梗？,https://www.bilibili.com/video/BV1vu4y137GD
948,梗百科,2023-12-04,少萝,shǎo luó,shao luo,02:24,BV1nM411d7eC,【梗百科】少萝是啥玩意？,https://www.bilibili.com/video/BV1nM411d7eC
949,梗指南,2023-12-03,赛博灯泡,sài bó dēng pào,sai bo deng pao,01:44,BV1YC4y1c7vb,赛博灯泡是什么梗【梗指南】,https://www.bilibili.com/video/BV1YC4y1c7vb
950,梗指南,2023-12-01,齿轮骑士,chǐ lún qí shì,chi lun qi shi,02:15,BV1934y1F71b,【梗指南】齿轮骑士是什么梗,https://www.bilibili.com/video/BV1934y1F71b
951,梗百科,2023-12-01,爆火外网的致命公司有,bào huǒ wài wǎng de zhì mìng gōng sī yǒu,bao huo wai wang de zhi ming gong si you,05:21,BV1Aj411j7WZ,【梗百科】爆火外网的致命公司有啥梗？让人一边尖叫一边大笑的游戏！？,https://www.bilibili.com/video/BV1Aj411j7WZ
952,梗指南,2023-11-30,极品少萝,jí pǐn shǎo luó,ji pin shao luo,01:37,BV1zC4y1y7AK,极品少萝是什么梗【梗指南】,https://www.bilibili.com/video/BV1zC4y1y7AK
953,梗百科,2023-11-30,不要小看我的情报网,bú yào xiǎo kàn wǒ de qíng bào wǎng,bu yao xiao kan wo de qing bao wang,01:51,BV1yC4y1y7qu,【梗百科】不要小看我的情报网是啥梗？居然和牌佬共鸣了？！,https://www.bilibili.com/video/BV1yC4y1y7qu
954,梗百科,2023-11-29,吗喽,ma lóu,ma lou,01:26,BV19w41187aE,【梗百科】吗喽是啥梗？,https://www.bilibili.com/video/BV19w41187aE
955,梗指南,2023-11-27,连一刻也没有为XX哀悼,lián yī kè yě méi yǒu wèi XX āi dào,lian yi ke ye mei you wei XX ai dao,01:17,BV1Xc411D7RS,连一刻也没有为XX哀悼是什么梗【梗指南】,https://www.bilibili.com/video/BV1Xc411D7RS
956,梗百科,2023-11-27,断头台阿乌拉,duàn tóu tái ā wū lā,duan tou tai a wu la,02:40,BV1tj411L7Xa,【梗百科】断头台阿乌拉是啥梗？,https://www.bilibili.com/video/BV1tj411L7Xa
957,梗指南,2023-11-25,吗喽,ma lóu,ma lou,01:44,BV1Y94y1J7qh,吗喽是什么梗【梗指南】,https://www.bilibili.com/video/BV1Y94y1J7qh
958,梗百科,2023-11-25,高校评分,gāo xiào píng fēn,gao xiao ping fen,01:30,BV1rj41177PT,【梗百科】高校评分是啥梗？虎扑怎么什么都能评！？,https://www.bilibili.com/video/BV1rj41177PT
959,梗百科,2023-11-23,原来那位战棋老前辈也有梗啊,yuán lái nà wèi zhàn qí lǎo qián bèi yě yǒu gěng a,yuan lai na wei zhan qi lao qian bei ye you geng a,04:15,BV19Q4y147Qn,【梗百科】原来那位战棋老前辈也有梗啊？,https://www.bilibili.com/video/BV19Q4y147Qn
960,梗百科,2023-11-22,刚满十八岁,gāng mǎn shí bā suì,gang man shi ba sui,01:35,BV1bj411J73H,【梗百科】刚满十八岁是啥梗？外国人以为我们喜欢“娃娃音”？！,https://www.bilibili.com/video/BV1bj411J73H
961,梗指南,2023-11-21,唐妞不等式,táng niū bù děng shì,tang niu bu deng shi,01:54,BV1yQ4y1b77a,唐妞不等式是什么梗【梗指南】,https://www.bilibili.com/video/BV1yQ4y1b77a
962,梗百科,2023-11-21,麦克阿瑟,mài kè ā sè,mai ke a se,03:56,BV1fb4y1M78p,【梗百科】麦克阿瑟是啥梗？,https://www.bilibili.com/video/BV1fb4y1M78p
963,梗指南,2023-11-19,刘青松圣经,liú qīng sōng shèng jīng,liu qing song sheng jing,01:35,BV1GG411D7qk,刘青松圣经是什么梗【梗指南】,https://www.bilibili.com/video/BV1GG411D7qk
964,梗百科,2023-11-19,内向父女,nèi xiàng fù nǚ,nei xiang fu nv,01:26,BV1bu411F7Yc,【梗百科】内向父女是啥梗？短短时间竟有如此变化！？,https://www.bilibili.com/video/BV1bu411F7Yc
965,梗指南,2023-11-18,东北儿歌,dōng běi ér gē,dong bei er ge,01:58,BV17H4y1q7E6,东北儿歌是什么梗【梗指南】,https://www.bilibili.com/video/BV17H4y1q7E6
966,梗百科,2023-11-18,外网也黑五条悟？会赢哦迎来改图热潮,wài wǎng yě hēi wǔ tiáo wù ？ huì yíng ó yíng lái gǎi tú rè cháo,wai wang ye hei wu tiao wu ？ hui ying o ying lai gai tu re chao,01:16,BV1z34y1c7Ag,【梗百科】外网也黑五条悟？会赢哦迎来改图热潮？！,https://www.bilibili.com/video/BV1z34y1c7Ag
967,梗指南,2023-11-16,瑶瑶领先,yáo yáo lǐng xiān,yao yao ling xian,01:39,BV16u4y1A7nZ,瑶瑶领先是什么梗【梗指南】,https://www.bilibili.com/video/BV16u4y1A7nZ
968,梗百科,2023-11-15,群里老发的小可爱表情包出自哪？这Chiikawa是个啥,qún lǐ lǎo fā de xiǎo kě ài biǎo qíng bāo chū zì nǎ ？ zhè Chiikawa shì gè shá,qun li lao fa de xiao ke ai biao qing bao chu zi na ？ zhe Chiikawa shi ge sha,02:56,BV1fw411W7kb,【梗百科】群里老发的小可爱表情包出自哪？这Chiikawa是个啥？！,https://www.bilibili.com/video/BV1fw411W7kb
969,梗指南,2023-11-15,刚满18岁,gāng mǎn 18 suì,gang man 18 sui,01:48,BV1BQ4y1t7fQ,刚满18岁是什么梗【梗指南】,https://www.bilibili.com/video/BV1BQ4y1t7fQ
970,梗指南,2023-11-13,震惊张艺谋,zhèn jīng zhāng yì móu,zhen jing zhang yi mou,02:46,BV1Gg4y1Q7bf,震惊张艺谋是什么梗【梗指南】,https://www.bilibili.com/video/BV1Gg4y1Q7bf
971,梗百科,2023-11-13,科目三,kē mù sān,ke mu san,02:21,BV12u4y1t7V4,【梗百科】科目三是啥梗？外国人听了也一起摇！？,https://www.bilibili.com/video/BV12u4y1t7V4
972,梗指南,2023-11-10,稀世珍宝,xī shì zhēn bǎo,xi shi zhen bao,01:36,BV1RN411g7kb,稀世珍宝是什么梗【梗指南】,https://www.bilibili.com/video/BV1RN411g7kb
973,梗百科,2023-11-10,精忠报国,jīng zhōng bào guó,jing zhong bao guo,01:35,BV17c411R7LQ,【梗百科】精忠报国是啥梗？和忠！诚！又有啥关系？,https://www.bilibili.com/video/BV17c411R7LQ
974,梗指南,2023-11-09,这框真帅吧,zhè kuāng zhēn shuài ba,zhe kuang zhen shuai ba,03:04,BV1NG411Q7eU,这框真帅吧是什么梗【梗指南】,https://www.bilibili.com/video/BV1NG411Q7eU
975,梗百科,2023-11-09,稀~世~珍~宝,xī ~ shì ~ zhēn ~ bǎo,xi ~ shi ~ zhen ~ bao,01:36,BV1Ea4y1Q7YX,【梗百科】稀~世~珍~宝~是啥梗？,https://www.bilibili.com/video/BV1Ea4y1Q7YX
976,梗指南,2023-11-08,家长文学,jiā zhǎng wén xué,jia zhang wen xue,02:28,BV1Du4y1876h,【梗指南】家长文学是什么梗,https://www.bilibili.com/video/BV1Du4y1876h
977,梗百科,2023-11-08,菜就多练,cài jiù duō liàn,cai jiu duo lian,02:55,BV1sG411Q7gx,【梗百科】菜就多练是啥梗？,https://www.bilibili.com/video/BV1sG411Q7gx
978,梗指南,2023-11-06,精忠报国,jīng zhōng bào guó,jing zhong bao guo,02:29,BV11y4y1c78g,精忠报国是什么梗【梗指南】,https://www.bilibili.com/video/BV11y4y1c78g
979,梗百科,2023-11-06,计划有变XXXX,jì huà yǒu biàn XXXX,ji hua you bian XXXX,01:40,BV1pw411s7sV,【梗百科】计划有变XXXX是啥梗？,https://www.bilibili.com/video/BV1pw411s7sV
980,梗指南,2023-11-05,菜就多练,cài jiù duō liàn,cai jiu duo lian,02:23,BV1Ra4y1D7Uv,菜就多练是什么梗【梗指南】,https://www.bilibili.com/video/BV1Ra4y1D7Uv
981,梗指南,2023-11-03,58同城哥,58 tóng chéng gē,58 tong cheng ge,01:40,BV1hM411Q75n,58同城哥是什么梗【梗指南】,https://www.bilibili.com/video/BV1hM411Q75n
982,梗指南,2023-11-02,冒充职业选手,mào chōng zhí yè xuǎn shǒu,mao chong zhi ye xuan shou,01:23,BV1BG411X75r,冒充职业选手是什么梗【梗指南】,https://www.bilibili.com/video/BV1BG411X75r
983,梗百科,2023-11-02,浩浩不能没有爸爸,hào hào bù néng méi yǒu bà bà,hao hao bu neng mei you ba ba,02:50,BV1Mc411o7db,【梗百科】浩浩不能没有爸爸是啥梗？这就是国产“科幻”游戏吗？,https://www.bilibili.com/video/BV1Mc411o7db
984,梗指南,2023-11-01,万梗节,wàn gěng jié,wan geng jie,01:51,BV1MN4y1r7Jy,万梗节是什么梗【梗指南】,https://www.bilibili.com/video/BV1MN4y1r7Jy
985,梗百科,2023-11-01,汗流浃背了吧老弟,hàn liú jiā bèi le ba lǎo dì,han liu jia bei le ba lao di,01:21,BV1zH4y1z7NP,【梗百科】汗流浃背了吧老弟是啥梗？摇摆拳法又是什么？,https://www.bilibili.com/video/BV1zH4y1z7NP
986,梗指南,2023-10-31,当代华佗,dāng dài huà tuó,dang dai hua tuo,02:06,BV1Ty4y1c7rW,当代华佗是什么梗【梗指南】,https://www.bilibili.com/video/BV1Ty4y1c7rW
987,梗指南,2023-10-30,吕布骑狗,lǚ bù qí gǒu,lv bu qi gou,01:53,BV18y4y1A7yp,【梗指南】吕布骑狗是什么梗,https://www.bilibili.com/video/BV18y4y1A7yp
988,梗指南,2023-10-29,骡马假日,luó mǎ jià rì,luo ma jia ri,01:36,BV1zB4y1d7ze,骡马假日是什么梗【梗指南】,https://www.bilibili.com/video/BV1zB4y1d7ze
989,梗指南,2023-10-28,导员破防曲,dǎo yuán pò fáng qū,dao yuan po fang qu,03:02,BV1X84y1R7f5,【梗指南】导员破防曲是什么梗,https://www.bilibili.com/video/BV1X84y1R7f5
990,梗百科,2023-10-28,神奇数字马戏团有,shén qí shù zì mǎ xì tuán yǒu,shen qi shu zi ma xi tuan you,02:58,BV1kc411Z7wx,【梗百科】神奇数字马戏团有啥梗？认清现实の小曲出自这里！,https://www.bilibili.com/video/BV1kc411Z7wx
991,梗百科,2023-10-27,😨震惊张艺谋,😨 zhèn jīng zhāng yì móu,😨 zhen jing zhang yi mou,03:29,BV1aC4y1n7Wk,【梗百科】😨震惊张艺谋是啥梗？老戏骨了（指自己）？！,https://www.bilibili.com/video/BV1aC4y1n7Wk
992,梗指南,2023-10-26,jiafei,jiafei,jiafei,03:20,BV1dw411B7BY,jiafei是什么梗【梗指南】,https://www.bilibili.com/video/BV1dw411B7BY
993,梗指南,2023-10-25,双11省学,shuāng 11 shěng xué,shuang 11 sheng xue,02:36,BV1S94y1L7BP,【梗指南】双11省学是什么梗,https://www.bilibili.com/video/BV1S94y1L7BP
994,梗指南,2023-10-24,省钱侠,shěng qián xiá,sheng qian xia,02:07,BV1nu4y1n7Fg,省钱侠是什么梗【梗指南】,https://www.bilibili.com/video/BV1nu4y1n7Fg
995,梗指南,2023-10-23,我不吃牛肉,wǒ bù chī niú ròu,wo bu chi niu rou,03:28,BV1vu4y1a72J,我不吃牛肉是什么梗【梗指南】,https://www.bilibili.com/video/BV1vu4y1a72J
996,梗百科,2023-10-23,加油啊，1000星琼,jiā yóu a ，1000 xīng qióng,jia you a ，1000 xing qiong,01:26,BV1He411d7YJ,【梗百科】加油啊，1000星琼是啥梗？星穹德比又是怎么回事？,https://www.bilibili.com/video/BV1He411d7YJ
997,梗百科,2023-10-20,我不吃牛肉,wǒ bù chī niú ròu,wo bu chi niu rou,03:48,BV1AN4y1y7Ku,【梗百科】我不吃牛肉是啥梗？这样的民国军少你喜欢吗？,https://www.bilibili.com/video/BV1AN4y1y7Ku
998,梗指南,2023-10-18,OOTD,OOTD,OOTD,01:29,BV1Pp4y1M7Pw,OOTD是什么梗【梗指南】,https://www.bilibili.com/video/BV1Pp4y1M7Pw
999,梗百科,2023-10-18,夜神月推行实名制,yè shén yuè tuī xíng shí míng zhì,ye shen yue tui xing shi ming zhi,02:04,BV1Mj41147Uk,【梗百科】夜神月推行实名制是啥梗？,https://www.bilibili.com/video/BV1Mj41147Uk
1000,梗指南,2023-10-15,Huh猫和吐舌羊,Huh māo hé tǔ shé yáng,Huh mao he tu she yang,02:11,BV1kH4y1R76H,Huh猫和吐舌羊是什么梗【梗指南】,https://www.bilibili.com/video/BV1kH4y1R76H
1001,梗百科,2023-10-15,佛山电翰,fó shān diàn hàn,fo shan dian han,02:18,BV1FH4y1d7EV,【梗百科】佛山电翰是啥梗？,https://www.bilibili.com/video/BV1FH4y1d7EV
1002,梗指南,2023-10-13,完颜慧德、拱出去、笑拥了,wán yán huì dé 、 gǒng chū qù 、 xiào yōng le,wan yan hui de 、 gong chu qu 、 xiao yong le,02:52,BV1Ay4y1N7Ln,完颜慧德、拱出去、笑拥了是什么梗【梗指南】,https://www.bilibili.com/video/BV1Ay4y1N7Ln
1003,梗指南,2023-10-12,CF领先十年,CF lǐng xiān shí nián,CF ling xian shi nian,01:48,BV13w411c7rH,CF领先十年是什么梗【梗指南】,https://www.bilibili.com/video/BV13w411c7rH
1004,梗百科,2023-10-12,CS2的bug成了梗？这下被CF领先了,CS2 de bug chéng le gěng ？ zhè xià bèi CF lǐng xiān le,CS2 de bug cheng le geng ？ zhe xia bei CF ling xian le,01:44,BV1Vp4y1u73Z,【梗百科】CS2的bug成了梗？这下被CF领先了？！！,https://www.bilibili.com/video/BV1Vp4y1u73Z
1005,梗指南,2023-10-11,佛山电翰,fó shān diàn hàn,fo shan dian han,02:01,BV1Ph4y1z7xP,佛山电翰是什么梗【梗指南】,https://www.bilibili.com/video/BV1Ph4y1z7xP
1006,梗百科,2023-10-11,Huh猫,Huh māo,Huh mao,02:29,BV1u34y1G7zq,【梗百科】Huh猫是啥梗？吐舌羊和疑惑猫？！！,https://www.bilibili.com/video/BV1u34y1G7zq
1007,梗指南,2023-10-10,赌狗快摇,dǔ gǒu kuài yáo,du gou kuai yao,01:36,BV1TC4y1G7PH,赌狗快摇是什么梗【梗指南】,https://www.bilibili.com/video/BV1TC4y1G7PH
1008,梗百科,2023-10-10,伊藤诚：我没意见,yī téng chéng ： wǒ méi yì jiàn,yi teng cheng ： wo mei yi jian,01:38,BV1fw411w7wM,【梗百科】伊藤诚：我没意见是啥梗？,https://www.bilibili.com/video/BV1fw411w7wM
1009,梗百科,2023-10-09,鳄鱼VS黑人,è yú VS hēi rén,e yu VS hei ren,01:47,BV13w411r7gK,【梗百科】鳄鱼VS黑人是啥梗？为什么这黑哥们在踢鳄鱼？,https://www.bilibili.com/video/BV13w411r7gK
1010,梗指南,2023-10-08,i人e人,i rén e rén,i ren e ren,01:47,BV19w411w7pA,i人e人是什么梗【梗指南】,https://www.bilibili.com/video/BV19w411w7pA
1011,梗百科,2023-10-08,坐杀博徒,zuò shā bó tú,zuo sha bo tu,01:55,BV1Ru411M7vC,【梗百科】坐杀博徒是啥梗？又来一个赌狗摇？！,https://www.bilibili.com/video/BV1Ru411M7vC
1012,梗百科,2023-10-07,萝莉摇,luó lì yáo,luo li yao,02:08,BV1vh4y1B75J,【梗百科】萝莉摇是啥梗？萝莉神降临？！,https://www.bilibili.com/video/BV1vh4y1B75J
1013,梗百科,2023-10-06,四金一铜,sì jīn yī tóng,si jin yi tong,02:51,BV1e34y1V7sU,【梗百科】四金一铜是啥梗？,https://www.bilibili.com/video/BV1e34y1V7sU
1014,梗指南,2023-10-06,哦嗨哟学妹,ó hāi yō xué mèi,o hai yo xue mei,01:47,BV13C4y1Z7sB,哦嗨哟学妹是什么梗【梗指南】,https://www.bilibili.com/video/BV13C4y1Z7sB
1015,梗百科,2023-10-06,乡村海贼王,xiāng cūn hǎi zéi wáng,xiang cun hai zei wang,02:34,BV1M34y137wA,【梗百科】乡村海贼王是啥梗？日照索隆？狗眼米霍克？,https://www.bilibili.com/video/BV1M34y137wA
1016,梗百科,2023-10-05,被外网捧杀的神乐槌,bèi wài wǎng pěng shā de shén lè chuí,bei wai wang peng sha de shen le chui,01:58,BV1mC4y1L7VW,【梗百科】被外网捧杀的神乐槌是啥梗？拳打龙珠脚踢火影？！,https://www.bilibili.com/video/BV1mC4y1L7VW
1017,梗指南,2023-10-04,四金一铜,sì jīn yī tóng,si jin yi tong,02:00,BV1P34y137EV,四金一铜是什么梗【梗指南】,https://www.bilibili.com/video/BV1P34y137EV
1018,梗指南,2023-10-03,逃吧挚爱,táo ba zhì ài,tao ba zhi ai,01:41,BV1Rw41117Wc,逃吧挚爱是什么梗【梗指南】,https://www.bilibili.com/video/BV1Rw41117Wc
1019,梗百科,2023-10-03,危险”萝卜刀,wēi xiǎn ” luó bo dāo,wei xian ” luo bo dao,02:26,BV168411C7tU,【梗百科】“危险”萝卜刀是咋回事？出处原来是这里？,https://www.bilibili.com/video/BV168411C7tU
1020,梗指南,2023-10-02,花少北落水,huā shǎo běi luò shuǐ,hua shao bei luo shui,01:52,BV1oF41117wH,【梗指南】花少北落水是什么梗,https://www.bilibili.com/video/BV1oF41117wH
1021,梗百科,2023-10-01,你现在开心了吧,nǐ xiàn zài kāi xīn le ba,ni xian zai kai xin le ba,02:22,BV1tB4y1f7Ji,【梗百科】你现在开心了吧是啥梗？,https://www.bilibili.com/video/BV1tB4y1f7Ji
1022,梗指南,2023-09-30,3+7=8,3+7=8,3+7=8,01:43,BV1uC4y1o7wk,3+7=8是什么意思【梗指南】,https://www.bilibili.com/video/BV1uC4y1o7wk
1023,梗百科,2023-09-29,麦当劳引起的外网骂战梗？这也要政治正确,mài dāng láo yǐn qǐ de wài wǎng mà zhàn gěng ？ zhè yě yào zhèng zhì zhèng què,mai dang lao yin qi de wai wang ma zhan geng ？ zhe ye yao zheng zhi zheng que,02:01,BV138411C7Vr,【梗百科】麦当劳引起的外网骂战梗？这也要政治正确？！,https://www.bilibili.com/video/BV138411C7Vr
1024,梗指南,2023-09-28,乌蒙山连着山外山,wū méng shān lián zhe shān wài shān,wu meng shan lian zhe shan wai shan,02:35,BV1Dw411Y7FM,乌蒙山连着山外山是什么梗【梗指南】,https://www.bilibili.com/video/BV1Dw411Y7FM
1025,梗百科,2023-09-28,nerd,nerd,nerd,03:28,BV1aH4y1U7nC,【梗百科】nerd是啥梗？🤓事实上...,https://www.bilibili.com/video/BV1aH4y1U7nC
1026,梗百科,2023-09-27,I人和E人,I rén hé E rén,I ren he E ren,01:58,BV1HF411m7fj,【梗百科】I人和E人是啥梗？,https://www.bilibili.com/video/BV1HF411m7fj
1027,梗指南,2023-09-26,稳了都稳了，跟上暴叔的节奏,wěn le dōu wěn le ， gēn shàng bào shū de jié zòu,wen le dou wen le ， gen shang bao shu de jie zou,02:19,BV1LC4y1f77F,【梗指南】稳了都稳了，跟上暴叔的节奏是什么梗,https://www.bilibili.com/video/BV1LC4y1f77F
1028,梗百科,2023-09-26,蓝精灵猫,lán jīng líng māo,lan jing ling mao,02:44,BV1ir4y1f78w,【梗百科】蓝精灵猫是啥梗？外国人都整不明白的外网梗？！！,https://www.bilibili.com/video/BV1ir4y1f78w
1029,梗指南,2023-09-25,三国杀XX,sān guó shā XX,san guo sha XX,01:24,BV1pN411n7A2,三国杀XX是什么梗【梗指南】,https://www.bilibili.com/video/BV1pN411n7A2
1030,梗百科,2023-09-24,帮帮我！XX先生,bāng bāng wǒ ！XX xiān shēng,bang bang wo ！XX xian sheng,02:23,BV14C4y1Z7sQ,【梗百科】帮帮我！XX先生是啥梗？,https://www.bilibili.com/video/BV14C4y1Z7sQ
1031,梗指南,2023-09-23,2.5条悟,2.5 tiáo wù,2.5 tiao wu,02:02,BV1gk4y1c7aL,2.5条悟是什么梗【梗指南】,https://www.bilibili.com/video/BV1gk4y1c7aL
1032,梗百科,2023-09-23,墨西哥外星人,mò xī gē wài xīng rén,mo xi ge wai xing ren,01:52,BV1au411g7LL,【梗百科】墨西哥外星人是啥梗？这什么刻板外星人形象？！,https://www.bilibili.com/video/BV1au411g7LL
1033,梗百科,2023-09-22,2.5条悟,2.5 tiáo wù,2.5 tiao wu,02:48,BV1WH4y1m78E,【梗百科】2.5条悟是啥梗？连一刻都没有为五条悟的死亡哀悼，立刻赶到战场的是？,https://www.bilibili.com/video/BV1WH4y1m78E
1034,梗指南,2023-09-21,14发滋崩,14 fā zī bēng,14 fa zi beng,02:24,BV1f34y1P7Jz,【梗指南】14发滋崩是什么梗,https://www.bilibili.com/video/BV1f34y1P7Jz
1035,梗指南,2023-09-20,左眼忘记你右眼记住你,zuǒ yǎn wàng jì nǐ yòu yǎn jì zhù nǐ,zuo yan wang ji ni you yan ji zhu ni,02:34,BV1PF411S7UF,左眼忘记你右眼记住你是什么梗【梗指南】,https://www.bilibili.com/video/BV1PF411S7UF
1036,梗百科,2023-09-20,奢香夫人,shē xiāng fū rén,she xiang fu ren,02:17,BV15V411A7Qg,【梗百科】奢香夫人是啥梗？乌！蒙！山！连！着！山！外！山！！,https://www.bilibili.com/video/BV15V411A7Qg
1037,梗指南,2023-09-19,刘德华为什么很少演反派,liú dé huá wèi shén me hěn shǎo yǎn fǎn pài,liu de hua wei shen me hen shao yan fan pai,01:45,BV1Uj411k7SF,刘德华为什么很少演反派是什么梗【梗指南】,https://www.bilibili.com/video/BV1Uj411k7SF
1038,梗百科,2023-09-18,第一舞见葵葵,dì yī wǔ jiàn kuí kuí,di yi wu jian kui kui,02:50,BV138411v7i1,【梗百科】第一舞见葵葵是啥梗？,https://www.bilibili.com/video/BV138411v7i1
1039,梗百科,2023-09-17,Red Flags,Red Flags,Red Flags,03:37,BV19C4y1f77T,【梗百科】Red Flags是啥梗？约会却碰到变态对象？！！,https://www.bilibili.com/video/BV19C4y1f77T
1040,梗百科,2023-09-15,我需要更多子弹,wǒ xū yào gèng duō zǐ dàn,wo xu yao geng duo zi dan,02:52,BV1cu4y1r7uh,【梗百科】我需要更多子弹是啥梗？外网火爆的电臀老哥？！,https://www.bilibili.com/video/BV1cu4y1r7uh
1041,梗指南,2023-09-15,one more thing,one more thing,one more thing,02:16,BV1994y1W7sS,【梗指南】one more thing是什么梗,https://www.bilibili.com/video/BV1994y1W7sS
1042,梗指南,2023-09-14,哪里贵了,nǎ lǐ guì le,na li gui le,02:44,BV1uk4y1w7Dz,哪里贵了是什么梗【梗指南】,https://www.bilibili.com/video/BV1uk4y1w7Dz
1043,梗百科,2023-09-13,美式男,měi shì nán,mei shi nan,02:46,BV1B34y1K7Pj,【梗百科】美式男是啥梗？美式宇宙又是什么？,https://www.bilibili.com/video/BV1B34y1K7Pj
1044,梗指南,2023-09-13,中铁大案,zhōng tiě dà àn,zhong tie da an,01:46,BV1aw411i7vr,中铁大案是什么梗【梗指南】,https://www.bilibili.com/video/BV1aw411i7vr
1045,梗百科,2023-09-12,哪里贵了,nǎ lǐ guì le,na li gui le,01:58,BV1Sk4y1c7Vg,【梗百科】哪里贵了？是啥梗？,https://www.bilibili.com/video/BV1Sk4y1c7Vg
1046,梗指南,2023-09-11,花西子,huā xī zi,hua xi zi,02:28,BV1ez4y1j7X5,花西子是什么梗【梗指南】,https://www.bilibili.com/video/BV1ez4y1j7X5
1047,梗百科,2023-09-11,变化之神,biàn huà zhī shén,bian hua zhi shen,01:25,BV1G34y1K74B,【梗百科】变化之神是啥梗？,https://www.bilibili.com/video/BV1G34y1K74B
1048,梗百科,2023-09-09,星空有,xīng kōng yǒu,xing kong you,02:52,BV1ij411C7o7,【梗百科】星空有啥梗？赛博父母是什么？,https://www.bilibili.com/video/BV1ij411C7o7
1049,梗指南,2023-09-09,请XX无条件归还XX,qǐng XX wú tiáo jiàn guī huán XX,qing XX wu tiao jian gui huan XX,02:25,BV1fF411S7XR,请XX无条件归还XX是什么梗【梗指南】,https://www.bilibili.com/video/BV1fF411S7XR
1050,梗指南,2023-09-08,我姓石,wǒ xìng shí,wo xing shi,02:08,BV1u34y1M79J,我姓石是什么梗【梗指南】,https://www.bilibili.com/video/BV1u34y1M79J
1051,梗百科,2023-09-08,稳了,wěn le,wen le,02:17,BV1Su411P78g,【梗百科】稳了！是啥梗？暴叔救救我的焦虑吧！,https://www.bilibili.com/video/BV1Su411P78g
1052,梗百科,2023-09-06,地铁判官,dì tiě pàn guān,di tie pan guan,01:55,BV15G411R7Sp,【梗百科】地铁判官是啥梗？这人之前干了什么？!,https://www.bilibili.com/video/BV15G411R7Sp
1053,梗指南,2023-09-06,地铁判官,dì tiě pàn guān,di tie pan guan,01:48,BV1UF41167dh,地铁判官是什么梗【梗指南】,https://www.bilibili.com/video/BV1UF41167dh
1054,梗百科,2023-09-05,我姓石,wǒ xìng shí,wo xing shi,01:57,BV1Fk4y1A7W9,【梗百科】我姓石是啥梗？百家姓喊麦火到国外去了！？,https://www.bilibili.com/video/BV1Fk4y1A7W9
1055,梗指南,2023-09-04,oi,oi,oi,01:36,BV1Fz4y1T7Vj,oi是什么梗【梗指南】,https://www.bilibili.com/video/BV1Fz4y1T7Vj
1056,梗指南,2023-09-03,我服了爸爸,wǒ fú le bà bà,wo fu le ba ba,01:30,BV1xh4y1K7C4,我服了爸爸是什么梗【梗指南】,https://www.bilibili.com/video/BV1xh4y1K7C4
1057,梗指南,2023-09-02,遥遥领先,yáo yáo lǐng xiān,yao yao ling xian,02:11,BV1u8411B7wq,遥遥领先是什么梗【梗指南】,https://www.bilibili.com/video/BV1u8411B7wq
1058,梗百科,2023-09-02,oi电波,oi diàn bō,oi dian bo,01:33,BV1F8411B72x,【梗百科】oi电波是啥梗？,https://www.bilibili.com/video/BV1F8411B72x
1059,梗百科,2023-08-31,嘻哈酷老头,xī hā kù lǎo tóu,xi ha ku lao tou,02:02,BV1gr4y197H3,【梗百科】嘻哈酷老头是啥梗？,https://www.bilibili.com/video/BV1gr4y197H3
1060,梗指南,2023-08-31,新生群段子大赏,xīn shēng qún duàn zi dà shǎng,xin sheng qun duan zi da shang,04:05,BV1Zh4y1N7Kv,新 生 群 段 子 大 赏【梗指南】,https://www.bilibili.com/video/BV1Zh4y1N7Kv
1061,梗指南,2023-08-30,屌丝饮料,diǎo sī yǐn liào,diao si yin liao,02:15,BV1Ez4y1K7ap,【梗指南】屌丝饮料是什么梗,https://www.bilibili.com/video/BV1Ez4y1K7ap
1062,梗指南,2023-08-29,每日一题防止聪明,měi rì yī tí fáng zhǐ cōng míng,mei ri yi ti fang zhi cong ming,01:31,BV1Qr4y1X74v,每日一题防止聪明是什么梗【梗指南】,https://www.bilibili.com/video/BV1Qr4y1X74v
1063,梗百科,2023-08-29,川普大头照竟成外网热梗,chuān pǔ dà tóu zhào jìng chéng wài wǎng rè gěng,chuan pu da tou zhao jing cheng wai wang re geng,01:44,BV1jz4y1M7nH,【梗百科】川普大头照竟成外网热梗？！,https://www.bilibili.com/video/BV1jz4y1M7nH
1064,梗指南,2023-08-26,我阴暗世界里的小太阳,wǒ yīn àn shì jiè lǐ de xiǎo tài yáng,wo yin an shi jie li de xiao tai yang,01:45,BV1N94y167Xq,我阴暗世界里的小太阳是什么梗【梗指南】,https://www.bilibili.com/video/BV1N94y167Xq
1065,梗百科,2023-08-26,24号前24号后,24 hào qián 24 hào hòu,24 hao qian 24 hao hou,02:24,BV18j411q7hS,【梗百科】24号前24号后是咋回事？,https://www.bilibili.com/video/BV18j411q7hS
1066,梗指南,2023-08-24,狗罕见,gǒu hǎn jiàn,gou han jian,01:44,BV1au4y1X7yz,狗罕见是什么梗【梗指南】,https://www.bilibili.com/video/BV1au4y1X7yz
1067,梗百科,2023-08-24,屌丝饮料,diǎo sī yǐn liào,diao si yin liao,01:28,BV1PN411z7e9,【梗百科】屌丝饮料是啥梗？喝大瓶冰红茶得罪谁了？,https://www.bilibili.com/video/BV1PN411z7e9
1068,梗百科,2023-08-22,哦嗨哟，学妹,ó hāi yō ， xué mèi,o hai yo ， xue mei,02:07,BV16G411o7r2,【梗百科】哦嗨哟，学妹是啥梗？,https://www.bilibili.com/video/BV16G411o7r2
1069,梗指南,2023-08-22,七夕节段子大赏,qī xī jié duàn zi dà shǎng,qi xi jie duan zi da shang,03:02,BV1Aw41197p1,七 夕 节 段 子 大 赏【梗指南】,https://www.bilibili.com/video/BV1Aw41197p1
1070,梗指南,2023-08-20,手游圈TF,shǒu yóu quān TF,shou you quan TF,02:06,BV15G411f7nr,手游圈TF是什么梗【梗指南】,https://www.bilibili.com/video/BV15G411f7nr
1071,梗百科,2023-08-20,爱丽丝速通XXX,ài lì sī sù tōng XXX,ai li si su tong XXX,01:27,BV1h841197as,【梗百科】爱丽丝速通XXX是啥梗？,https://www.bilibili.com/video/BV1h841197as
1072,梗百科,2023-08-19,夏令营兵王,xià lìng yíng bīng wáng,xia ling ying bing wang,01:45,BV16r4y1d7Ez,【梗百科】夏令营兵王是啥梗？,https://www.bilibili.com/video/BV16r4y1d7Ez
1073,梗指南,2023-08-18,819战斗之夜,819 zhàn dòu zhī yè,819 zhan dou zhi ye,02:12,BV1V94y1r7fV,819战斗之夜是什么意思【梗指南】,https://www.bilibili.com/video/BV1V94y1r7fV
1074,梗百科,2023-08-18,中国大力王秀才,zhōng guó dà lì wáng xiù cái,zhong guo da li wang xiu cai,01:53,BV1Cx4y1f7K6,【梗百科】中国大力王 秀才是啥梗？,https://www.bilibili.com/video/BV1Cx4y1f7K6
1075,梗指南,2023-08-17,中国大力王秀才,zhōng guó dà lì wáng xiù cái,zhong guo da li wang xiu cai,02:12,BV1Fr4y1o7VX,中国大力王秀才是什么梗【梗指南】,https://www.bilibili.com/video/BV1Fr4y1o7VX
1076,梗百科,2023-08-16,哈基米,hā jī mǐ,ha ji mi,02:32,BV1Bj411B7sf,【梗百科】哈基米是啥梗？,https://www.bilibili.com/video/BV1Bj411B7sf
1077,梗百科,2023-08-15,令人不安和令人心安的猫,lìng rén bù ān hé lìng rén xīn ān de māo,ling ren bu an he ling ren xin an de mao,02:53,BV1Mu411J7h3,【梗百科】令人不安和令人心安的猫是啥梗？,https://www.bilibili.com/video/BV1Mu411J7h3
1078,梗指南,2023-08-15,夏令营兵王,xià lìng yíng bīng wáng,xia ling ying bing wang,02:49,BV1SV4y1Y7Mq,夏令营兵王是什么梗【梗指南】,https://www.bilibili.com/video/BV1SV4y1Y7Mq
1079,梗指南,2023-08-14,爸爸的雷达,bà bà de léi dá,ba ba de lei da,02:05,BV1pm4y1p7Hg,爸爸的雷达是什么梗【梗指南】,https://www.bilibili.com/video/BV1pm4y1p7Hg
1080,梗百科,2023-08-14,ew ew ew,ew ew ew,ew ew ew,01:29,BV1784y1f7Ry,【梗百科】ew ew ew是啥梗？LLLL！？,https://www.bilibili.com/video/BV1784y1f7Ry
1081,梗指南,2023-08-13,果真是你,guǒ zhēn shì nǐ,guo zhen shi ni,01:57,BV1f14y1q7G4,【梗指南】果真是你是什么意思,https://www.bilibili.com/video/BV1f14y1q7G4
1082,梗百科,2023-08-13,爸爸的雷达,bà bà de léi dá,ba ba de lei da,01:47,BV1sz4y1g7sP,【梗百科】爸爸的雷达是啥梗？,https://www.bilibili.com/video/BV1sz4y1g7sP
1083,梗指南,2023-08-11,快给我变,kuài gěi wǒ biàn,kuai gei wo bian,01:50,BV1V94y1k7xi,【梗指南】快给我变是什么梗,https://www.bilibili.com/video/BV1V94y1k7xi
1084,梗指南,2023-08-10,尊嘟假嘟,zūn dū jiǎ dū,zun du jia du,01:31,BV1FF411Z7Fk,尊嘟假嘟是什么梗【梗指南】,https://www.bilibili.com/video/BV1FF411Z7Fk
1085,梗百科,2023-08-10,彼瘾犯了,bǐ yǐn fàn le,bi yin fan le,01:49,BV12u4y1B7ey,【梗百科】彼瘾犯了是啥梗？,https://www.bilibili.com/video/BV12u4y1B7ey
1086,梗指南,2023-08-09,哈基米,hā jī mǐ,ha ji mi,02:01,BV1LX4y1j78y,哈基米是什么梗【梗指南】,https://www.bilibili.com/video/BV1LX4y1j78y
1087,梗百科,2023-08-07,西西弗斯,xī xī fú sī,xi xi fu si,04:31,BV1eP411t7iG,【梗百科】西西弗斯是啥梗？经典神话居然成外网热梗？！,https://www.bilibili.com/video/BV1eP411t7iG
1088,梗指南,2023-08-06,TF十周年段子大赏,TF shí zhōu nián duàn zi dà shǎng,TF shi zhou nian duan zi da shang,02:36,BV1zh4y1r7Ew,T F 十 周 年 段 子 大 赏【梗指南】,https://www.bilibili.com/video/BV1zh4y1r7Ew
1089,梗指南,2023-08-05,沙勒知名教师,shā lēi zhī míng jiào shī,sha lei zhi ming jiao shi,03:14,BV1nh4y1r71N,沙勒知名教师是什么梗【梗指南】,https://www.bilibili.com/video/BV1nh4y1r71N
1090,梗指南,2023-08-04,奔驰打野,bēn chí dǎ yě,ben chi da ye,04:21,BV1G8411d7tS,奔驰打野是什么梗【梗指南】,https://www.bilibili.com/video/BV1G8411d7tS
1091,梗指南,2023-08-03,这么玩是吧,zhè me wán shì ba,zhe me wan shi ba,02:29,BV1jV4y1i7M3,【梗指南】这么玩是吧是什么梗,https://www.bilibili.com/video/BV1jV4y1i7M3
1092,梗百科,2023-08-03,尊嘟假嘟,zūn dū jiǎ dū,zun du jia du,01:28,BV1fV4y1i7mH,【梗百科】尊嘟假嘟是啥梗？,https://www.bilibili.com/video/BV1fV4y1i7mH
1093,梗百科,2023-08-02,刺激战场手势舞,cì jī zhàn chǎng shǒu shì wǔ,ci ji zhan chang shou shi wu,03:06,BV1j94y1e7ss,【梗百科】刺激战场手势舞是啥梗？,https://www.bilibili.com/video/BV1j94y1e7ss
1094,梗指南,2023-07-31,本视频收益全部XX,běn shì pín shōu yì quán bù XX,ben shi pin shou yi quan bu XX,01:46,BV1Xu411G7DB,本视频收益全部XX是什么梗【梗指南】,https://www.bilibili.com/video/BV1Xu411G7DB
1095,梗指南,2023-07-29,升舱的钱我来出,shēng cāng de qián wǒ lái chū,sheng cang de qian wo lai chu,02:48,BV1J14y167By,升舱的钱我来出是什么梗【梗指南】,https://www.bilibili.com/video/BV1J14y167By
1096,梗指南,2023-07-27,撞火佛祖,zhuàng huǒ fó zǔ,zhuang huo fo zu,02:53,BV1j8411U7cc,撞火佛祖是什么梗【梗指南】,https://www.bilibili.com/video/BV1j8411U7cc
1097,梗百科,2023-07-27,升舱的钱我来出,shēng cāng de qián wǒ lái chū,sheng cang de qian wo lai chu,04:24,BV1Hu411G7FG,【梗百科】升舱的钱我来出是啥梗？大哥你饶了我吧！？？,https://www.bilibili.com/video/BV1Hu411G7FG
1098,梗指南,2023-07-26,GG Bond被抓走了,GG Bond bèi zhuā zǒu le,GG Bond bei zhua zou le,02:02,BV1Em4y1j7nz,GG Bond被抓走了是什么梗【梗指南】,https://www.bilibili.com/video/BV1Em4y1j7nz
1099,梗指南,2023-07-25,BW段子大赏,BW duàn zi dà shǎng,BW duan zi da shang,03:04,BV1jV4y1q7oi,B W 段 子 大 赏【梗指南】,https://www.bilibili.com/video/BV1jV4y1q7oi
1100,梗百科,2023-07-25,撞火佛祖,zhuàng huǒ fó zǔ,zhuang huo fo zu,02:31,BV1gk4y1V7WC,【梗百科】撞火佛祖是啥梗？,https://www.bilibili.com/video/BV1gk4y1V7WC
1101,梗百科,2023-07-24,星期一猫猫头,xīng qī yī māo māo tóu,xing qi yi mao mao tou,03:48,BV12k4y1G78t,【梗百科】星期一猫猫头是啥梗？有点吓人但又有点可爱？,https://www.bilibili.com/video/BV12k4y1G78t
1102,梗百科,2023-07-21,恐龙扛狼,kǒng lóng káng láng,kong long kang lang,02:52,BV1Cc411c7Rs,【梗百科】恐龙扛狼是啥梗？,https://www.bilibili.com/video/BV1Cc411c7Rs
1103,梗百科,2023-07-20,一种基于XX的彩虹六号直播方法,yī zhǒng jī yú XX de cǎi hóng liù hào zhí bō fāng fǎ,yi zhong ji yu XX de cai hong liu hao zhi bo fang fa,04:20,BV19N411Y7At,【梗百科】一种基于XX的彩虹六号直播方法是啥梗？,https://www.bilibili.com/video/BV19N411Y7At
1104,梗指南,2023-07-20,贴吧攻陷,tiē ba gōng xiàn,tie ba gong xian,01:39,BV1u94y1q716,贴吧攻陷是什么梗【梗指南】,https://www.bilibili.com/video/BV1u94y1q716
1105,梗指南,2023-07-19,命运的齿轮开始转动,mìng yùn de chǐ lún kāi shǐ zhuǎn dòng,ming yun de chi lun kai shi zhuan dong,01:31,BV1Cm4y1771M,命运的齿轮开始转动是什么梗【梗指南】,https://www.bilibili.com/video/BV1Cm4y1771M
1106,梗指南,2023-07-18,时光代刀人,shí guāng dài dāo rén,shi guang dai dao ren,02:20,BV1cP411C7cv,【梗指南】时光代刀人是什么梗,https://www.bilibili.com/video/BV1cP411C7cv
1107,梗百科,2023-07-18,消失的坤,xiāo shī de kūn,xiao shi de kun,02:33,BV14z4y147sj,【梗百科】消失的坤是啥梗？,https://www.bilibili.com/video/BV14z4y147sj
1108,梗指南,2023-07-17,你爸爸喜欢吃什么,nǐ bà bà xǐ huān chī shén me,ni ba ba xi huan chi shen me,02:19,BV13V411K73g,你爸爸喜欢吃什么是什么梗【梗指南】,https://www.bilibili.com/video/BV13V411K73g
1109,梗百科,2023-07-16,张博自愿开学,zhāng bó zì yuàn kāi xué,zhang bo zi yuan kai xue,01:33,BV1jW4y1Z7Nt,【梗百科】张博自愿开学是啥梗？,https://www.bilibili.com/video/BV1jW4y1Z7Nt
1110,梗指南,2023-07-15,恐龙扛狼,kǒng lóng káng láng,kong long kang lang,02:02,BV19X4y1a7qm,恐龙扛狼是什么梗【梗指南】,https://www.bilibili.com/video/BV19X4y1a7qm
1111,梗指南,2023-07-14,逆天寒,nì tiān hán,ni tian han,03:06,BV1pP411y7fV,逆天寒是什么梗【梗指南】,https://www.bilibili.com/video/BV1pP411y7fV
1112,梗百科,2023-07-14,Virtual Insanity,Virtual Insanity,Virtual Insanity,04:54,BV1TN41127Jh,【梗百科】Virtual Insanity是啥梗？ 这个梗火了十年不止！,https://www.bilibili.com/video/BV1TN41127Jh
1113,梗指南,2023-07-13,鹤岗一套房,hè gǎng yī tào fáng,he gang yi tao fang,01:57,BV1R8411D7Lp,【梗指南】鹤岗一套房是什么梗,https://www.bilibili.com/video/BV1R8411D7Lp
1114,梗指南,2023-07-12,彩六直播,cǎi liù zhí bō,cai liu zhi bo,01:55,BV1gx4y1o7bc,彩六直播是什么梗【梗指南】,https://www.bilibili.com/video/BV1gx4y1o7bc
1115,梗百科,2023-07-11,日本生可乐,rì běn shēng kě lè,ri ben sheng ke le,03:58,BV1CX4y1e7j8,【梗百科】日本生可乐是啥梗？好好饮啊？？！,https://www.bilibili.com/video/BV1CX4y1e7j8
1116,梗指南,2023-07-11,豪情在天,háo qíng zài tiān,hao qing zai tian,03:57,BV1Sk4y1P7e1,豪情在天是什么梗【梗指南】,https://www.bilibili.com/video/BV1Sk4y1P7e1
1117,梗指南,2023-07-09,奎桑提圣经,kuí sāng tí shèng jīng,kui sang ti sheng jing,02:40,BV1jV411u772,奎桑提圣经是什么梗【梗指南】,https://www.bilibili.com/video/BV1jV411u772
1118,梗百科,2023-07-07,萨卡班甲鱼,sà kǎ bān jiǎ yú,sa ka ban jia yu,02:25,BV15V4y1h7S3,【梗百科】萨卡班甲鱼是啥梗？,https://www.bilibili.com/video/BV15V4y1h7S3
1119,梗指南,2023-07-06,张敏便利店,zhāng mǐn biàn lì diàn,zhang min bian li dian,02:40,BV17j411U7Yw,张敏便利店是什么梗【梗指南】,https://www.bilibili.com/video/BV17j411U7Yw
1120,梗百科,2023-07-05,这就是奎桑提,zhè jiù shì kuí sāng tí,zhe jiu shi kui sang ti,01:41,BV1Jj411U71F,【梗百科】这就是奎桑提是啥梗？,https://www.bilibili.com/video/BV1Jj411U71F
1121,梗指南,2023-07-04,爽滑慢舔,shuǎng huá màn tiǎn,shuang hua man tian,02:09,BV1rh4y177Y1,爽滑慢舔是什么梗【梗指南】,https://www.bilibili.com/video/BV1rh4y177Y1
1122,梗指南,2023-07-03,山河大学,shān hé dà xué,shan he da xue,01:40,BV1QN411U7ga,山河大学是什么梗【梗指南】,https://www.bilibili.com/video/BV1QN411U7ga
1123,梗百科,2023-07-03,山河大学,shān hé dà xué,shan he da xue,01:05,BV1aX4y1v7HB,【梗百科】山河大学是啥梗？,https://www.bilibili.com/video/BV1aX4y1v7HB
1124,梗指南,2023-07-02,杀人奶昔,shā rén nǎi xī,sha ren nai xi,03:14,BV15s4y1k7Kb,杀人奶昔是什么梗【梗指南】,https://www.bilibili.com/video/BV15s4y1k7Kb
1125,梗百科,2023-06-30,外网爆火的杀人奶昔,wài wǎng bào huǒ de shā rén nǎi xī,wai wang bao huo de sha ren nai xi,05:28,BV1gh4y1M7JD,【梗百科】外网爆火的杀人奶昔是啥梗？,https://www.bilibili.com/video/BV1gh4y1M7JD
1126,梗百科,2023-06-28,陈印泉的废话文学,chén yìn quán de fèi huà wén xué,chen yin quan de fei hua wen xue,01:25,BV14X4y1v7qb,【梗百科】陈印泉的废话文学是啥梗？,https://www.bilibili.com/video/BV14X4y1v7qb
1127,梗百科,2023-06-27,鸡你胎没,jī nǐ tāi méi,ji ni tai mei,02:15,BV1AP411i7DB,【梗百科】鸡你胎没是啥梗？,https://www.bilibili.com/video/BV1AP411i7DB
1128,梗指南,2023-06-26,鸡你胎没,jī nǐ tāi méi,ji ni tai mei,02:14,BV1Qg4y1P7iT,鸡你胎没是什么梗【梗指南】,https://www.bilibili.com/video/BV1Qg4y1P7iT
1129,梗百科,2023-06-25,泰坦号潜艇,tài tǎn hào qián tǐng,tai tan hao qian ting,04:55,BV1e14y127M6,【梗百科】泰坦号潜艇是啥梗？看完记得敲木鱼,https://www.bilibili.com/video/BV1e14y127M6
1130,梗指南,2023-06-24,鱼越大鱼越小,yú yuè dà yú yuè xiǎo,yu yue da yu yue xiao,01:34,BV1iV411u72E,鱼越大鱼越小是什么梗【梗指南】,https://www.bilibili.com/video/BV1iV411u72E
1131,梗指南,2023-06-22,端午节段子大赏,duān wǔ jié duàn zi dà shǎng,duan wu jie duan zi da shang,02:23,BV1wN411D7wS,端 午 节 段 子 大 赏【梗指南】,https://www.bilibili.com/video/BV1wN411D7wS
1132,梗百科,2023-06-22,谁问你了,shuí wèn nǐ le,shui wen ni le,01:34,BV1xo4y1P7qj,【梗百科】谁问你了是啥梗？,https://www.bilibili.com/video/BV1xo4y1P7qj
1133,梗指南,2023-06-21,S属性爆发,S shǔ xìng bào fā,S shu xing bao fa,01:30,BV1J14y1U7hL,S属性爆发是什么梗【梗指南】,https://www.bilibili.com/video/BV1J14y1U7hL
1134,梗指南,2023-06-19,热带风味冰红茶,rè dài fēng wèi bīng hóng chá,re dai feng wei bing hong cha,02:10,BV1ph4y137Ea,热带风味冰红茶是什么梗【梗指南】,https://www.bilibili.com/video/BV1ph4y137Ea
1135,梗百科,2023-06-17,蜘蛛侠纵横宇宙外网那边有,zhī zhū xiá zòng héng yǔ zhòu wài wǎng nà biān yǒu,zhi zhu xia zong heng yu zhou wai wang na bian you,04:38,BV1Ks4y117FC,【梗百科】蜘蛛侠纵横宇宙外网那边有啥梗？？一次讲个够！,https://www.bilibili.com/video/BV1Ks4y117FC
1136,梗指南,2023-06-16,谁问你了,shuí wèn nǐ le,shui wen ni le,01:35,BV1Jh4y1X7qm,谁问你了是什么梗【梗指南】,https://www.bilibili.com/video/BV1Jh4y1X7qm
1137,梗百科,2023-06-15,嗨我是癫佬,hāi wǒ shì diān lǎo,hai wo shi dian lao,01:59,BV1fh411T7wv,【梗百科】嗨我是癫佬是啥梗？,https://www.bilibili.com/video/BV1fh411T7wv
1138,梗指南,2023-06-14,京糖夫妇,jīng táng fū fù,jing tang fu fu,01:53,BV1Cu4y1o7fS,京糖夫妇是什么梗【梗指南】,https://www.bilibili.com/video/BV1Cu4y1o7fS
1139,梗百科,2023-06-13,别管我！叮,bié guǎn wǒ ！ dīng,bie guan wo ！ ding,01:46,BV1mP411i743,【梗百科】别管我！叮~是啥梗？老片阿基拉又出新梗,https://www.bilibili.com/video/BV1mP411i743
1140,梗指南,2023-06-11,柯学,kē xué,ke xue,03:02,BV1is4y1v7N1,柯学是什么梗【梗指南】,https://www.bilibili.com/video/BV1is4y1v7N1
1141,梗指南,2023-06-09,电子宠物,diàn zi chǒng wù,dian zi chong wu,02:18,BV12c41137zt,电子宠物是什么梗【梗指南】,https://www.bilibili.com/video/BV12c41137zt
1142,梗指南,2023-06-07,高考段子大赏,gāo kǎo duàn zi dà shǎng,gao kao duan zi da shang,02:41,BV1c14y1Q7Ub,高 考 段 子 大 赏【梗指南】,https://www.bilibili.com/video/BV1c14y1Q7Ub
1143,梗百科,2023-06-06,S/M属性大爆发,S/M shǔ xìng dà bào fā,S/M shu xing da bao fa,01:43,BV11W4y1R7V5,【梗百科】S/M属性大爆发是啥梗？,https://www.bilibili.com/video/BV11W4y1R7V5
1144,梗百科,2023-06-04,肌肉波特,jī ròu bō tè,ji rou bo te,01:44,BV1au4y1Z7uZ,【梗百科】肌肉波特是啥梗？,https://www.bilibili.com/video/BV1au4y1Z7uZ
1145,梗百科,2023-06-03,瑞你看见了吗,ruì nǐ kàn jiàn le ma,rui ni kan jian le ma,01:37,BV1sX4y187GN,【梗百科】瑞你看见了吗是啥梗？,https://www.bilibili.com/video/BV1sX4y187GN
1146,梗指南,2023-06-03,🤣👉 神之一指,🤣👉 shén zhī yī zhǐ,🤣👉 shen zhi yi zhi,02:20,BV1xu411W7z9,🤣👉 神之一指是什么梗【梗指南】,https://www.bilibili.com/video/BV1xu411W7z9
1147,梗百科,2023-06-01,弱智吧有,ruò zhì ba yǒu,ruo zhi ba you,04:23,BV1BP411X7Ge,【梗百科219】弱智吧有啥梗？一个人才济济的段子手聚集地！,https://www.bilibili.com/video/BV1BP411X7Ge
1148,梗指南,2023-06-01,儿童节段子大赏,ér tóng jié duàn zi dà shǎng,er tong jie duan zi da shang,02:25,BV1Bh4y1d7Fg,儿 童 节 段 子 大 赏【梗指南】,https://www.bilibili.com/video/BV1Bh4y1d7Fg
1149,梗百科,2023-05-31,🤣👉？挖呀挖？带崽青蛙？五月梗查缺补漏,🤣👉？ wā ya wā ？ dài zǎi qīng wā ？ wǔ yuè gěng chá quē bǔ lòu,🤣👉？ wa ya wa ？ dai zai qing wa ？ wu yue geng cha que bu lou,03:16,BV12o4y1M7oq,【梗百科】🤣👉？挖呀挖？带崽青蛙？五月梗查缺补漏！,https://www.bilibili.com/video/BV12o4y1M7oq
1150,梗指南,2023-05-30,我黑不黑怕关你屁事,wǒ hēi bù hēi pà guān nǐ pì shì,wo hei bu hei pa guan ni pi shi,01:47,BV15k4y1W75P,我黑不黑怕关你屁事是什么梗【梗指南】,https://www.bilibili.com/video/BV15k4y1W75P
1151,梗指南,2023-05-28,我有一道自制的小菜,wǒ yǒu yī dào zì zhì de xiǎo cài,wo you yi dao zi zhi de xiao cai,02:38,BV1pc411G7eF,【梗指南】我有一道自制的小菜是什么梗,https://www.bilibili.com/video/BV1pc411G7eF
1152,梗指南,2023-05-27,瑞你看见了吗,ruì nǐ kàn jiàn le ma,rui ni kan jian le ma,02:11,BV1F8411f7JR,瑞你看见了吗是什么梗【梗指南】,https://www.bilibili.com/video/BV1F8411f7JR
1153,梗百科,2023-05-27,普通话考试最后一题,pǔ tōng huà kǎo shì zuì hòu yī tí,pu tong hua kao shi zui hou yi ti,02:50,BV1Mh4y1Z7qU,【梗百科】普通话考试最后一题是啥梗？,https://www.bilibili.com/video/BV1Mh4y1Z7qU
1154,梗百科,2023-05-26,曹操撤回了一碗饭,cáo cāo chè huí le yī wǎn fàn,cao cao che hui le yi wan fan,02:50,BV1924y1N76L,【梗百科】曹操撤回了一碗饭是啥梗？曹操盖饭是什么餐品？,https://www.bilibili.com/video/BV1924y1N76L
1155,梗指南,2023-05-26,劳改蛋,láo gǎi dàn,lao gai dan,02:40,BV1Am4y1b7rm,【梗指南】劳改蛋是什么梗,https://www.bilibili.com/video/BV1Am4y1b7rm
1156,梗百科,2023-05-26,披萨塔尖叫,pī sà tǎ jiān jiào,pi sa ta jian jiao,02:16,BV1ah411c7dL,【梗百科】披萨塔尖叫是啥梗？好吵的梗啊啊啊啊啊啊啊啊啊！,https://www.bilibili.com/video/BV1ah411c7dL
1157,梗指南,2023-05-25,你人还怪好嘞,nǐ rén hái guài hǎo lei,ni ren hai guai hao lei,02:30,BV1id4y1f7TG,【梗指南】你人还怪好嘞是什么梗,https://www.bilibili.com/video/BV1id4y1f7TG
1158,梗指南,2023-05-24,平底锅文学,píng dǐ guō wén xué,ping di guo wen xue,01:45,BV1tV4y1B7Wb,平底锅文学是什么梗【梗指南】,https://www.bilibili.com/video/BV1tV4y1B7Wb
1159,梗百科,2023-05-24,你管得着吗,nǐ guǎn dé zhe ma,ni guan de zhe ma,02:09,BV1jX4y1y7rV,【梗百科】你管得着吗是啥梗？小鬼又双叒叕一新梗？,https://www.bilibili.com/video/BV1jX4y1y7rV
1160,梗百科,2023-05-23,英雄联盟史上最牛b的采访,yīng xióng lián méng shǐ shàng zuì niú b de cǎi fǎng,ying xiong lian meng shi shang zui niu b de cai fang,03:12,BV1xV4y167sE,【梗百科】英雄联盟史上最牛b的采访是啥梗？真人虐泉又是啥梗？,https://www.bilibili.com/video/BV1xV4y167sE
1161,梗指南,2023-05-21,你管得着吗,nǐ guǎn dé zhe ma,ni guan de zhe ma,03:08,BV1hh411F7hA,你管得着吗是什么梗【梗指南】,https://www.bilibili.com/video/BV1hh411F7hA
1162,梗指南,2023-05-20,520段子大赏,520 duàn zi dà shǎng,520 duan zi da shang,03:01,BV1FM4y1q7it,5 2 0 段 子 大 赏【梗指南】,https://www.bilibili.com/video/BV1FM4y1q7it
1163,梗百科,2023-05-20,我有一道自制的小菜,wǒ yǒu yī dào zì zhì de xiǎo cài,wo you yi dao zi zhi de xiao cai,01:46,BV1rh4y1t7Jc,【梗百科】我有一道自制的小菜是啥梗？,https://www.bilibili.com/video/BV1rh4y1t7Jc
1164,梗百科,2023-05-19,原神哥喜提冠军皮肤？为什么他会选择崩坏3里的爱莉希雅呢,yuán shén gē xǐ tí guàn jūn pí fū ？ wèi shén me tā huì xuǎn zé bēng huài 3 lǐ de ài lì xī yǎ ne,yuan shen ge xi ti guan jun pi fu ？ wei shen me ta hui xuan ze beng huai 3 li de ai li xi ya ne,04:35,BV1Bh411w7AF,【梗百科】原神哥喜提冠军皮肤？为什么他会选择崩坏3里的爱莉希雅呢？,https://www.bilibili.com/video/BV1Bh411w7AF
1165,梗指南,2023-05-18,林克竞选弱智吧主,lín kè jìng xuǎn ruò zhì ba zhǔ,lin ke jing xuan ruo zhi ba zhu,01:50,BV1qs4y1z7Fy,林克竞选弱智吧主是什么梗【梗指南】,https://www.bilibili.com/video/BV1qs4y1z7Fy
1166,梗指南,2023-05-17,特种兵式旅游,tè zhǒng bīng shì lǚ yóu,te zhong bing shi lv you,03:19,BV1Gm4y187M1,特种兵式旅游是什么梗【梗指南】,https://www.bilibili.com/video/BV1Gm4y187M1
1167,梗指南,2023-05-16,早C晚A,zǎo C wǎn A,zao C wan A,02:40,BV1wo4y1F73p,【梗指南】早C晚A是什么梗,https://www.bilibili.com/video/BV1wo4y1F73p
1168,梗百科,2023-05-16,临时抱佛脚,lín shí bào fó jiǎo,lin shi bao fo jiao,03:02,BV1NM4y1q7oh,【梗百科】临时抱佛脚是啥梗？,https://www.bilibili.com/video/BV1NM4y1q7oh
1169,梗指南,2023-05-15,紫米面包犹如汉堡,zǐ mǐ miàn bāo yóu rú hàn bǎo,zi mi mian bao you ru han bao,01:34,BV19c411P7zP,紫米面包犹如汉堡是什么梗【梗指南】,https://www.bilibili.com/video/BV19c411P7zP
1170,梗百科,2023-05-15,很喜欢XX玩家的一句话,hěn xǐ huān XX wán jiā de yī jù huà,hen xi huan XX wan jia de yi ju hua,02:20,BV1TL41167HV,【梗百科】很喜欢XX玩家的一句话是啥梗？,https://www.bilibili.com/video/BV1TL41167HV
1171,梗指南,2023-05-13,曹操盖饭,cáo cāo gài fàn,cao cao gai fan,01:53,BV1jk4y177ps,曹操盖饭是什么梗【梗指南】,https://www.bilibili.com/video/BV1jk4y177ps
1172,梗百科,2023-05-12,老大驾到,lǎo dà jià dào,lao da jia dao,02:33,BV18z4y1877A,【梗百科】老大驾到是啥梗？发癫的超人强是怎么了？,https://www.bilibili.com/video/BV18z4y1877A
1173,梗指南,2023-05-11,偷盘哥,tōu pán gē,tou pan ge,02:12,BV1Cd4y1f71G,偷盘哥是什么梗【梗指南】,https://www.bilibili.com/video/BV1Cd4y1f71G
1174,梗指南,2023-05-10,小胖孩绷不住了,xiǎo pàng hái bēng bú zhù le,xiao pang hai beng bu zhu le,01:55,BV1ks4y1D7YR,小胖孩绷不住了是什么梗【梗指南】,https://www.bilibili.com/video/BV1ks4y1D7YR
1175,梗指南,2023-05-09,啊,a,a,01:41,BV1Gm4y1h7DX,啊？是什么梗【梗指南】,https://www.bilibili.com/video/BV1Gm4y1h7DX
1176,梗指南,2023-05-08,挖呀挖呀挖,wā ya wā ya wā,wa ya wa ya wa,01:48,BV1fL41187Ws,挖呀挖呀挖是什么梗【梗指南】,https://www.bilibili.com/video/BV1fL41187Ws
1177,梗百科,2023-05-08,星穹铁道里的梗要不要这么多,xīng qióng tiě dào lǐ de gěng yào bù yào zhè me duō,xing qiong tie dao li de geng yao bu yao zhe me duo,08:51,BV1tg4y157sR,【梗百科】星穹铁道里的梗要不要这么多？,https://www.bilibili.com/video/BV1tg4y157sR
1178,梗指南,2023-05-05,猫鼠队,māo shǔ duì,mao shu dui,01:34,BV1Qh411L7eL,猫鼠队是什么梗【梗指南】,https://www.bilibili.com/video/BV1Qh411L7eL
1179,梗百科,2023-05-05,乌龟大师仙逝,wū guī dà shī xiān shì,wu gui da shi xian shi,02:07,BV1Rk4y1E7u5,【梗百科】乌龟大师仙逝是啥梗？这位作者还玩过什么梗？,https://www.bilibili.com/video/BV1Rk4y1E7u5
1180,梗指南,2023-05-04,CP29段子大赏,CP29 duàn zi dà shǎng,CP29 duan zi da shang,02:17,BV17g4y157bY,C P 2 9 段 子 大 赏【梗指南】,https://www.bilibili.com/video/BV17g4y157bY
1181,梗百科,2023-05-04,猫鼠队,māo shǔ duì,mao shu dui,01:07,BV1Nh411j77A,【梗百科】猫鼠队是啥梗？,https://www.bilibili.com/video/BV1Nh411j77A
1182,梗百科,2023-05-03,干货！如何分辨xx和xx,gān huò ！ rú hé fēn biàn xx hé xx,gan huo ！ ru he fen bian xx he xx,02:18,BV1mo4y1w7Af,【梗百科】干货！如何分辨xx和xx是啥梗？,https://www.bilibili.com/video/BV1mo4y1w7Af
1183,梗指南,2023-05-02,我能站在这你能吗,wǒ néng zhàn zài zhè nǐ néng ma,wo neng zhan zai zhe ni neng ma,01:58,BV14k4y1E7Eb,我能站在这你能吗是什么梗【梗指南】,https://www.bilibili.com/video/BV14k4y1E7Eb
1184,梗指南,2023-05-01,劳动节段子大赏,láo dòng jié duàn zi dà shǎng,lao dong jie duan zi da shang,02:41,BV1aT411h7Cz,劳 动 节 段 子 大 赏【梗指南】,https://www.bilibili.com/video/BV1aT411h7Cz
1185,梗指南,2023-04-30,乌龟大师仙逝,wū guī dà shī xiān shì,wu gui da shi xian shi,01:52,BV1eg4y1L7sG,乌龟大师仙逝是什么梗【梗指南】,https://www.bilibili.com/video/BV1eg4y1L7sG
1186,梗百科,2023-04-29,星穹铁道真的需要这么多梗吗,xīng qióng tiě dào zhēn de xū yào zhè me duō gěng ma,xing qiong tie dao zhen de xu yao zhe me duo geng ma,02:51,BV1Tk4y1n7en,【梗百科】星穹铁道真的需要这么多梗吗？,https://www.bilibili.com/video/BV1Tk4y1n7en
1187,梗指南,2023-04-28,我承认阁下很强,wǒ chéng rèn gé xià hěn qiáng,wo cheng ren ge xia hen qiang,01:53,BV1Uk4y177wu,我承认阁下很强是什么梗【梗指南】,https://www.bilibili.com/video/BV1Uk4y177wu
1188,梗百科,2023-04-28,偷盘哥,tōu pán gē,tou pan ge,01:57,BV1Bm4y1176D,【梗百科】偷盘哥是怎么回事？,https://www.bilibili.com/video/BV1Bm4y1176D
1189,梗百科,2023-04-27,After Like,After Like,After Like,01:33,BV16h4y1p76N,【梗百科】After Like是啥梗？,https://www.bilibili.com/video/BV16h4y1p76N
1190,梗指南,2023-04-26,华语乐坛新四大天王,huá yǔ yuè tán xīn sì dà tiān wáng,hua yu yue tan xin si da tian wang,02:43,BV1EM41157UC,华语乐坛新四大天王是什么梗【梗指南】,https://www.bilibili.com/video/BV1EM41157UC
1191,梗百科,2023-04-26,雪distance,xuě distance,xue distance,02:49,BV1tP411U7h1,【梗百科】雪distance是啥梗？,https://www.bilibili.com/video/BV1tP411U7h1
1192,梗指南,2023-04-25,斐济杯仙人,fěi jì bēi xiān rén,fei ji bei xian ren,02:04,BV1Dk4y1J73r,斐济杯仙人是什么梗【梗指南】,https://www.bilibili.com/video/BV1Dk4y1J73r
1193,梗百科,2023-04-24,泰裤辣,tài kù là,tai ku la,02:33,BV1WP411U7GX,【梗百科】泰裤辣是啥梗？,https://www.bilibili.com/video/BV1WP411U7GX
1194,梗指南,2023-04-23,oiiaioooooiai,oiiaioooooiai,oiiaioooooiai,01:37,BV17h4y1p7VC,oiiaioooooiai是什么梗【梗指南】,https://www.bilibili.com/video/BV17h4y1p7VC
1195,梗百科,2023-04-23,大力王,dà lì wáng,da li wang,02:29,BV1D14y1f7PQ,【梗百科】大力王是啥梗？双倍给下一个人的原型梗？,https://www.bilibili.com/video/BV1D14y1f7PQ
1196,梗指南,2023-04-21,冰歧淋,bīng qí lín,bing qi lin,02:38,BV1bT411n7R6,冰歧淋是什么梗【梗指南】,https://www.bilibili.com/video/BV1bT411n7R6
1197,梗指南,2023-04-20,这件事情泰裤辣,zhè jiàn shì qíng tài kù là,zhe jian shi qing tai ku la,02:31,BV1th4y1H711,这件事情泰裤辣是什么梗【梗指南】,https://www.bilibili.com/video/BV1th4y1H711
1198,梗指南,2023-04-19,X门,X mén,X men,02:07,BV1Sh4y1H7jj,X门是什么梗【梗指南】,https://www.bilibili.com/video/BV1Sh4y1H7jj
1199,梗百科,2023-04-18,持枪小呆呆,chí qiāng xiǎo dāi dāi,chi qiang xiao dai dai,01:49,BV1ko4y1j771,【梗百科】持枪小呆呆是啥梗？,https://www.bilibili.com/video/BV1ko4y1j771
1200,梗指南,2023-04-17,万物皆可Dee,wàn wù jiē kě Dee,wan wu jie ke Dee,02:38,BV1zM4y1y7yc,【梗指南】万物皆可Dee是什么梗,https://www.bilibili.com/video/BV1zM4y1y7yc
1201,梗百科,2023-04-16,香蕉猫还在哭？Oiiaioooooiai？讲不完的猫梗,xiāng jiāo māo hái zài kū ？Oiiaioooooiai？ jiǎng bù wán de māo gěng,xiang jiao mao hai zai ku ？Oiiaioooooiai？ jiang bu wan de mao geng,04:15,BV1Ws4y127ym,【梗百科】香蕉猫还在哭？Oiiaioooooiai？讲不完的猫梗！,https://www.bilibili.com/video/BV1Ws4y127ym
1202,梗指南,2023-04-16,七十二变怎么样的变,qī shí èr biàn zěn me yàng de biàn,qi shi er bian zen me yang de bian,01:35,BV1mg4y1T7eU,七十二变怎么样的变是什么梗【梗指南】,https://www.bilibili.com/video/BV1mg4y1T7eU
1203,梗指南,2023-04-13,更适合中国宝宝体质的XX,gèng shì hé zhōng guó bǎo bǎo tǐ zhì de XX,geng shi he zhong guo bao bao ti zhi de XX,01:30,BV1TM4y127BV,更适合中国宝宝体质的XX是什么梗【梗指南】,https://www.bilibili.com/video/BV1TM4y127BV
1204,梗指南,2023-04-12,正版极限国度,zhèng bǎn jí xiàn guó dù,zheng ban ji xian guo du,02:34,BV1gh4y1W7EQ,正版极限国度是什么梗【梗指南】,https://www.bilibili.com/video/BV1gh4y1W7EQ
1205,梗百科,2023-04-11,Wojak大战熊猫人,Wojak dà zhàn xióng māo rén,Wojak da zhan xiong mao ren,02:19,BV18X4y1r74H,【梗百科】Wojak大战熊猫人是啥梗？熊猫表情包火到国外了？,https://www.bilibili.com/video/BV18X4y1r74H
1206,梗指南,2023-04-11,双倍给下一个人,shuāng bèi gěi xià yí gè rén,shuang bei gei xia yi ge ren,02:02,BV1U84y1T7bZ,双倍给下一个人是什么梗【梗指南】,https://www.bilibili.com/video/BV1U84y1T7bZ
1207,梗百科,2023-04-10,强风大背头,qiáng fēng dà bèi tóu,qiang feng da bei tou,01:50,BV1UM4y117hv,【梗百科】强风大背头是啥梗？,https://www.bilibili.com/video/BV1UM4y117hv
1208,梗百科,2023-04-09,泰瑞尔都有,tài ruì ěr dōu yǒu,tai rui er dou you,02:33,BV1UX4y167N2,【梗百科】泰瑞尔都有啥梗？我曾是！我就是！【火炬之光：无限】,https://www.bilibili.com/video/BV1UX4y167N2
1209,梗指南,2023-04-09,Happy猫,Happy māo,Happy mao,01:33,BV1ig4y1M71Y,Happy猫是什么梗【梗指南】,https://www.bilibili.com/video/BV1ig4y1M71Y
1210,梗百科,2023-04-08,我是你XX的粉丝，可以帮你XXX,wǒ shì nǐ XX de fěn sī ， kě yǐ bāng nǐ XXX,wo shi ni XX de fen si ， ke yi bang ni XXX,02:00,BV1Za4y1K7u7,【梗百科】我是你XX的粉丝，可以帮你XXX是啥梗？,https://www.bilibili.com/video/BV1Za4y1K7u7
1211,梗指南,2023-04-07,互联网大佛,hù lián wǎng dà fú,hu lian wang da fu,02:35,BV1yh411g7zX,互联网大佛是什么梗【梗指南】,https://www.bilibili.com/video/BV1yh411g7zX
1212,梗指南,2023-04-06,万能背锅侠,wàn néng bèi guō xiá,wan neng bei guo xia,01:45,BV1Gg4y1g7zP,万能背锅侠是什么梗【梗指南】,https://www.bilibili.com/video/BV1Gg4y1g7zP
1213,梗百科,2023-04-05,吴京被电击,wú jīng bèi diàn jī,wu jing bei dian ji,02:27,BV1Bs4y127Up,【梗百科】吴京被电击是啥梗？,https://www.bilibili.com/video/BV1Bs4y127Up
1214,梗百科,2023-04-04,无敌战神＞婆罗门,wú dí zhàn shén ＞ pó luó mén,wu di zhan shen ＞ po luo men,01:11,BV1wm4y167Sx,【梗百科】无敌战神＞婆罗门是啥梗？,https://www.bilibili.com/video/BV1wm4y167Sx
1215,梗指南,2023-04-02,外外外星人,wài wài wài xīng rén,wai wai wai xing ren,02:06,BV1jT411s7JG,【梗指南】外外外星人是什么梗,https://www.bilibili.com/video/BV1jT411s7JG
1216,梗百科,2023-04-02,佳能400d,jiā néng 400d,jia neng 400d,03:02,BV1Hg4y1G78J,【梗百科】佳能400d是啥梗？4能佳百d又是什么相机型号？,https://www.bilibili.com/video/BV1Hg4y1G78J
1217,梗指南,2023-04-01,愚人节段子大赏,yú rén jié duàn zi dà shǎng,yu ren jie duan zi da shang,01:31,BV1fv4y1H7XY,愚 人 节 段 子 大 赏【梗指南】,https://www.bilibili.com/video/BV1fv4y1H7XY
1218,梗指南,2023-03-31,这是围棋吗,zhè shì wéi qí ma,zhe shi wei qi ma,02:28,BV1QM4y1U75Z,这是围棋吗是什么梗【梗指南】,https://www.bilibili.com/video/BV1QM4y1U75Z
1219,梗指南,2023-03-30,达利安造船厂,dá lì ān zào chuán chǎng,da li an zao chuan chang,01:36,BV1WL411S75N,达利安造船厂是什么梗【梗指南】,https://www.bilibili.com/video/BV1WL411S75N
1220,梗百科,2023-03-30,林克手工耿,lín kè shǒu gōng gěng,lin ke shou gong geng,01:57,BV15h41137WV,【梗百科】林克手工耿是啥梗？,https://www.bilibili.com/video/BV15h41137WV
1221,梗百科,2023-03-28,happy猫？臭猫？近期热门猫梗一次看个够,happy māo ？ chòu māo ？ jìn qī rè mén māo gěng yī cì kàn gè gòu,happy mao ？ chou mao ？ jin qi re men mao geng yi ci kan ge gou,04:05,BV18X4y1o7fp,【梗百科】happy猫？臭猫？近期热门猫梗一次看个够！,https://www.bilibili.com/video/BV18X4y1o7fp
1222,梗指南,2023-03-28,无论它是对是错,wú lùn tā shì duì shì cuò,wu lun ta shi dui shi cuo,02:55,BV1EL411X7iA,无论它是对是错是什么梗【梗指南】,https://www.bilibili.com/video/BV1EL411X7iA
1223,梗指南,2023-03-27,打虎相机、佳能400D,dǎ hǔ xiàng jī 、 jiā néng 400D,da hu xiang ji 、 jia neng 400D,02:17,BV1Mc411j7S6,打虎相机、佳能400D是什么梗【梗指南】,https://www.bilibili.com/video/BV1Mc411j7S6
1224,梗指南,2023-03-25,XX这么可爱真是抱歉,XX zhè me kě ài zhēn shì bào qiàn,XX zhe me ke ai zhen shi bao qian,02:02,BV14M4y1z71h,XX这么可爱真是抱歉是什么梗【梗指南】,https://www.bilibili.com/video/BV14M4y1z71h
1225,梗百科,2023-03-24,黑美人鱼,hēi měi rén yú,hei mei ren yu,01:24,BV1X24y1j7L9,【梗百科】黑美人鱼是啥梗,https://www.bilibili.com/video/BV1X24y1j7L9
1226,梗指南,2023-03-23,外卖练习生,wài mài liàn xí shēng,wai mai lian xi sheng,03:18,BV1ng4y1W7rm,【梗指南】外卖练习生是什么梗,https://www.bilibili.com/video/BV1ng4y1W7rm
1227,梗指南,2023-03-22,韦一敏效应,wéi yī mǐn xiào yìng,wei yi min xiao ying,02:01,BV1YM4y1B7RN,韦一敏效应是什么梗【梗指南】,https://www.bilibili.com/video/BV1YM4y1B7RN
1228,梗百科,2023-03-22,把XX练到极致,bǎ XX liàn dào jí zhì,ba XX lian dao ji zhi,00:57,BV1SM411u75Y,【梗百科】把XX练到极致是啥梗？,https://www.bilibili.com/video/BV1SM411u75Y
1229,梗指南,2023-03-21,沃尔玛购物袋,wò ěr mǎ gòu wù dài,wo er ma gou wu dai,01:58,BV1hL411r7P4,沃尔玛购物袋是什么梗【梗指南】,https://www.bilibili.com/video/BV1hL411r7P4
1230,梗百科,2023-03-21,川木传,chuān mù chuán,chuan mu chuan,01:26,BV1eP411o72U,【梗百科】川木传是啥梗？,https://www.bilibili.com/video/BV1eP411o72U
1231,梗指南,2023-03-19,你可算问对人了,nǐ kě suàn wèn duì rén le,ni ke suan wen dui ren le,01:56,BV1wY4y1X7QK,你可算问对人了是什么梗【梗指南】,https://www.bilibili.com/video/BV1wY4y1X7QK
1232,梗指南,2023-03-18,哦啊啊哎哎,ó a a āi āi,o a a ai ai,03:06,BV1Us4y1H7jp,哦啊啊哎哎是什么梗【梗指南】,https://www.bilibili.com/video/BV1Us4y1H7jp
1233,梗百科,2023-03-18,Dinner特效,Dinner tè xiào,Dinner te xiao,02:01,BV1F24y147yv,【梗百科】Dinner特效是啥梗？,https://www.bilibili.com/video/BV1F24y147yv
1234,梗百科,2023-03-17,啊啊诶哦啊啊,a a éi ó a a,a a ei o a a,01:52,BV1eo4y1z7JY,【梗百科】啊啊诶哦啊啊是啥梗？陶喆到底怎么了？,https://www.bilibili.com/video/BV1eo4y1z7JY
1235,梗指南,2023-03-16,西瓜条,xī guā tiáo,xi gua tiao,02:24,BV1TY4y1R7cS,西瓜条是什么梗【梗指南】,https://www.bilibili.com/video/BV1TY4y1R7cS
1236,梗百科,2023-03-15,川哥指哪我打哪，我爸说啥我听啥,chuān gē zhǐ nǎ wǒ dǎ nǎ ， wǒ bà shuō shá wǒ tīng shá,chuan ge zhi na wo da na ， wo ba shuo sha wo ting sha,00:39,BV1Vc411E7ed,【梗百科】川哥指哪我打哪，我爸说啥我听啥是啥梗？,https://www.bilibili.com/video/BV1Vc411E7ed
1237,梗指南,2023-03-14,十年后你儿子问你xx,shí nián hòu nǐ ér zi wèn nǐ xx,shi nian hou ni er zi wen ni xx,02:17,BV19k4y1h7qu,十年后你儿子问你xx是什么梗【梗指南】,https://www.bilibili.com/video/BV19k4y1h7qu
1238,梗百科,2023-03-14,这是什么地方,zhè shì shén me dì fāng,zhe shi shen me di fang,01:16,BV1s8411F7M2,【梗百科】这是什么地方是啥梗？,https://www.bilibili.com/video/BV1s8411F7M2
1239,梗百科,2023-03-13,惊艳外网的披萨塔有,jīng yàn wài wǎng de pī sà tǎ yǒu,jing yan wai wang de pi sa ta you,05:26,BV1VM411W7KG,【梗百科】惊艳外网的披萨塔有啥梗？画风奇特好评如潮！,https://www.bilibili.com/video/BV1VM411W7KG
1240,梗指南,2023-03-12,川哥指哪我打哪,chuān gē zhǐ nǎ wǒ dǎ nǎ,chuan ge zhi na wo da na,01:41,BV1XL411d7gy,川哥指哪我打哪是什么梗【梗指南】,https://www.bilibili.com/video/BV1XL411d7gy
1241,梗百科,2023-03-11,茶叶蛋,chá yè dàn,cha ye dan,01:36,BV1A24y137ZM,【梗百科】茶叶蛋是啥梗？这个梗怎么又被翻出来了？？,https://www.bilibili.com/video/BV1A24y137ZM
1242,梗指南,2023-03-09,孔乙己的长衫,kǒng yǐ jǐ de cháng shān,kong yi ji de chang shan,01:57,BV1s54y1M7wQ,孔乙己的长衫是什么梗【梗指南】,https://www.bilibili.com/video/BV1s54y1M7wQ
1243,梗百科,2023-03-08,芝顿,zhī dùn,zhi dun,02:32,BV1sj411u7h7,【梗百科】芝顿～是啥梗？,https://www.bilibili.com/video/BV1sj411u7h7
1244,梗指南,2023-03-07,芝顿~芝顿,zhī dùn ~ zhī dùn,zhi dun ~ zhi dun,01:50,BV1Rs4y1V7yt,芝顿~芝顿~是什么梗【梗指南】,https://www.bilibili.com/video/BV1Rs4y1V7yt
1245,梗指南,2023-03-06,地下宝宝巴士,dì xià bǎo bǎo bā shì,di xia bao bao ba shi,01:44,BV1Bo4y1z7LN,地下宝宝巴士是什么梗【梗指南】,https://www.bilibili.com/video/BV1Bo4y1z7LN
1246,梗百科,2023-03-05,Animan Studios,Animan Studios,Animan Studios,01:48,BV1sY41167Xu,【梗百科】Animan Studios是啥梗？黑人辛吉飞火爆全网！？,https://www.bilibili.com/video/BV1sY41167Xu
1247,梗指南,2023-03-04,唠嗑区,lào kē qū,lao ke qu,03:05,BV1ts4y1L7Y6,唠嗑区是什么意思【梗指南】,https://www.bilibili.com/video/BV1ts4y1L7Y6
1248,梗百科,2023-03-02,DNF宝宝巴士,DNF bǎo bǎo bā shì,DNF bao bao ba shi,01:38,BV1Y84y1N7Ps,【梗百科】DNF宝宝巴士是啥梗？,https://www.bilibili.com/video/BV1Y84y1N7Ps
1249,梗指南,2023-03-02,等会你要去哪里,děng huì nǐ yào qù nǎ lǐ,deng hui ni yao qu na li,02:48,BV1tj411g7Xu,等会你要去哪里是什么梗【梗指南】,https://www.bilibili.com/video/BV1tj411g7Xu
1250,梗指南,2023-02-28,奶嗝文学,nǎi gé wén xué,nai ge wen xue,02:11,BV1A24y1V7U3,奶嗝文学是什么梗【梗指南】,https://www.bilibili.com/video/BV1A24y1V7U3
1251,梗指南,2023-02-27,XX是一个魁梧女子,XX shì yí gè kuí wú nǚ zǐ,XX shi yi ge kui wu nv zi,02:15,BV18D4y1u7yy,XX是一个魁梧女子是什么梗【梗指南】,https://www.bilibili.com/video/BV18D4y1u7yy
1252,梗百科,2023-02-27,Ai美国总统打游戏,Ai měi guó zǒng tǒng dǎ yóu xì,Ai mei guo zong tong da you xi,01:54,BV1zT411e7m1,【梗百科】Ai美国总统打游戏是啥梗？,https://www.bilibili.com/video/BV1zT411e7m1
1253,梗百科,2023-02-24,wojak,wojak,wojak,02:10,BV1mj411V7zv,【梗百科】wojak是啥梗？你有见过吗？外网最经典表情包之一！,https://www.bilibili.com/video/BV1mj411V7zv
1254,梗指南,2023-02-23,变态冰箱,biàn tài bīng xiāng,bian tai bing xiang,02:25,BV1wA41117HG,变态冰箱是什么梗【梗指南】,https://www.bilibili.com/video/BV1wA41117HG
1255,梗指南,2023-02-22,爱如火,ài rú huǒ,ai ru huo,02:53,BV13g4y1W7Ra,爱如火是什么梗【梗指南】,https://www.bilibili.com/video/BV13g4y1W7Ra
1256,梗百科,2023-02-22,变态冰箱,biàn tài bīng xiāng,bian tai bing xiang,01:53,BV1sy4y1f7Un,【梗百科】变态冰箱是啥梗？,https://www.bilibili.com/video/BV1sy4y1f7Un
1257,梗指南,2023-02-21,杂交叫兽是什么东西,zá jiāo jiào shòu shì shén me dōng xī,za jiao jiao shou shi shen me dong xi,03:10,BV1yM411A7io,杂交叫兽是什么东西【梗指南】,https://www.bilibili.com/video/BV1yM411A7io
1258,梗指南,2023-02-19,我放弃了xx，我原本想xx,wǒ fàng qì le xx， wǒ yuán běn xiǎng xx,wo fang qi le xx， wo yuan ben xiang xx,03:23,BV1UA41127Tt,我放弃了xx，我原本想xx是什么梗【梗指南】,https://www.bilibili.com/video/BV1UA41127Tt
1259,梗百科,2023-02-19,恶魔特效,è mó tè xiào,e mo te xiao,02:23,BV1s84y1H7r2,【梗百科】恶魔特效是啥梗？,https://www.bilibili.com/video/BV1s84y1H7r2
1260,梗百科,2023-02-17,催眠AI,cuī mián AI,cui mian AI,01:51,BV1Rs4y1876M,【梗百科】催眠AI是怎么回事？把Chatgpt变成猫娘？！？,https://www.bilibili.com/video/BV1Rs4y1876M
1261,梗指南,2023-02-16,蝉鸣文学,chán míng wén xué,chan ming wen xue,01:42,BV1Ry4y1f72Y,蝉鸣文学是什么梗【梗指南】,https://www.bilibili.com/video/BV1Ry4y1f72Y
1262,梗指南,2023-02-15,甜美的空气,tián měi de kōng qì,tian mei de kong qi,01:47,BV1Ss4y1a7gL,甜美的空气是什么梗【梗指南】,https://www.bilibili.com/video/BV1Ss4y1a7gL
1263,梗百科,2023-02-15,Sigma表情,Sigma biǎo qíng,Sigma biao qing,01:45,BV12D4y1w7ce,【梗百科】Sigma表情是啥梗？,https://www.bilibili.com/video/BV12D4y1w7ce
1264,梗指南,2023-02-14,情人节段子大赏,qíng rén jié duàn zi dà shǎng,qing ren jie duan zi da shang,03:02,BV1xD4y1P7C2,情 人 节 段 子 大 赏【梗指南】,https://www.bilibili.com/video/BV1xD4y1P7C2
1265,梗百科,2023-02-14,无表情love,wú biǎo qíng love,wu biao qing love,01:01,BV1tM411n7qm,【梗百科】无表情love是啥梗？,https://www.bilibili.com/video/BV1tM411n7qm
1266,梗指南,2023-02-13,sigma表情,sigma biǎo qíng,sigma biao qing,01:36,BV1884y1p7GN,sigma表情是什么梗【梗指南】,https://www.bilibili.com/video/BV1884y1p7GN
1267,梗指南,2023-02-09,阳光开朗大男孩,yáng guāng kāi lǎng dà nán hái,yang guang kai lang da nan hai,02:32,BV1TT411R7Qb,阳光开朗大男孩是什么梗【梗指南】,https://www.bilibili.com/video/BV1TT411R7Qb
1268,梗百科,2023-02-08,马兆海鸥,mǎ zhào hǎi ōu,ma zhao hai ou,00:59,BV1PY411B7b7,【梗百科】马兆海鸥是什么梗？,https://www.bilibili.com/video/BV1PY411B7b7
1269,梗指南,2023-02-06,青海摇,qīng hǎi yáo,qing hai yao,02:38,BV1pR4y1z7LH,青海摇是什么梗【梗指南】,https://www.bilibili.com/video/BV1pR4y1z7LH
1270,梗指南,2023-02-05,英雄联盟马服,yīng xióng lián méng mǎ fú,ying xiong lian meng ma fu,01:54,BV1Zs4y1W75m,英雄联盟马服是什么梗【梗指南】,https://www.bilibili.com/video/BV1Zs4y1W75m
1271,梗百科,2023-02-05,↑ ↓ ↑ → ← → ← →,↑ ↓ ↑ → ← → ← →,↑ ↓ ↑ → ← → ← →,01:51,BV1EA411671E,【梗百科】↑ ↓ ↑ → ← → ← →是啥梗？,https://www.bilibili.com/video/BV1EA411671E
1272,梗指南,2023-02-04,长鼻狗,zhǎng bí gǒu,zhang bi gou,01:47,BV1aD4y1T7QP,长鼻狗是什么梗【梗指南】,https://www.bilibili.com/video/BV1aD4y1T7QP
1273,梗百科,2023-02-03,给我玩XXX,gěi wǒ wán XXX,gei wo wan XXX,01:19,BV1FA411k7A7,【梗百科】给我玩XXX是啥梗？,https://www.bilibili.com/video/BV1FA411k7A7
1274,梗指南,2023-02-01,电影院睡了三个小时,diàn yǐng yuàn shuì le sān gè xiǎo shí,dian ying yuan shui le san ge xiao shi,01:27,BV1f24y1q7w8,电影院睡了三个小时是什么梗【梗指南】,https://www.bilibili.com/video/BV1f24y1q7w8
1275,梗百科,2023-01-30,门外明明是秋的味道,mén wài míng míng shì qiū de wèi dào,men wai ming ming shi qiu de wei dao,02:52,BV1dY4y1R7Kh,【梗百科】门外明明是秋的味道是啥梗？,https://www.bilibili.com/video/BV1dY4y1R7Kh
1276,梗指南,2023-01-29,绝望的文盲,jué wàng de wén máng,jue wang de wen mang,01:47,BV1jY411S7jU,绝望的文盲是什么梗【梗指南】,https://www.bilibili.com/video/BV1jY411S7jU
1277,梗指南,2023-01-27,鼠鼠文学,shǔ shǔ wén xué,shu shu wen xue,01:59,BV17D4y1J7v2,鼠鼠文学是什么梗【梗指南】,https://www.bilibili.com/video/BV17D4y1J7v2
1278,梗百科,2023-01-25,原味九转大肠,yuán wèi jiǔ zhuǎn dà cháng,yuan wei jiu zhuan da chang,02:19,BV1dd4y1p7Kv,【梗百科】原味九转大肠是啥梗？,https://www.bilibili.com/video/BV1dd4y1p7Kv
1279,梗指南,2023-01-24,顶级厨师九转大肠,dǐng jí chú shī jiǔ zhuǎn dà cháng,ding ji chu shi jiu zhuan da chang,02:45,BV1yM411q773,顶级厨师九转大肠是什么梗【梗指南】,https://www.bilibili.com/video/BV1yM411q773
1280,梗百科,2023-01-23,十字手变身,shí zì shǒu biàn shēn,shi zi shou bian shen,02:08,BV1s3411o7rr,【梗百科】十字手变身是啥梗？,https://www.bilibili.com/video/BV1s3411o7rr
1281,梗指南,2023-01-21,春节段子大赏,chūn jié duàn zi dà shǎng,chun jie duan zi da shang,03:51,BV1e24y16724,春 节 段 子 大 赏【梗指南】,https://www.bilibili.com/video/BV1e24y16724
1282,梗指南,2023-01-20,调大休,diào dà xiū,diao da xiu,01:54,BV1ds4y1t7um,调大休是什么意思【梗指南】,https://www.bilibili.com/video/BV1ds4y1t7um
1283,梗指南,2023-01-19,谢谢龙兔兔,xiè xiè lóng tù tù,xie xie long tu tu,01:26,BV1jG4y1C7gG,【梗指南】谢谢龙兔兔是什么梗,https://www.bilibili.com/video/BV1jG4y1C7gG
1284,梗百科,2023-01-19,阳光开朗大男孩,yáng guāng kāi lǎng dà nán hái,yang guang kai lang da nan hai,01:27,BV1QD4y1J7Wc,【梗百科】阳光开朗大男孩是啥梗？,https://www.bilibili.com/video/BV1QD4y1J7Wc
1285,梗百科,2023-01-18,暴雪绿茶,bào xuě lǜ chá,bao xue lv cha,01:23,BV1PR4y1a7sF,【梗百科】暴雪绿茶是啥梗？,https://www.bilibili.com/video/BV1PR4y1a7sF
1286,梗指南,2023-01-18,暴雪绿茶,bào xuě lǜ chá,bao xue lv cha,01:51,BV1eR4y1e7ZX,暴雪绿茶是什么意思【梗指南】,https://www.bilibili.com/video/BV1eR4y1e7ZX
1287,梗指南,2023-01-17,银行不妙曲,yín háng bù miào qū,yin hang bu miao qu,01:47,BV1gW4y1G7iG,银行不妙曲是什么梗【梗指南】,https://www.bilibili.com/video/BV1gW4y1G7iG
1288,梗百科,2023-01-15,战鹰是谁？棋手还是骑手,zhàn yīng shì shuí ？ qí shǒu hái shì qí shǒu,zhan ying shi shui ？ qi shou hai shi qi shou,06:40,BV1VD4y1H7kb,【梗百科】战鹰是谁？棋手还是骑手？,https://www.bilibili.com/video/BV1VD4y1H7kb
1289,梗指南,2023-01-14,夜の踊りXX,yè の yǒng りXX,ye の yong りXX,01:36,BV1ZT41127st,夜の踊りXX是什么梗【梗指南】,https://www.bilibili.com/video/BV1ZT41127st
1290,梗百科,2023-01-13,长鼻狗,zhǎng bí gǒu,zhang bi gou,02:02,BV15v4y117q4,【梗百科】长鼻狗是啥梗？Let Me Do It For You~,https://www.bilibili.com/video/BV15v4y117q4
1291,梗指南,2023-01-12,万柳书院少爷,wàn liǔ shū yuàn shào yé,wan liu shu yuan shao ye,02:03,BV1KG4y11762,万柳书院少爷是什么梗【梗指南】,https://www.bilibili.com/video/BV1KG4y11762
1292,梗百科,2023-01-12,老马啊,lǎo mǎ a,lao ma a,02:30,BV17W4y137ai,【梗百科】老马啊是啥梗？,https://www.bilibili.com/video/BV17W4y137ai
1293,梗指南,2023-01-11,加州女孩,jiā zhōu nǚ hái,jia zhou nv hai,01:36,BV17W4y137F9,加州女孩是什么梗【梗指南】,https://www.bilibili.com/video/BV17W4y137F9
1294,梗指南,2023-01-10,老马啊老马,lǎo mǎ a lǎo mǎ,lao ma a lao ma,02:29,BV1EM411F7C8,老马啊老马是什么梗【梗指南】,https://www.bilibili.com/video/BV1EM411F7C8
1295,梗指南,2023-01-09,可颂猫,kě sòng māo,ke song mao,02:01,BV1jA411Z7bT,可颂猫是什么梗【梗指南】,https://www.bilibili.com/video/BV1jA411Z7bT
1296,梗百科,2023-01-09,Quaso,Quaso,Quaso,02:59,BV1M8411T7yF,【梗百科】Quaso是啥梗？可可爱爱可颂猫怎么火了？,https://www.bilibili.com/video/BV1M8411T7yF
1297,梗指南,2023-01-07,2-16,2-16,2-16,05:21,BV1yK411y7Ss,2-16是什么梗【梗指南】,https://www.bilibili.com/video/BV1yK411y7Ss
1298,梗百科,2023-01-07,把阎魔刀给我,bǎ yán mó dāo gěi wǒ,ba yan mo dao gei wo,01:22,BV14M41187pd,【梗百科】把阎魔刀给我是啥梗？V哥的塑料椅梗又被翻出来咯~,https://www.bilibili.com/video/BV14M41187pd
1299,梗指南,2023-01-05,远方传来风笛,yuǎn fāng chuán lái fēng dí,yuan fang chuan lai feng di,01:53,BV1u84y1e7on,远方传来风笛是什么梗【梗指南】,https://www.bilibili.com/video/BV1u84y1e7on
1300,梗百科,2023-01-05,妈妈生的,mā mā shēng de,ma ma sheng de,02:08,BV1gD4y1V74c,【梗百科】妈妈生的是啥梗？,https://www.bilibili.com/video/BV1gD4y1V74c
1301,梗指南,2023-01-04,R星出品，必属精品,R xīng chū pǐn ， bì shǔ jīng pǐn,R xing chu pin ， bi shu jing pin,01:53,BV1VG4y1L7Gu,R星出品，必属精品是什么梗【梗指南】,https://www.bilibili.com/video/BV1VG4y1L7Gu
1302,梗指南,2023-01-03,卡布叻男团,kǎ bù lè nán tuán,ka bu le nan tuan,01:33,BV1We4y1V71d,卡布叻男团是什么梗【梗指南】,https://www.bilibili.com/video/BV1We4y1V71d
1303,梗百科,2023-01-02,大妈掏出烧饼,dà mā tāo chū shāo bǐng,da ma tao chu shao bing,02:40,BV1Y84y1Y7RG,【梗百科】大妈掏出烧饼是啥梗？,https://www.bilibili.com/video/BV1Y84y1Y7RG
1304,梗指南,2023-01-01,中国人不蹦洋迪,zhōng guó rén bù bèng yáng dí,zhong guo ren bu beng yang di,01:44,BV1VK411q7gB,中国人不蹦洋迪是什么梗【梗指南】,https://www.bilibili.com/video/BV1VK411q7gB
1305,梗指南,2022-12-31,跨年段子大赏,kuà nián duàn zi dà shǎng,kua nian duan zi da shang,02:39,BV1Ee4y1L7Wp,跨 年 段 子 大 赏【梗指南】,https://www.bilibili.com/video/BV1Ee4y1L7Wp
1306,梗百科,2022-12-31,孙国帅是谁？答辩怎么就火了,sūn guó shuài shì shuí ？ dá biàn zěn me jiù huǒ le,sun guo shuai shi shui ？ da bian zen me jiu huo le,04:13,BV11A411S7mJ,【梗百科】孙国帅是谁？答辩怎么就火了？,https://www.bilibili.com/video/BV11A411S7mJ
1307,梗指南,2022-12-30,不辣椒响乐,bù là jiāo xiǎng lè,bu la jiao xiang le,01:31,BV1YA411Q7yp,不辣椒响乐是什么梗【梗指南】,https://www.bilibili.com/video/BV1YA411Q7yp
1308,梗指南,2022-12-28,2022热梗年度总结,2022 rè gěng nián dù zǒng jié,2022 re geng nian du zong jie,16:52,BV1i8411J7rH,2 0 2 2 热 梗 年 度 总 结【梗指南】,https://www.bilibili.com/video/BV1i8411J7rH
1309,梗百科,2022-12-27,nia～nia～nia,nia～nia～nia,nia～nia～nia,01:56,BV1X24y1S7jJ,【梗百科】nia～nia～nia～是啥梗？这就是二战电报员？,https://www.bilibili.com/video/BV1X24y1S7jJ
1310,梗指南,2022-12-26,牛姐的养老保险,niú jiě de yǎng lǎo bǎo xiǎn,niu jie de yang lao bao xian,01:51,BV1UY411m75o,牛姐的养老保险是什么梗【梗指南】,https://www.bilibili.com/video/BV1UY411m75o
1311,梗百科,2022-12-25,那年我双手插兜,nà nián wǒ shuāng shǒu chā dōu,na nian wo shuang shou cha dou,01:39,BV1r24y1S7CM,【梗百科】那年我双手插兜是啥梗？,https://www.bilibili.com/video/BV1r24y1S7CM
1312,梗指南,2022-12-24,布洛芬小红人,bù luò fēn xiǎo hóng rén,bu luo fen xiao hong ren,01:32,BV1J44y1o71R,布洛芬小红人是什么梗【梗指南】,https://www.bilibili.com/video/BV1J44y1o71R
1313,梗百科,2022-12-23,xx有后坐，打枪更快乐,xx yǒu hòu zuò ， dǎ qiāng gèng kuài lè,xx you hou zuo ， da qiang geng kuai le,01:39,BV1Mg411b78M,【梗百科】xx有后坐，打枪更快乐是啥梗？,https://www.bilibili.com/video/BV1Mg411b78M
1314,梗百科,2022-12-22,小人起舞？布洛芬小红人,xiǎo rén qǐ wǔ ？ bù luò fēn xiǎo hóng rén,xiao ren qi wu ？ bu luo fen xiao hong ren,02:16,BV1mg411t7YQ,【梗百科】小人起舞？布洛芬小红人是啥梗？,https://www.bilibili.com/video/BV1mg411t7YQ
1315,梗指南,2022-12-21,宝鹃我的嗓子,bǎo juān wǒ de sǎng zi,bao juan wo de sang zi,03:08,BV1od4y1Y7Vb,宝鹃 我的嗓子是什么梗【梗指南】,https://www.bilibili.com/video/BV1od4y1Y7Vb
1316,梗指南,2022-12-20,太痛苦了,tài tòng kǔ le,tai tong ku le,03:07,BV1pg411J7He,太痛苦了是什么梗【梗指南】,https://www.bilibili.com/video/BV1pg411J7He
1317,梗百科,2022-12-19,长安汽车,cháng ān qì chē,chang an qi che,02:43,BV1Jd4y1Y7VH,【梗百科】长安汽车是啥梗？,https://www.bilibili.com/video/BV1Jd4y1Y7VH
1318,梗指南,2022-12-18,给你俩窝窝,gěi nǐ liǎ wō wō,gei ni lia wo wo,02:07,BV1U14y1N7aN,给你俩窝窝是什么梗【梗指南】,https://www.bilibili.com/video/BV1U14y1N7aN
1319,梗指南,2022-12-17,真的想听到你们说话,zhēn de xiǎng tīng dào nǐ men shuō huà,zhen de xiang ting dao ni men shuo hua,03:29,BV1yG411P7m7,真的想听到你们说话是什么梗【梗指南】,https://www.bilibili.com/video/BV1yG411P7m7
1320,梗百科,2022-12-17,牛姐解冻,niú jiě jiě dòng,niu jie jie dong,02:54,BV1b14y1A7C2,【梗百科】牛姐解冻是啥梗？圣诞神曲竟成恐怖大片？,https://www.bilibili.com/video/BV1b14y1A7C2
1321,梗指南,2022-12-16,物资掠夺者是什么东西,wù zī lüè duó zhě shì shén me dōng xī,wu zi lve duo zhe shi shen me dong xi,01:59,BV1D84y1x79S,物资掠夺者是什么东西【梗指南】,https://www.bilibili.com/video/BV1D84y1x79S
1322,梗百科,2022-12-14,黄桃罐头怎么火了,huáng táo guàn tou zěn me huǒ le,huang tao guan tou zen me huo le,00:48,BV1344y1Z7gh,【梗百科】黄桃罐头怎么火了？,https://www.bilibili.com/video/BV1344y1Z7gh
1323,梗指南,2022-12-14,世界杯段子大赏,shì jiè bēi duàn zi dà shǎng,shi jie bei duan zi da shang,04:14,BV1CD4y18773,世 界 杯 段 子 大 赏【梗指南】,https://www.bilibili.com/video/BV1CD4y18773
1324,梗指南,2022-12-11,刚刚在那边看到你,gāng gāng zài nà biān kàn dào nǐ,gang gang zai na bian kan dao ni,01:45,BV15K411r7C5,刚刚在那边看到你是什么梗【梗指南】,https://www.bilibili.com/video/BV15K411r7C5
1325,梗指南,2022-12-10,肉鸡队长,ròu jī duì zhǎng,rou ji dui zhang,01:32,BV1bV4y1P7n6,【梗指南】肉鸡队长是什么梗,https://www.bilibili.com/video/BV1bV4y1P7n6
1326,梗百科,2022-12-09,TGA上的红灵入侵,TGA shàng de hóng líng rù qīn,TGA shang de hong ling ru qin,01:11,BV1wD4y1a721,【梗百科】TGA上的红灵入侵是啥梗？,https://www.bilibili.com/video/BV1wD4y1a721
1327,梗指南,2022-12-08,臣妾要告发,chén qiè yào gào fā,chen qie yao gao fa,02:41,BV1Nd4y1x7Go,臣妾要告发是什么梗【梗指南】,https://www.bilibili.com/video/BV1Nd4y1x7Go
1328,梗百科,2022-12-08,杨迪厌世脸,yáng dí yàn shì liǎn,yang di yan shi lian,01:03,BV1dd4y1s7Rt,【梗百科】杨迪厌世脸是啥梗？,https://www.bilibili.com/video/BV1dd4y1s7Rt
1329,梗指南,2022-12-07,迪宇宙,dí yǔ zhòu,di yu zhou,01:30,BV1SG4y1g7XP,迪宇宙是什么梗【梗指南】,https://www.bilibili.com/video/BV1SG4y1g7XP
1330,梗百科,2022-12-05,外国人惊呆，腾讯的AI绘画在外网成了梗,wài guó rén jīng dāi ， téng xùn de AI huì huà zài wài wǎng chéng le gěng,wai guo ren jing dai ， teng xun de AI hui hua zai wai wang cheng le geng,01:10,BV1C24y1k7hc,【梗百科】外国人惊呆，腾讯的AI绘画在外网成了梗？,https://www.bilibili.com/video/BV1C24y1k7hc
1331,梗指南,2022-12-04,你是懂xx的,nǐ shì dǒng xx de,ni shi dong xx de,01:30,BV19K411R7Yi,你是懂xx的是什么梗【梗指南】,https://www.bilibili.com/video/BV19K411R7Yi
1332,梗百科,2022-12-02,秦始皇的小曲儿,qín shǐ huáng de xiǎo qǔ ér,qin shi huang de xiao qu er,01:37,BV1ve411N7wz,【梗百科】秦始皇的小曲儿是啥梗？,https://www.bilibili.com/video/BV1ve411N7wz
1333,梗指南,2022-12-02,旋转鸡块,xuán zhuǎn jī kuài,xuan zhuan ji kuai,02:05,BV1AP411M7oe,旋转鸡块是什么梗【梗指南】,https://www.bilibili.com/video/BV1AP411M7oe
1334,梗百科,2022-12-01,XX旋转X分钟,XX xuán zhuǎn X fēn zhōng,XX xuan zhuan X fen zhong,01:09,BV1FG411u7vG,【梗百科】XX旋转X分钟是什么梗？,https://www.bilibili.com/video/BV1FG411u7vG
1335,梗指南,2022-11-29,第五玩家精神状态,dì wǔ wán jiā jīng shén zhuàng tài,di wu wan jia jing shen zhuang tai,02:26,BV1JM41167ia,【梗指南】第五玩家精神状态是什么梗,https://www.bilibili.com/video/BV1JM41167ia
1336,梗百科,2022-11-29,太多意想不到，世界杯梗合集,tài duō yì xiǎng bù dào ， shì jiè bēi gěng hé jí,tai duo yi xiang bu dao ， shi jie bei geng he ji,02:27,BV1mP411T7KM,【梗百科】太多意想不到，世界杯梗合集！,https://www.bilibili.com/video/BV1mP411T7KM
1337,梗指南,2022-11-27,心之钢联盟,xīn zhī gāng lián méng,xin zhi gang lian meng,02:31,BV1PY411d72r,心之钢联盟是什么梗【梗指南】,https://www.bilibili.com/video/BV1PY411d72r
1338,梗指南,2022-11-26,心态侠,xīn tài xiá,xin tai xia,02:12,BV1qv4y127x1,【梗指南】心态侠是什么梗,https://www.bilibili.com/video/BV1qv4y127x1
1339,梗指南,2022-11-25,矮人科技,ǎi rén kē jì,ai ren ke ji,02:13,BV1kK411d7RM,矮人科技是什么梗【梗指南】,https://www.bilibili.com/video/BV1kK411d7RM
1340,梗百科,2022-11-23,心之钢联盟,xīn zhī gāng lián méng,xin zhi gang lian meng,01:28,BV15e4y1W7C1,【梗百科】心之钢联盟是啥梗？,https://www.bilibili.com/video/BV15e4y1W7C1
1341,梗指南,2022-11-22,妈传菜,mā chuán cài,ma chuan cai,02:13,BV1EM411r7Rv,妈传菜是什么梗【梗指南】,https://www.bilibili.com/video/BV1EM411r7Rv
1342,梗指南,2022-11-22,富贵不能赢,fù guì bù néng yíng,fu gui bu neng ying,01:46,BV1z841177rd,富贵不能赢是什么梗【梗指南】,https://www.bilibili.com/video/BV1z841177rd
1343,梗百科,2022-11-21,守望先锋归西,shǒu wàng xiān fēng guī xī,shou wang xian feng gui xi,01:21,BV1Y14y1H7rs,【梗百科】守望先锋归西是啥梗？暴雪压塌养猪厂？,https://www.bilibili.com/video/BV1Y14y1H7rs
1344,梗百科,2022-11-20,宝可梦2077,bǎo kě mèng 2077,bao ke meng 2077,02:02,BV1N3411f7qX,【梗百科】宝可梦2077是啥梗？,https://www.bilibili.com/video/BV1N3411f7qX
1345,梗指南,2022-11-20,暴雪压塌养猪场,bào xuě yā tā yǎng zhū chǎng,bao xue ya ta yang zhu chang,02:14,BV1dG4y1o7Gj,暴雪压塌养猪场是什么梗【梗指南】,https://www.bilibili.com/video/BV1dG4y1o7Gj
1346,梗指南,2022-11-19,骰子型上单,tóu zi xíng shàng dān,tou zi xing shang dan,03:07,BV1jv4y1U72X,骰子型上单是什么梗【梗指南】,https://www.bilibili.com/video/BV1jv4y1U72X
1347,梗百科,2022-11-18,我有冰淇淋这个梗并不止看上去那么简单,wǒ yǒu bīng qí lín zhè ge gěng bìng bù zhǐ kàn shàng qù nà me jiǎn dān,wo you bing qi lin zhe ge geng bing bu zhi kan shang qu na me jian dan,02:01,BV1gK411d7k2,【梗百科】我有冰淇淋这个梗并不止看上去那么简单...,https://www.bilibili.com/video/BV1gK411d7k2
1348,梗指南,2022-11-17,杀人篮球是什么东西,shā rén lán qiú shì shén me dōng xī,sha ren lan qiu shi shen me dong xi,01:29,BV1JD4y147NS,杀人篮球是什么东西【梗指南】,https://www.bilibili.com/video/BV1JD4y147NS
1349,梗百科,2022-11-17,外网爆火的慢慢龟跳舞,wài wǎng bào huǒ de màn màn guī tiào wǔ,wai wang bao huo de man man gui tiao wu,02:05,BV1ZG411F7CT,【梗百科】外网爆火的慢慢龟跳舞是啥梗？bah bah~,https://www.bilibili.com/video/BV1ZG411F7CT
1350,梗指南,2022-11-16,米津玄师被创飞,mǐ jīn xuán shī bèi chuàng fēi,mi jin xuan shi bei chuang fei,02:45,BV1VK411Z7nw,米津玄师被创飞是什么梗【梗指南】,https://www.bilibili.com/video/BV1VK411Z7nw
1351,梗百科,2022-11-16,金钥匙,jīn yào shi,jin yao shi,01:18,BV1xP411g75u,【梗百科】金钥匙是啥梗？,https://www.bilibili.com/video/BV1xP411g75u
1352,梗指南,2022-11-14,尖叫扭曲阴暗地爬行,jiān jiào niǔ qū yīn àn dì pá xíng,jian jiao niu qu yin an di pa xing,01:50,BV1rg411s7JU,尖叫扭曲阴暗地爬行是什么梗【梗指南】,https://www.bilibili.com/video/BV1rg411s7JU
1353,梗指南,2022-11-11,光棍节段子大赏,guāng gùn jié duàn zi dà shǎng,guang gun jie duan zi da shang,03:04,BV1Ne4y1s7aj,光 棍 节 段 子 大 赏【梗指南】,https://www.bilibili.com/video/BV1Ne4y1s7aj
1354,梗百科,2022-11-11,为爱冲锋的勇士,wèi ài chōng fēng de yǒng shì,wei ai chong feng de yong shi,01:11,BV1QW4y1s7nM,【梗百科】为爱冲锋的勇士是啥梗？,https://www.bilibili.com/video/BV1QW4y1s7nM
1355,梗百科,2022-11-10,矮人科技,ǎi rén kē jì,ai ren ke ji,01:35,BV1tD4y1x7DX,【梗百科】矮人科技是啥梗？加大加厚压缩毛巾是啥？,https://www.bilibili.com/video/BV1tD4y1x7DX
1356,梗指南,2022-11-09,我是当主播不是当儿子,wǒ shì dāng zhǔ bō bú shì dāng ér zi,wo shi dang zhu bo bu shi dang er zi,02:37,BV1Yd4y1F7vP,我是当主播不是当儿子是什么梗【梗指南】,https://www.bilibili.com/video/BV1Yd4y1F7vP
1357,梗百科,2022-11-08,桀哥直播间来的,jié gē zhí bō jiān lái de,jie ge zhi bo jian lai de,01:44,BV1nv4y1S7is,【梗百科】桀哥直播间来的是啥梗？,https://www.bilibili.com/video/BV1nv4y1S7is
1358,梗指南,2022-11-06,注意看,zhù yì kàn,zhu yi kan,02:06,BV1ae411F7uv,注意看是什么梗【梗指南】,https://www.bilibili.com/video/BV1ae411F7uv
1359,梗百科,2022-11-06,原神哥,yuán shén gē,yuan shen ge,01:24,BV1jG411P7H6,【梗百科】原神哥是啥梗？原友的含金量是什么意思？,https://www.bilibili.com/video/BV1jG411P7H6
1360,梗百科,2022-11-05,注意看，这个xx正在,zhù yì kàn ， zhè ge xx zhèng zài,zhu yi kan ， zhe ge xx zheng zai,02:00,BV1zD4y1t7uT,【梗百科】注意看，这个xx正在...是啥梗？,https://www.bilibili.com/video/BV1zD4y1t7uT
1361,梗指南,2022-11-04,联合国那边怎么说,lián hé guó nà biān zěn me shuō,lian he guo na bian zen me shuo,01:46,BV1vG4y1Z7c4,联合国那边怎么说是什么梗【梗指南】,https://www.bilibili.com/video/BV1vG4y1Z7c4
1362,梗百科,2022-11-04,当代大学生的精神状态怎么了？发疯文学再次回归,dāng dài dà xué shēng de jīng shén zhuàng tài zěn me le ？ fā fēng wén xué zài cì huí guī,dang dai da xue sheng de jing shen zhuang tai zen me le ？ fa feng wen xue zai ci hui gui,01:36,BV1wv4y1Q7Th,【梗百科】当代大学生的精神状态怎么了？发疯文学再次回归！,https://www.bilibili.com/video/BV1wv4y1Q7Th
1363,梗百科,2022-11-03,鬼灭之刃里都有,guǐ miè zhī rèn lǐ dōu yǒu,gui mie zhi ren li dou you,06:12,BV1fW4y1j7no,【梗百科】鬼灭之刃里都有啥梗？,https://www.bilibili.com/video/BV1fW4y1j7no
1364,梗指南,2022-11-02,无痛养狗,wú tòng yǎng gǒu,wu tong yang gou,01:32,BV1S84y1i74b,无痛养狗是什么梗【梗指南】,https://www.bilibili.com/video/BV1S84y1i74b
1365,梗百科,2022-11-02,宿舍养“狗,sù shè yǎng “ gǒu,su she yang “ gou,01:10,BV1je4y1t7vX,【梗百科】宿舍养“狗”是咋回事？有狗了，已经不想和没狗的人说话了！！,https://www.bilibili.com/video/BV1je4y1t7vX
1366,梗指南,2022-11-01,万圣节段子大赏,wàn shèng jié duàn zi dà shǎng,wan sheng jie duan zi da shang,02:28,BV1i8411Y7bo,万 圣 节 段 子 大 赏【梗指南】,https://www.bilibili.com/video/BV1i8411Y7bo
1367,梗百科,2022-10-31,蓝色妖姬,lán sè yāo jī,lan se yao ji,02:05,BV1fV4y1g7UH,【梗百科】蓝色妖姬是啥梗？金色切尔西是什么意思？,https://www.bilibili.com/video/BV1fV4y1g7UH
1368,梗指南,2022-10-31,把纸片当成异性,bǎ zhǐ piàn dàng chéng yì xìng,ba zhi pian dang cheng yi xing,02:20,BV1q8411Y7VH,把纸片当成异性是什么梗【梗指南】,https://www.bilibili.com/video/BV1q8411Y7VH
1369,梗指南,2022-10-30,大外孙你牛波一,dà wài sūn nǐ niú bō yī,da wai sun ni niu bo yi,02:53,BV1e84y1i7RZ,大外孙你牛波一是什么梗【梗指南】,https://www.bilibili.com/video/BV1e84y1i7RZ
1370,梗百科,2022-10-29,One Piece是真实存在的,One Piece shì zhēn shí cún zài de,One Piece shi zhen shi cun zai de,03:38,BV1qD4y1b7t1,【梗百科】One Piece是真实存在的是啥梗？,https://www.bilibili.com/video/BV1qD4y1b7t1
1371,梗指南,2022-10-28,刘慈欣还是留了一手,liú cí xīn hái shì liú le yī shǒu,liu ci xin hai shi liu le yi shou,01:49,BV1Qe4y127Y3,刘慈欣还是留了一手是什么梗【梗指南】,https://www.bilibili.com/video/BV1Qe4y127Y3
1372,梗指南,2022-10-27,石矶娘娘,shí jī niáng niáng,shi ji niang niang,03:04,BV1EP4y1S7tH,石矶娘娘是什么梗【梗指南】,https://www.bilibili.com/video/BV1EP4y1S7tH
1373,梗百科,2022-10-27,考哥.jpg,kǎo gē .jpg,kao ge .jpg,00:51,BV1tg411z779,【梗百科】考哥.jpg是啥梗,https://www.bilibili.com/video/BV1tg411z779
1374,梗指南,2022-10-27,种田.JPG,zhòng tián .JPG,zhong tian .JPG,02:07,BV19e41137Fb,种田.JPG是什么梗【梗指南】,https://www.bilibili.com/video/BV19e41137Fb
1375,梗指南,2022-10-24,6,6,6,01:26,BV1pP4y1S7Lp,6是什么梗【梗指南】,https://www.bilibili.com/video/BV1pP4y1S7Lp
1376,梗指南,2022-10-22,蓝色妖姬,lán sè yāo jī,lan se yao ji,02:20,BV1Te4y1e7FJ,蓝色妖姬是什么梗【梗指南】,https://www.bilibili.com/video/BV1Te4y1e7FJ
1377,梗百科,2022-10-22,jiayou a chunyu,jiayou a chunyu,jiayou a chunyu,01:30,BV1Qg41187rn,【梗百科】jiayou a chunyu 是啥梗？,https://www.bilibili.com/video/BV1Qg41187rn
1378,梗百科,2022-10-22,徒手吃面,tú shǒu chī miàn,tu shou chi mian,01:17,BV1ag411875A,【梗百科】徒手吃面是啥梗？,https://www.bilibili.com/video/BV1ag411875A
1379,梗百科,2022-10-21,无所谓，我会出手,wú suǒ wèi ， wǒ huì chū shǒu,wu suo wei ， wo hui chu shou,01:18,BV1MV4y1G7fo,【梗百科】无所谓，我会出手是啥梗？这个大红鱼到底出自哪儿？,https://www.bilibili.com/video/BV1MV4y1G7fo
1380,梗指南,2022-10-20,无所谓，我会出手,wú suǒ wèi ， wǒ huì chū shǒu,wu suo wei ， wo hui chu shou,01:42,BV1B8411e72U,无所谓，我会出手是什么梗【梗指南】,https://www.bilibili.com/video/BV1B8411e72U
1381,梗百科,2022-10-20,燕国地图,yàn guó dì tú,yan guo di tu,00:36,BV1D14y1j7Dp,【梗百科】燕国地图是啥梗？,https://www.bilibili.com/video/BV1D14y1j7Dp
1382,梗指南,2022-10-19,王宝钏挖野菜,wáng bǎo chuàn wā yě cài,wang bao chuan wa ye cai,02:09,BV1We4y1J7Pm,王宝钏挖野菜是什么梗【梗指南】,https://www.bilibili.com/video/BV1We4y1J7Pm
1383,梗指南,2022-10-18,表姑在温州搞批发,biǎo gū zài wēn zhōu gǎo pī fā,biao gu zai wen zhou gao pi fa,01:53,BV1M8411e7Rh,表姑在温州搞批发是什么梗【梗指南】,https://www.bilibili.com/video/BV1M8411e7Rh
1384,梗指南,2022-10-17,能坚持一个月就行,néng jiān chí yí gè yuè jiù xíng,neng jian chi yi ge yue jiu xing,01:46,BV1dP411P7oS,能坚持一个月就行是什么梗【梗指南】,https://www.bilibili.com/video/BV1dP411P7oS
1385,梗百科,2022-10-15,先质疑，再质疑,xiān zhì yí ， zài zhì yí,xian zhi yi ， zai zhi yi,01:48,BV1Lg411a7sp,【梗百科】先质疑，再质疑是啥梗？,https://www.bilibili.com/video/BV1Lg411a7sp
1386,梗指南,2022-10-15,ka le,ka le,ka le,01:56,BV1Pt4y1F7Cs,ka le是什么梗【梗指南】,https://www.bilibili.com/video/BV1Pt4y1F7Cs
1387,梗指南,2022-10-14,每一把都当最后一把,měi yī bǎ dōu dāng zuì hòu yī bǎ,mei yi ba dou dang zui hou yi ba,01:55,BV11m4y1A7GF,每一把都当最后一把是什么梗【梗指南】,https://www.bilibili.com/video/BV11m4y1A7GF
1388,梗百科,2022-10-14,Ai作画,Ai zuò huà,Ai zuo hua,02:48,BV1c84y1z7Gw,【梗百科】Ai作画是啥？又有啥梗？,https://www.bilibili.com/video/BV1c84y1z7Gw
1389,梗指南,2022-10-13,别质疑先相信,bié zhì yí xiān xiāng xìn,bie zhi yi xian xiang xin,02:26,BV1nW4y1J786,别质疑先相信是什么梗【梗指南】,https://www.bilibili.com/video/BV1nW4y1J786
1390,梗指南,2022-10-12,电子木鱼是什么东西,diàn zi mù yú shì shén me dōng xī,dian zi mu yu shi shen me dong xi,01:40,BV1ue4y1S7xx,电子木鱼是什么东西【梗指南】,https://www.bilibili.com/video/BV1ue4y1S7xx
1391,梗指南,2022-10-11,他在XXX你,tā zài XXX nǐ,ta zai XXX ni,01:49,BV19d4y1i7WR,他在XXX你是什么梗【梗指南】,https://www.bilibili.com/video/BV19d4y1i7WR
1392,梗指南,2022-10-09,飞镖扎气球,fēi biāo zhā qì qiú,fei biao zha qi qiu,02:23,BV18N4y1A7C1,飞镖扎气球是什么梗【梗指南】,https://www.bilibili.com/video/BV18N4y1A7C1
1393,梗指南,2022-10-08,我的蛋很大,wǒ de dàn hěn dà,wo de dan hen da,03:14,BV18V4y1L7uw,我的蛋很大是什么梗【梗指南】,https://www.bilibili.com/video/BV18V4y1L7uw
1394,梗百科,2022-10-08,啊..这个..哎嘿,a .. zhè ge .. āi hēi,a .. zhe ge .. ai hei,01:34,BV1SD4y1y7uT,【梗百科】啊..这个..哎嘿~是啥梗？,https://www.bilibili.com/video/BV1SD4y1y7uT
1395,梗指南,2022-10-07,Among Us眼,Among Us yǎn,Among Us yan,01:36,BV1SW4y1n7uS,Among Us眼是什么梗【梗指南】,https://www.bilibili.com/video/BV1SW4y1n7uS
1396,梗指南,2022-10-05,过20岁就不要穿的像个孩子,guò 20 suì jiù bú yào chuān de xiàng gè hái zi,guo 20 sui jiu bu yao chuan de xiang ge hai zi,01:47,BV1xB4y1j7xT,过20岁就不要穿的像个孩子是什么梗【梗指南】,https://www.bilibili.com/video/BV1xB4y1j7xT
1397,梗百科,2022-10-04,男人过了20岁，就别再穿的像个小孩子了,nán rén guò le 20 suì ， jiù bié zài chuān de xiàng gè xiǎo hái zi le,nan ren guo le 20 sui ， jiu bie zai chuan de xiang ge xiao hai zi le,02:33,BV1XP411E7i7,【梗百科】男人过了20岁，就别再穿的像个小孩子了是啥梗？,https://www.bilibili.com/video/BV1XP411E7i7
1398,梗指南,2022-10-04,萌妹的代名词,méng mèi de dài míng cí,meng mei de dai ming ci,01:52,BV1NG411n7pW,萌妹的代名词是什么梗【梗指南】,https://www.bilibili.com/video/BV1NG411n7pW
1399,梗指南,2022-10-02,国庆节段子大赏,guó qìng jié duàn zi dà shǎng,guo qing jie duan zi da shang,03:05,BV1Qe4y1B7ue,国 庆 节 段 子 大 赏【梗指南】,https://www.bilibili.com/video/BV1Qe4y1B7ue
1400,梗百科,2022-10-02,吊子姐,diào zi jiě,diao zi jie,00:41,BV1ue411j7xt,【梗百科】吊子姐是啥梗？,https://www.bilibili.com/video/BV1ue411j7xt
1401,梗指南,2022-09-30,脸给你丢光,liǎn gěi nǐ diū guāng,lian gei ni diu guang,01:20,BV1be4y1H7J5,脸给你丢光是什么梗【梗指南】,https://www.bilibili.com/video/BV1be4y1H7J5
1402,梗指南,2022-09-29,朕宰了你,zhèn zǎi le nǐ,zhen zai le ni,02:58,BV1re4y1H7gK,朕宰了你是什么梗【梗指南】,https://www.bilibili.com/video/BV1re4y1H7gK
1403,梗指南,2022-09-28,你行不行啊细狗,nǐ xíng bù xíng a xì gǒu,ni xing bu xing a xi gou,01:45,BV1Le4y1H7Xp,你行不行啊细狗是什么梗【梗指南】,https://www.bilibili.com/video/BV1Le4y1H7Xp
1404,梗百科,2022-09-28,我听随机歌单的感受,wǒ tīng suí jī gē dān de gǎn shòu,wo ting sui ji ge dan de gan shou,02:42,BV13e4y1r7JM,【梗百科】我听随机歌单的感受是啥梗？,https://www.bilibili.com/video/BV13e4y1r7JM
1405,梗指南,2022-09-27,电子榨菜,diàn zi zhà cài,dian zi zha cai,02:00,BV1UB4y1J7mn,【梗指南】电子榨菜是什么梗,https://www.bilibili.com/video/BV1UB4y1J7mn
1406,梗百科,2022-09-26,躲闪摇,duǒ shǎn yáo,duo shan yao,02:14,BV1RY4y1N7Su,【梗百科】躲闪摇是啥梗？,https://www.bilibili.com/video/BV1RY4y1N7Su
1407,梗指南,2022-09-25,躲闪摇,duǒ shǎn yáo,duo shan yao,01:35,BV1xB4y1773J,躲闪摇是什么梗【梗指南】,https://www.bilibili.com/video/BV1xB4y1773J
1408,梗百科,2022-09-24,现在是幻想时间,xiàn zài shì huàn xiǎng shí jiān,xian zai shi huan xiang shi jian,01:09,BV1LB4y1J78o,【梗百科】现在是幻想时间是啥梗？,https://www.bilibili.com/video/BV1LB4y1J78o
1409,梗指南,2022-09-23,翰流,hàn liú,han liu,02:40,BV1Ut4y1A7CR,翰流是什么意思【梗指南】,https://www.bilibili.com/video/BV1Ut4y1A7CR
1410,梗百科,2022-09-22,2077又火了？为何大家都要爆锤亚当重锤,2077 yòu huǒ le ？ wèi hé dà jiā dōu yào bào chuí yà dāng zhòng chuí,2077 you huo le ？ wei he da jia dou yao bao chui ya dang zhong chui,01:41,BV1XB4y1E7SU,【梗百科】2077又火了？为何大家都要爆锤亚当重锤？,https://www.bilibili.com/video/BV1XB4y1E7SU
1411,梗百科,2022-09-21,我们简直就是萌妹的代名词,wǒ men jiǎn zhí jiù shì méng mèi de dài míng cí,wo men jian zhi jiu shi meng mei de dai ming ci,01:11,BV1iV4y1K7aA,【梗百科】我们简直就是萌妹的代名词是啥梗？,https://www.bilibili.com/video/BV1iV4y1K7aA
1412,梗指南,2022-09-21,三号楼,sān hào lóu,san hao lou,02:13,BV1V24y1o7dE,三号楼是什么梗【梗指南】,https://www.bilibili.com/video/BV1V24y1o7dE
1413,梗指南,2022-09-20,宇将军文学,yǔ jiāng jūn wén xué,yu jiang jun wen xue,01:32,BV1814y1Y7mA,宇将军文学是什么梗【梗指南】,https://www.bilibili.com/video/BV1814y1Y7mA
1414,梗指南,2022-09-19,iPhone代金券,iPhone dài jīn quàn,iPhone dai jin quan,02:27,BV1QG41137Cr,iPhone代金券是什么梗【梗指南】,https://www.bilibili.com/video/BV1QG41137Cr
1415,梗指南,2022-09-17,慌张的祖国人,huāng zhāng de zǔ guó rén,huang zhang de zu guo ren,02:13,BV1uB4y1H7n3,慌张的祖国人是什么梗【梗指南】,https://www.bilibili.com/video/BV1uB4y1H7n3
1416,梗百科,2022-09-17,羊了个羊,yáng le gè yáng,yang le ge yang,00:59,BV1WP4y1o7nN,【梗百科】羊了个羊是啥？,https://www.bilibili.com/video/BV1WP4y1o7nN
1417,梗指南,2022-09-16,空中飞人,kōng zhōng fēi rén,kong zhong fei ren,01:38,BV13e4y1y7SB,空中飞人是什么梗【梗指南】,https://www.bilibili.com/video/BV13e4y1y7SB
1418,梗百科,2022-09-15,Sad Cat Dance,Sad Cat Dance,Sad Cat Dance,02:43,BV16D4y1v7sg,【梗百科】Sad Cat Dance是啥梗？,https://www.bilibili.com/video/BV16D4y1v7sg
1419,梗指南,2022-09-15,羊了个羊是什么,yáng le gè yáng shì shén me,yang le ge yang shi shen me,01:49,BV17G4y1q7NU,羊了个羊是什么【梗指南】,https://www.bilibili.com/video/BV17G4y1q7NU
1420,梗指南,2022-09-14,如何用Dubstep XX,rú hé yòng Dubstep XX,ru he yong Dubstep XX,02:34,BV1te4y187Y2,如何用Dubstep XX是什么梗【梗指南】,https://www.bilibili.com/video/BV1te4y187Y2
1421,梗百科,2022-09-13,亦帆峰顺,yì fān fēng shùn,yi fan feng shun,00:50,BV1CP4y1d7zT,【梗百科】亦帆峰顺是啥梗？,https://www.bilibili.com/video/BV1CP4y1d7zT
1422,梗指南,2022-09-13,科技与狠活,kē jì yǔ hěn huó,ke ji yu hen huo,02:11,BV1zt4y1L7hB,科技与狠活是什么梗【梗指南】,https://www.bilibili.com/video/BV1zt4y1L7hB
1423,梗指南,2022-09-11,老炮儿,lǎo pào ér,lao pao er,01:41,BV1rG411V7PJ,老炮儿是什么梗【梗指南】,https://www.bilibili.com/video/BV1rG411V7PJ
1424,梗指南,2022-09-10,中秋节段子大赏,zhōng qiū jié duàn zi dà shǎng,zhong qiu jie duan zi da shang,02:20,BV1Ce4y1C7y2,中 秋 节 段 子 大 赏【梗指南】,https://www.bilibili.com/video/BV1Ce4y1C7y2
1425,梗指南,2022-09-09,古代的监狱,gǔ dài de jiān yù,gu dai de jian yu,02:42,BV1jP4y1Z78x,古代的监狱是什么梗【梗指南】,https://www.bilibili.com/video/BV1jP4y1Z78x
1426,梗百科,2022-09-09,海克斯科技,hǎi kè sī kē jì,hai ke si ke ji,01:04,BV19a41137K4,【梗百科】海克斯科技是啥梗？,https://www.bilibili.com/video/BV19a41137K4
1427,梗指南,2022-09-08,iPhone段子大赏,iPhone duàn zi dà shǎng,iPhone duan zi da shang,02:24,BV1vW4y1B7xG,iPhone 段 子 大 赏【梗指南】,https://www.bilibili.com/video/BV1vW4y1B7xG
1428,梗指南,2022-09-07,网课小丑是什么东西,wǎng kè xiǎo chǒu shì shén me dōng xī,wang ke xiao chou shi shen me dong xi,01:27,BV12d4y1g7cX,网课小丑是什么东西【梗指南】,https://www.bilibili.com/video/BV12d4y1g7cX
1429,梗指南,2022-09-06,李甫西大夫走路,lǐ fǔ xī dà fū zǒu lù,li fu xi da fu zou lu,01:39,BV1td4y1X7AW,李甫西大夫走路是什么梗【梗指南】,https://www.bilibili.com/video/BV1td4y1X7AW
1430,梗百科,2022-09-05,李甫西大夫是谁？苏联动画里的猛男角色火遍外网,lǐ fǔ xī dà fū shì shuí ？ sū lián dòng huà lǐ de měng nán jué sè huǒ biàn wài wǎng,li fu xi da fu shi shui ？ su lian dong hua li de meng nan jue se huo bian wai wang,03:01,BV1Xt4y177Ro,【梗百科】李甫西大夫是谁？苏联动画里的猛男角色火遍外网！,https://www.bilibili.com/video/BV1Xt4y177Ro
1431,梗百科,2022-09-04,科目三睡觉,kē mù sān shuì jiào,ke mu san shui jiao,02:10,BV16e411g7ib,【梗百科】科目三睡觉是啥梗？,https://www.bilibili.com/video/BV16e411g7ib
1432,梗指南,2022-09-04,科目三睡觉,kē mù sān shuì jiào,ke mu san shui jiao,03:45,BV1VV4y1p7Ve,科目三睡觉是什么梗【梗指南】,https://www.bilibili.com/video/BV1VV4y1p7Ve
1433,梗百科,2022-09-03,每次都想装作很倔强,měi cì dōu xiǎng zhuāng zuò hěn jué jiàng,mei ci dou xiang zhuang zuo hen jue jiang,03:48,BV1qY4y1T7jR,【梗百科】每次都想装作很倔强是啥梗？,https://www.bilibili.com/video/BV1qY4y1T7jR
1434,梗指南,2022-09-03,只强,zhǐ qiáng,zhi qiang,02:28,BV1eG411G7Fe,只强是什么梗【梗指南】,https://www.bilibili.com/video/BV1eG411G7Fe
1435,梗指南,2022-09-02,开学买条瑜伽裤,kāi xué mǎi tiáo yú jiā kù,kai xue mai tiao yu jia ku,01:44,BV1AU4y1z7Bj,开学买条瑜伽裤是什么梗【梗指南】,https://www.bilibili.com/video/BV1AU4y1z7Bj
1436,梗指南,2022-08-31,失败的man,shī bài de man,shi bai de man,02:08,BV1na411V7qg,失败的man是什么梗【梗指南】,https://www.bilibili.com/video/BV1na411V7qg
1437,梗百科,2022-08-31,最喜欢的一集,zuì xǐ huān de yī jí,zui xi huan de yi ji,00:51,BV15g411Q7Xw,【梗百科】最喜欢的一集是啥梗？,https://www.bilibili.com/video/BV15g411Q7Xw
1438,梗指南,2022-08-30,小镇刺头,xiǎo zhèn cì tóu,xiao zhen ci tou,01:25,BV1DT411F7Ss,小镇刺头是什么意思【梗指南】,https://www.bilibili.com/video/BV1DT411F7Ss
1439,梗指南,2022-08-29,喜欢XX的XX一枚,xǐ huān XX de XX yī méi,xi huan XX de XX yi mei,01:36,BV1pa411V7yJ,喜欢XX的XX一枚是什么梗【梗指南】,https://www.bilibili.com/video/BV1pa411V7yJ
1440,梗百科,2022-08-28,失败的MAN,shī bài de MAN,shi bai de MAN,01:23,BV1wD4y167uM,【梗百科】失败的MAN是啥梗？,https://www.bilibili.com/video/BV1wD4y167uM
1441,梗百科,2022-08-27,电子阳痿,diàn zi yáng wěi,dian zi yang wei,01:36,BV1SB4y137qz,【梗百科】电子阳痿是啥梗？,https://www.bilibili.com/video/BV1SB4y137qz
1442,梗百科,2022-08-26,富贵300,fù guì 300,fu gui 300,02:11,BV1Ee4y1Z7vB,【梗百科】富贵300是啥梗？,https://www.bilibili.com/video/BV1Ee4y1Z7vB
1443,梗指南,2022-08-26,爱宝爱宝爱宝,ài bǎo ài bǎo ài bǎo,ai bao ai bao ai bao,03:19,BV1NB4y147z6,爱宝爱宝爱宝是什么梗【梗指南】,https://www.bilibili.com/video/BV1NB4y147z6
1444,梗指南,2022-08-26,探窗KFC,tàn chuāng KFC,tan chuang KFC,02:05,BV1gP4y1f76X,探窗KFC是什么梗【梗指南】,https://www.bilibili.com/video/BV1gP4y1f76X
1445,梗百科,2022-08-25,外网音效梗盘点,wài wǎng yīn xiào gěng pán diǎn,wai wang yin xiao geng pan dian,05:59,BV1jU4y167C3,【梗百科】外网音效梗盘点！,https://www.bilibili.com/video/BV1jU4y167C3
1446,梗指南,2022-08-25,任何邪恶终将绳之以法,rèn hé xié è zhōng jiāng shéng zhī yǐ fǎ,ren he xie e zhong jiang sheng zhi yi fa,02:03,BV1Ra411d7yH,任何邪恶终将绳之以法是什么梗【梗指南】,https://www.bilibili.com/video/BV1Ra411d7yH
1447,梗百科,2022-08-19,日本人名成语化？如月千早怎么成了成语了,rì běn rén míng chéng yǔ huà ？ rú yuè qiān zǎo zěn me chéng le chéng yǔ le,ri ben ren ming cheng yu hua ？ ru yue qian zao zen me cheng le cheng yu le,01:27,BV1Xe4y1f7hV,【梗百科】日本人名成语化？如月千早怎么成了成语了？,https://www.bilibili.com/video/BV1Xe4y1f7hV
1448,梗指南,2022-08-19,新型骗菊,xīn xíng piàn jú,xin xing pian ju,01:56,BV1oG411x7At,新型骗菊是什么梗【梗指南】,https://www.bilibili.com/video/BV1oG411x7At
1449,梗百科,2022-08-18,喜欢xx的xx一枚,xǐ huān xx de xx yī méi,xi huan xx de xx yi mei,00:56,BV11a4y1f7NX,【梗百科】喜欢xx的xx一枚是啥梗？,https://www.bilibili.com/video/BV11a4y1f7NX
1450,梗百科,2022-08-17,暗黑破坏神里有,àn hēi pò huài shén lǐ yǒu,an hei po huai shen li you,06:02,BV1Yv4y1c7Gv,【梗百科】暗黑破坏神里有啥梗？,https://www.bilibili.com/video/BV1Yv4y1c7Gv
1451,梗指南,2022-08-17,Life Goes On,Life Goes On,Life Goes On,01:36,BV1hW4y1h7XN,Life Goes On是什么梗【梗指南】,https://www.bilibili.com/video/BV1hW4y1h7XN
1452,梗指南,2022-08-16,新学期人设,xīn xué qī rén shè,xin xue qi ren she,02:04,BV1cN4y1V7Y3,新学期人设是什么梗【梗指南】,https://www.bilibili.com/video/BV1cN4y1V7Y3
1453,梗百科,2022-08-16,Life goes on,Life goes on,Life goes on,01:48,BV1FY4y1w7fm,【梗百科】Life goes on是啥梗？,https://www.bilibili.com/video/BV1FY4y1w7fm
1454,梗指南,2022-08-15,水晶吊坠,shuǐ jīng diào zhuì,shui jing diao zhui,02:39,BV1rv4y1c7n6,水晶吊坠是什么梗【梗指南】,https://www.bilibili.com/video/BV1rv4y1c7n6
1455,梗百科,2022-08-14,我删掉了xx,wǒ shān diào le xx,wo shan diao le xx,03:43,BV1et4y1g7QM,【梗百科】我删掉了xx是啥梗？,https://www.bilibili.com/video/BV1et4y1g7QM
1456,梗指南,2022-08-14,不就是一XX吗,bù jiù shì yī XX ma,bu jiu shi yi XX ma,01:19,BV1VY4y1c7XZ,不就是一XX吗是什么梗【梗指南】,https://www.bilibili.com/video/BV1VY4y1c7XZ
1457,梗指南,2022-08-13,我删掉了XX,wǒ shān diào le XX,wo shan diao le XX,02:15,BV1AV4y1s75y,我删掉了XX是什么梗【梗指南】,https://www.bilibili.com/video/BV1AV4y1s75y
1458,梗指南,2022-08-12,中元节段子大赏,zhōng yuán jié duàn zi dà shǎng,zhong yuan jie duan zi da shang,02:17,BV17t4y1g75J,中 元 节 段 子 大 赏【梗指南】,https://www.bilibili.com/video/BV17t4y1g75J
1459,梗百科,2022-08-12,你是我唯一的姐,nǐ shì wǒ wéi yī de jiě,ni shi wo wei yi de jie,02:56,BV1pa411Z7H1,【梗百科】你是我唯一的姐是啥梗？,https://www.bilibili.com/video/BV1pa411Z7H1
1460,梗指南,2022-08-11,进货式闯关,jìn huò shì chuǎng guān,jin huo shi chuang guan,02:44,BV1FV4y1s7i1,【梗指南】进货式闯关是什么梗,https://www.bilibili.com/video/BV1FV4y1s7i1
1461,梗指南,2022-08-09,你是我唯一的姐,nǐ shì wǒ wéi yī de jiě,ni shi wo wei yi de jie,02:17,BV1PU4y1C7e4,你是我唯一的姐是什么梗【梗指南】,https://www.bilibili.com/video/BV1PU4y1C7e4
1462,梗百科,2022-08-09,MBTI人格测试,MBTI rén gé cè shì,MBTI ren ge ce shi,01:25,BV1vN4y157Pm,【梗百科】MBTI人格测试是啥？居然有了这么多有趣的二创？！,https://www.bilibili.com/video/BV1vN4y157Pm
1463,梗指南,2022-08-08,没有人懂我,méi yǒu rén dǒng wǒ,mei you ren dong wo,02:14,BV1vd4y1N7rQ,没有人懂我是什么梗【梗指南】,https://www.bilibili.com/video/BV1vd4y1N7rQ
1464,梗百科,2022-08-08,意大利面拌42号混凝土？知识搅拌机,yì dà lì miàn bàn 42 hào hùn níng tǔ ？ zhī shí jiǎo bàn jī,yi da li mian ban 42 hao hun ning tu ？ zhi shi jiao ban ji,02:09,BV18v4y1F7sY,【梗百科】意大利面拌42号混凝土？知识搅拌机是啥梗？,https://www.bilibili.com/video/BV18v4y1F7sY
1465,梗百科,2022-08-07,蓝色药丸,lán sè yào wán,lan se yao wan,00:45,BV19d4y127dQ,【梗百科】蓝色药丸是啥梗？,https://www.bilibili.com/video/BV19d4y127dQ
1466,梗指南,2022-08-06,意大利面拌42号混凝土,yì dà lì miàn bàn 42 hào hùn níng tǔ,yi da li mian ban 42 hao hun ning tu,02:30,BV1sa411f7aH,意大利面拌42号混凝土是什么梗【梗指南】,https://www.bilibili.com/video/BV1sa411f7aH
1467,梗指南,2022-08-05,东风快递,dōng fēng kuài dì,dong feng kuai di,01:41,BV1SB4y147UU,东风快递是什么梗【梗指南】,https://www.bilibili.com/video/BV1SB4y147UU
1468,梗指南,2022-08-04,七夕节段子大赏,qī xī jié duàn zi dà shǎng,qi xi jie duan zi da shang,03:05,BV1RN4y1V7MH,七 夕 节 段 子 大 赏【梗指南】,https://www.bilibili.com/video/BV1RN4y1V7MH
1469,梗百科,2022-08-04,爷们要战斗,yé men yào zhàn dòu,ye men yao zhan dou,01:35,BV1NF411P7xD,【梗百科】爷们要战斗是啥梗？,https://www.bilibili.com/video/BV1NF411P7xD
1470,梗指南,2022-08-02,急急国王,jí jí guó wáng,ji ji guo wang,01:21,BV1VB4y187wR,急急国王是什么梗【梗指南】,https://www.bilibili.com/video/BV1VB4y187wR
1471,梗百科,2022-08-02,快说你是来XX旅游的,kuài shuō nǐ shì lái XX lǚ yóu de,kuai shuo ni shi lai XX lv you de,00:40,BV1bF411A7pS,【梗百科】快说你是来XX旅游的是啥梗？扣分加分又是什么梗？,https://www.bilibili.com/video/BV1bF411A7pS
1472,梗百科,2022-08-01,AUGHHHH,AUGHHHH,AUGHHHH,02:06,BV14U4y1Y7NQ,【梗百科】AUGHHHH是啥梗？,https://www.bilibili.com/video/BV14U4y1Y7NQ
1473,梗指南,2022-07-31,熊出没片尾曲,xióng chū mò piàn wěi qū,xiong chu mo pian wei qu,01:37,BV1BV4y1j7BP,熊出没片尾曲是什么梗【梗指南】,https://www.bilibili.com/video/BV1BV4y1j7BP
1474,梗指南,2022-07-30,XX扣一分,XX kòu yī fēn,XX kou yi fen,01:37,BV1ja411S7x1,XX扣一分是什么梗【梗指南】,https://www.bilibili.com/video/BV1ja411S7x1
1475,梗百科,2022-07-30,COME的喂,COME de wèi,COME de wei,01:04,BV1sg41117HS,【梗百科】COME的喂是啥梗？,https://www.bilibili.com/video/BV1sg41117HS
1476,梗指南,2022-07-29,拖鞋超人,tuō xié chāo rén,tuo xie chao ren,02:19,BV1nd4y1U7jU,拖鞋超人是什么梗【梗指南】,https://www.bilibili.com/video/BV1nd4y1U7jU
1477,梗百科,2022-07-29,蒂法本人在B站？她和耶路撒冷之间有,dì fǎ běn rén zài B zhàn ？ tā hé yé lù sā lěng zhī jiān yǒu,di fa ben ren zai B zhan ？ ta he ye lu sa leng zhi jian you,01:13,BV1wV4y1j7Cp,【梗百科】蒂法本人在B站？她和耶路撒冷之间有啥梗？,https://www.bilibili.com/video/BV1wV4y1j7Cp
1478,梗指南,2022-07-28,栓Q,shuān Q,shuan Q,01:54,BV17U4y1v79g,栓Q是什么梗【梗指南】,https://www.bilibili.com/video/BV17U4y1v79g
1479,梗百科,2022-07-28,为什么我的眼中常含胖虎,wèi shén me wǒ de yǎn zhōng cháng hán pàng hǔ,wei shen me wo de yan zhong chang han pang hu,01:27,BV11T411j7Ne,【梗百科】为什么我的眼中常含胖虎是啥梗？,https://www.bilibili.com/video/BV11T411j7Ne
1480,梗指南,2022-07-27,胖虎眼,pàng hǔ yǎn,pang hu yan,01:37,BV1or4y1L77b,胖虎眼是什么梗【梗指南】,https://www.bilibili.com/video/BV1or4y1L77b
1481,梗百科,2022-07-26,我刚提的新车,wǒ gāng tí de xīn chē,wo gang ti de xin che,02:38,BV1e94y1D71c,【梗百科】我刚提的新车是啥梗？,https://www.bilibili.com/video/BV1e94y1D71c
1482,梗指南,2022-07-26,我刚提的新车,wǒ gāng tí de xīn chē,wo gang ti de xin che,03:07,BV1BB4y1k7q7,我刚提的新车是什么梗【梗指南】,https://www.bilibili.com/video/BV1BB4y1k7q7
1483,梗百科,2022-07-25,你这背景太假了,nǐ zhè bèi jǐng tài jiǎ le,ni zhe bei jing tai jia le,01:56,BV1Pa411T7Wb,【梗百科】你这背景太假了是啥梗？,https://www.bilibili.com/video/BV1Pa411T7Wb
1484,梗指南,2022-07-25,我没惹你们任何人,wǒ méi rě nǐ men rèn hé rén,wo mei re ni men ren he ren,01:42,BV1zr4y177Ws,我没惹你们任何人是什么梗【梗指南】,https://www.bilibili.com/video/BV1zr4y177Ws
1485,梗百科,2022-07-24,击股之交,jī gǔ zhī jiāo,ji gu zhi jiao,01:28,BV12F411P7Xm,【梗百科】击股之交是啥梗？,https://www.bilibili.com/video/BV12F411P7Xm
1486,梗指南,2022-07-24,你这背景太假了,nǐ zhè bèi jǐng tài jiǎ le,ni zhe bei jing tai jia le,02:01,BV18G411H7zU,你这背景太假了是什么梗【梗指南】,https://www.bilibili.com/video/BV18G411H7zU
1487,梗指南,2022-07-23,食不食油饼,shí bù shí yóu bǐng,shi bu shi you bing,02:13,BV1yg411Z7Km,食不食油饼是什么梗【梗指南】,https://www.bilibili.com/video/BV1yg411Z7Km
1488,梗百科,2022-07-22,霹雳舞小猫,pī lì wǔ xiǎo māo,pi li wu xiao mao,02:25,BV1gg411Z7eo,【梗百科】霹雳舞小猫是啥梗？,https://www.bilibili.com/video/BV1gg411Z7eo
1489,梗指南,2022-07-21,别来沾边,bié lái zhān biān,bie lai zhan bian,01:59,BV1GY4y1j75j,别来沾边是什么梗【梗指南】,https://www.bilibili.com/video/BV1GY4y1j75j
1490,梗百科,2022-07-20,小黑子露出鸡脚了吧,xiǎo hēi zi lù chū jī jiǎo le ba,xiao hei zi lu chu ji jiao le ba,00:45,BV1Aa411u7S4,【梗百科】小黑子露出鸡脚了吧是啥梗？,https://www.bilibili.com/video/BV1Aa411u7S4
1491,梗指南,2022-07-20,脑干缺失的美,nǎo gàn quē shī de měi,nao gan que shi de mei,01:59,BV1ha411M7rh,【梗指南】脑干缺失的美是什么梗,https://www.bilibili.com/video/BV1ha411M7rh
1492,梗指南,2022-07-19,我徐才魁彻底疯狂,wǒ xú cái kuí chè dǐ fēng kuáng,wo xu cai kui che di feng kuang,01:08,BV1MW4y1U7sX,我徐才魁彻底疯狂是什么梗【梗指南】,https://www.bilibili.com/video/BV1MW4y1U7sX
1493,梗指南,2022-07-18,帽子侠,mào zi xiá,mao zi xia,01:26,BV16T41177Ew,帽子侠是什么梗【梗指南】,https://www.bilibili.com/video/BV16T41177Ew
1494,梗百科,2022-07-18,步骤哥哥，我是斯塔克,bù zhòu gē gē ， wǒ shì sī tǎ kè,bu zhou ge ge ， wo shi si ta ke,02:15,BV11S4y177Tu,【梗百科】步骤哥哥，我是斯塔克是啥梗？,https://www.bilibili.com/video/BV11S4y177Tu
1495,梗指南,2022-07-17,修女与鱼,xiū nǚ yǔ yú,xiu nv yu yu,01:14,BV1zY4y1L7Ji,修女与鱼是什么梗【梗指南】,https://www.bilibili.com/video/BV1zY4y1L7Ji
1496,梗百科,2022-07-17,我徐才魁彻底疯狂,wǒ xú cái kuí chè dǐ fēng kuáng,wo xu cai kui che di feng kuang,00:44,BV1YB4y1a7cV,【梗百科】我徐才魁彻底疯狂是啥梗？,https://www.bilibili.com/video/BV1YB4y1a7cV
1497,梗百科,2022-07-16,田中脊髓剑,tián zhōng jí suǐ jiàn,tian zhong ji sui jian,01:41,BV1Qa411Q7Ka,【梗百科】田中脊髓剑是啥梗？,https://www.bilibili.com/video/BV1Qa411Q7Ka
1498,梗百科,2022-07-15,修女与鱼,xiū nǚ yǔ yú,xiu nv yu yu,01:35,BV1YG411p7WA,【梗百科】修女与鱼是啥梗？,https://www.bilibili.com/video/BV1YG411p7WA
1499,梗指南,2022-07-14,田中脊髓剑,tián zhōng jí suǐ jiàn,tian zhong ji sui jian,01:46,BV1p94y1Q7GA,田中脊髓剑是什么梗【梗指南】,https://www.bilibili.com/video/BV1p94y1Q7GA
1500,梗指南,2022-07-13,Noot Noot,Noot Noot,Noot Noot,02:12,BV1qB4y1v7PB,Noot Noot是什么梗【梗指南】,https://www.bilibili.com/video/BV1qB4y1v7PB
1501,梗百科,2022-07-11,noot noot,noot noot,noot noot,02:23,BV1JB4y1p7mG,【梗百科】noot noot 是啥梗？,https://www.bilibili.com/video/BV1JB4y1p7mG
1502,梗指南,2022-07-11,哥味文学,gē wèi wén xué,ge wei wen xue,01:43,BV1n34y1H78A,哥味文学是什么梗【梗指南】,https://www.bilibili.com/video/BV1n34y1H78A
1503,梗指南,2022-07-09,小镇做题家,xiǎo zhèn zuò tí jiā,xiao zhen zuo ti jia,01:33,BV1jG411W7tM,小镇做题家是什么梗【梗指南】,https://www.bilibili.com/video/BV1jG411W7tM
1504,梗百科,2022-07-09,嘻→嘻↗嘻→嘻→嘻,xī → xī ↗ xī → xī → xī,xi → xi ↗ xi → xi → xi,01:46,BV1ia411p73Y,【梗百科】嘻→嘻↗嘻→嘻→嘻是啥梗？,https://www.bilibili.com/video/BV1ia411p73Y
1505,梗指南,2022-07-08,东京电视台传说,dōng jīng diàn shì tái chuán shuō,dong jing dian shi tai chuan shuo,01:41,BV1DZ4y1a7Cz,东京电视台传说是什么梗【梗指南】,https://www.bilibili.com/video/BV1DZ4y1a7Cz
1506,梗指南,2022-07-07,我去你们说的那个是我xx,wǒ qù nǐ men shuō de nà ge shì wǒ xx,wo qu ni men shuo de na ge shi wo xx,01:20,BV1XZ4y1a75V,我去 你们说的那个是我xx是什么梗【梗指南】,https://www.bilibili.com/video/BV1XZ4y1a75V
1507,梗指南,2022-07-06,招生减章,zhāo shēng jiǎn zhāng,zhao sheng jian zhang,01:32,BV12G411W7aN,招生减章是什么梗【梗指南】,https://www.bilibili.com/video/BV12G411W7aN
1508,梗百科,2022-07-06,我去，你们一直说的那个XX是我XX,wǒ qù ， nǐ men yì zhí shuō de nà ge XX shì wǒ XX,wo qu ， ni men yi zhi shuo de na ge XX shi wo XX,00:38,BV1cU4y1D7y2,【梗百科】我去，你们一直说的那个XX是我XX是啥梗？,https://www.bilibili.com/video/BV1cU4y1D7y2
1509,梗百科,2022-07-05,饿狼传说,è láng chuán shuō,e lang chuan shuo,02:02,BV1iG411x7nn,【梗百科】饿狼传说是啥梗？,https://www.bilibili.com/video/BV1iG411x7nn
1510,梗指南,2022-07-04,嘻→嘻↗嘻→嘻→嘻↗↘,xī → xī ↗ xī → xī → xī ↗↘,xi → xi ↗ xi → xi → xi ↗↘,01:55,BV1634y1p71T,嘻→嘻↗嘻→嘻→嘻↗↘是什么梗【梗指南】,https://www.bilibili.com/video/BV1634y1p71T
1511,梗指南,2022-07-02,ESO男团,ESO nán tuán,ESO nan tuan,01:53,BV1kW4y1z71d,ESO男团是什么梗【梗指南】,https://www.bilibili.com/video/BV1kW4y1z71d
1512,梗百科,2022-07-02,鳖载着理发店（别在这理发店）,biē zài zhe lǐ fà diàn （ bié zài zhè lǐ fà diàn ）,bie zai zhe li fa dian （ bie zai zhe li fa dian ）,00:33,BV13B4y1H7qr,【梗百科】鳖载着理发店（别在这理发店）是啥梗？,https://www.bilibili.com/video/BV13B4y1H7qr
1513,梗指南,2022-07-01,雪莲文学,xuě lián wén xué,xue lian wen xue,01:43,BV1kt4y187Uh,雪莲文学是什么梗【梗指南】,https://www.bilibili.com/video/BV1kt4y187Uh
1514,梗百科,2022-06-30,啥叫未成年刺客,shá jiào wèi chéng nián cì kè,sha jiao wei cheng nian ci ke,01:28,BV1hB4y1W7xi,【梗百科】啥叫未成年刺客？,https://www.bilibili.com/video/BV1hB4y1W7xi
1515,梗指南,2022-06-30,我来这只办三件事,wǒ lái zhè zhǐ bàn sān jiàn shì,wo lai zhe zhi ban san jian shi,01:44,BV1zf4y1o7wS,我来这只办三件事是什么梗【梗指南】,https://www.bilibili.com/video/BV1zf4y1o7wS
1516,梗指南,2022-06-28,新型人贩子,xīn xíng rén fàn zi,xin xing ren fan zi,02:17,BV1mB4y1v7Vu,新型人贩子是什么梗【梗指南】,https://www.bilibili.com/video/BV1mB4y1v7Vu
1517,梗指南,2022-06-27,龙龟宇宙,lóng guī yǔ zhòu,long gui yu zhou,02:01,BV1Qt4y1b716,龙龟宇宙是什么梗【梗指南】,https://www.bilibili.com/video/BV1Qt4y1b716
1518,梗百科,2022-06-27,龙龟宇宙,lóng guī yǔ zhòu,long gui yu zhou,01:43,BV14Y4y137rV,【梗百科】龙龟宇宙是啥梗？,https://www.bilibili.com/video/BV14Y4y137rV
1519,梗百科,2022-06-25,嘎子偷狗,gǎ zǐ tōu gǒu,ga zi tou gou,01:26,BV1CB4y1p7W4,【梗百科】嘎子偷狗是啥梗？,https://www.bilibili.com/video/BV1CB4y1p7W4
1520,梗指南,2022-06-24,嘎子偷狗,gǎ zǐ tōu gǒu,ga zi tou gou,01:36,BV1s3411w7vx,嘎子偷狗是什么梗【梗指南】,https://www.bilibili.com/video/BV1s3411w7vx
1521,梗百科,2022-06-24,王迅找茬,wáng xùn zhǎo chá,wang xun zhao cha,03:00,BV11Y4y1g7uS,【梗百科】王迅找茬是啥梗？,https://www.bilibili.com/video/BV11Y4y1g7uS
1522,梗指南,2022-06-23,雪糕刺客,xuě gāo cì kè,xue gao ci ke,02:10,BV1f34y157rX,【梗指南】雪糕刺客是什么梗,https://www.bilibili.com/video/BV1f34y157rX
1523,梗百科,2022-06-23,外网最火的烂电影？《房间》里都有,wài wǎng zuì huǒ de làn diàn yǐng ？《 fáng jiān 》 lǐ dōu yǒu,wai wang zui huo de lan dian ying ？《 fang jian 》 li dou you,05:18,BV1sa411x7QQ,【梗百科】外网最火的烂电影？《房间》里都有啥梗？,https://www.bilibili.com/video/BV1sa411x7QQ
1524,梗指南,2022-06-22,一洗,yī xǐ,yi xi,01:34,BV1H3411u7zC,一洗是什么梗【梗指南】,https://www.bilibili.com/video/BV1H3411u7zC
1525,梗指南,2022-06-19,父亲节段子大赏,fù qīn jié duàn zi dà shǎng,fu qin jie duan zi da shang,01:50,BV1qL4y1A7hb,父 亲 节 段 子 大 赏【梗指南】,https://www.bilibili.com/video/BV1qL4y1A7hb
1526,梗指南,2022-06-18,我的狗踩到了蜜蜂,wǒ de gǒu cǎi dào le mì fēng,wo de gou cai dao le mi feng,01:59,BV1eU4y1X7Xq,我的狗踩到了蜜蜂是什么梗【梗指南】,https://www.bilibili.com/video/BV1eU4y1X7Xq
1527,梗百科,2022-06-18,雪糕刺客,xuě gāo cì kè,xue gao ci ke,00:59,BV1ba411s7xF,【梗百科】雪糕刺客是啥梗？,https://www.bilibili.com/video/BV1ba411s7xF
1528,梗指南,2022-06-17,再爱就不礼貌了,zài ài jiù bù lǐ mào le,zai ai jiu bu li mao le,01:49,BV1JW4y167fz,再爱就不礼貌了是什么梗【梗指南】,https://www.bilibili.com/video/BV1JW4y167fz
1529,梗指南,2022-06-16,王迅找茬,wáng xùn zhǎo chá,wang xun zhao cha,03:57,BV1e34y157Te,王迅找茬是什么梗【梗指南】,https://www.bilibili.com/video/BV1e34y157Te
1530,梗百科,2022-06-15,石榴煎酒,shí liú jiān jiǔ,shi liu jian jiu,02:53,BV15r4y1G7zt,【梗百科】石榴煎酒是啥梗？,https://www.bilibili.com/video/BV15r4y1G7zt
1531,梗指南,2022-06-14,女生自用,nǚ shēng zì yòng,nv sheng zi yong,01:53,BV1GW4y1k7uX,女生自用是什么梗【梗指南】,https://www.bilibili.com/video/BV1GW4y1k7uX
1532,梗百科,2022-06-13,DALL-E,DALL-E,DALL-E,01:38,BV1rU4y1R7xQ,【梗百科】DALL-E是啥？只要输入文字就能生成你想要的图片？,https://www.bilibili.com/video/BV1rU4y1R7xQ
1533,梗指南,2022-06-13,duai duai duai,duai duai duai,duai duai duai,02:09,BV1r94y1178u,duai duai duai是什么梗【梗指南】,https://www.bilibili.com/video/BV1r94y1178u
1534,梗指南,2022-06-11,轻轻敲醒沉睡的心灵,qīng qīng qiāo xǐng chén shuì de xīn líng,qing qing qiao xing chen shui de xin ling,02:38,BV1Kg411R7Ua,轻轻敲醒沉睡的心灵是什么梗【梗指南】,https://www.bilibili.com/video/BV1Kg411R7Ua
1535,梗指南,2022-06-10,小孩幼稚，大人刚好,xiǎo hái yòu zhì ， dà rén gāng hǎo,xiao hai you zhi ， da ren gang hao,02:25,BV12U4y1R7T4,【梗指南】小孩幼稚，大人刚好是什么梗,https://www.bilibili.com/video/BV12U4y1R7T4
1536,梗指南,2022-06-09,很喜欢文学,hěn xǐ huān wén xué,hen xi huan wen xue,01:27,BV1RW4y1C7PF,很喜欢文学是什么梗【梗指南】,https://www.bilibili.com/video/BV1RW4y1C7PF
1537,梗百科,2022-06-09,我的狗踩到了蜜蜂？外网爆火的德普案都有,wǒ de gǒu cǎi dào le mì fēng ？ wài wǎng bào huǒ de dé pǔ àn dōu yǒu,wo de gou cai dao le mi feng ？ wai wang bao huo de de pu an dou you,05:57,BV12Y411M7nm,【梗百科】我的狗踩到了蜜蜂？外网爆火的德普案都有啥梗？,https://www.bilibili.com/video/BV12Y411M7nm
1538,梗指南,2022-06-08,高考段子大赏,gāo kǎo duàn zi dà shǎng,gao kao duan zi da shang,03:07,BV1TY4y1G7LL,高 考 段 子 大 赏【梗指南】,https://www.bilibili.com/video/BV1TY4y1G7LL
1539,梗指南,2022-06-07,如果第一个出考场,rú guǒ dì yí gè chū kǎo chǎng,ru guo di yi ge chu kao chang,01:59,BV1mZ4y1i7yt,如果第一个出考场是什么梗【梗指南】,https://www.bilibili.com/video/BV1mZ4y1i7yt
1540,梗指南,2022-06-06,白马，定叫他有来无回是,bái mǎ ， dìng jiào tā yǒu lái wú huí shì,bai ma ， ding jiao ta you lai wu hui shi,01:50,BV1E3411G75p,白马，定叫他有来无回是！什么梗【梗指南】,https://www.bilibili.com/video/BV1E3411G75p
1541,梗百科,2022-06-05,优雅！实在是太优雅了,yōu yǎ ！ shí zài shì tài yōu yǎ le,you ya ！ shi zai shi tai you ya le,01:12,BV1yY4y1V7u7,【梗百科】优雅！实在是太优雅了！是啥梗？,https://www.bilibili.com/video/BV1yY4y1V7u7
1542,梗指南,2022-06-04,你了不起你清高,nǐ liǎo bù qǐ nǐ qīng gāo,ni liao bu qi ni qing gao,03:09,BV1PU4y117gG,你了不起你清高是什么梗【梗指南】,https://www.bilibili.com/video/BV1PU4y117gG
1543,梗百科,2022-06-04,可爱滴捏,kě ài dī niē,ke ai di nie,00:55,BV1HA4y1o79b,【梗百科】可爱滴捏是啥梗？,https://www.bilibili.com/video/BV1HA4y1o79b
1544,梗指南,2022-06-03,端午节段子大赏,duān wǔ jié duàn zi dà shǎng,duan wu jie duan zi da shang,02:19,BV13A4y1o7h7,端 午 节 段 子 大 赏【梗指南】,https://www.bilibili.com/video/BV13A4y1o7h7
1545,梗百科,2022-06-01,补档 -东百往事,bǔ dàng - dōng bǎi wǎng shì,bu dang - dong bai wang shi,01:11,BV1g34y177LR,【梗百科】补档 -东百往事,https://www.bilibili.com/video/BV1g34y177LR
1546,梗百科,2022-06-01,冰红茶 -东百往事,bīng hóng chá - dōng bǎi wǎng shì,bing hong cha - dong bai wang shi,00:43,BV1154y1o7tY,【梗百科】冰红茶 -东百往事,https://www.bilibili.com/video/BV1154y1o7tY
1547,梗百科,2022-06-01,皇冠加冕  《决战沈阳大街》完 -东百往事,huáng guān jiā miǎn 《 jué zhàn shěn yáng dà jiē 》 wán - dōng bǎi wǎng shì,huang guan jia mian 《 jue zhan shen yang da jie 》 wan - dong bai wang shi,01:11,BV1H94y1S7x9,【梗百科】皇冠加冕  《决战沈阳大街》完 -东百往事,https://www.bilibili.com/video/BV1H94y1S7x9
1548,梗指南,2022-06-01,儿童节段子大赏,ér tóng jié duàn zi dà shǎng,er tong jie duan zi da shang,02:27,BV1KY4y1z7FL,儿 童 节 段 子 大 赏【梗指南】,https://www.bilibili.com/video/BV1KY4y1z7FL
1549,梗百科,2022-05-31,我不道啊～ 红山果行动 -东百往事,wǒ bù dào a ～ hóng shān guǒ xíng dòng - dōng bǎi wǎng shì,wo bu dao a ～ hong shan guo xing dong - dong bai wang shi,00:56,BV1x34y177sd,【梗百科】我不道啊～ 红山果行动 -东百往事,https://www.bilibili.com/video/BV1x34y177sd
1550,梗指南,2022-05-31,原来是小别扇,yuán lái shì xiǎo bié shàn,yuan lai shi xiao bie shan,01:42,BV1Pr4y1x7xh,原来是小别扇是什么梗【梗指南】,https://www.bilibili.com/video/BV1Pr4y1x7xh
1551,梗百科,2022-05-31,莫比亚斯，一部烂到成了外网梗的电影,mò bǐ yà sī ， yī bù làn dào chéng le wài wǎng gěng de diàn yǐng,mo bi ya si ， yi bu lan dao cheng le wai wang geng de dian ying,03:19,BV1UA4y1Z7By,【梗百科】莫比亚斯，一部烂到成了外网梗的电影？,https://www.bilibili.com/video/BV1UA4y1Z7By
1552,梗指南,2022-05-30,卢雷元年,lú léi yuán nián,lu lei yuan nian,01:44,BV1k341137dx,卢雷元年是什么梗【梗指南】,https://www.bilibili.com/video/BV1k341137dx
1553,梗百科,2022-05-30,××，你根本没在×××，你躲哪儿去了 -东百往事,××， nǐ gēn běn méi zài ×××， nǐ duǒ nǎ ér qù le - dōng bǎi wǎng shì,××， ni gen ben mei zai ×××， ni duo na er qu le - dong bai wang shi,00:49,BV1SF41157mU,【梗百科】××，你根本没在×××，你躲哪儿去了 -东百往事,https://www.bilibili.com/video/BV1SF41157mU
1554,梗百科,2022-05-30,你就是歌姬吧 -东百往事,nǐ jiù shì gē jī ba - dōng bǎi wǎng shì,ni jiu shi ge ji ba - dong bai wang shi,00:32,BV1oY411u7VY,【梗百科】你就是歌姬吧 -东百往事,https://www.bilibili.com/video/BV1oY411u7VY
1555,梗指南,2022-05-29,电摇嘲讽,diàn yáo cháo fěng,dian yao chao feng,02:14,BV1pY4y1z7Bu,电摇嘲讽是什么梗【梗指南】,https://www.bilibili.com/video/BV1pY4y1z7Bu
1556,梗百科,2022-05-29,来给他整个活儿 -东百往事,lái gěi tā zhěng gè huó er - dōng bǎi wǎng shì,lai gei ta zheng ge huo er - dong bai wang shi,01:12,BV1zA4y1d71f,【梗百科】来给他整个活儿 -东百往事,https://www.bilibili.com/video/BV1zA4y1d71f
1557,梗百科,2022-05-29,好果汁 -东百往事,hǎo guǒ zhī - dōng bǎi wǎng shì,hao guo zhi - dong bai wang shi,00:39,BV1G3411V7Qf,【梗百科】好果汁 -东百往事,https://www.bilibili.com/video/BV1G3411V7Qf
1558,梗百科,2022-05-29,电摇嘲讽,diàn yáo cháo fěng,dian yao chao feng,02:47,BV13Y4y1z7es,【梗百科】电摇嘲讽是啥梗？,https://www.bilibili.com/video/BV13Y4y1z7es
1559,梗指南,2022-05-28,纳米机器，小子,nà mǐ jī qì ， xiǎo zi,na mi ji qi ， xiao zi,02:00,BV1634y1j7t4,纳米机器，小子是什么梗【梗指南】,https://www.bilibili.com/video/BV1634y1j7t4
1560,梗百科,2022-05-28,人教版教材插图咋了,rén jiào bǎn jiào cái chā tú zǎ le,ren jiao ban jiao cai cha tu za le,01:38,BV1QF411V7vX,【梗百科】人教版教材插图咋了？,https://www.bilibili.com/video/BV1QF411V7vX
1561,梗指南,2022-05-27,不行让晋江来,bù xíng ràng jìn jiāng lái,bu xing rang jin jiang lai,01:31,BV1zY4y1B7ih,不行让晋江来是什么意思【梗指南】,https://www.bilibili.com/video/BV1zY4y1B7ih
1562,梗百科,2022-05-27,这位更是重量级 -东百往事,zhè wèi gèng shì zhòng liàng jí - dōng bǎi wǎng shì,zhe wei geng shi zhong liang ji - dong bai wang shi,01:20,BV15v4y1P7uF,【梗百科】这位更是重量级 -东百往事,https://www.bilibili.com/video/BV15v4y1P7uF
1563,梗百科,2022-05-27,××，你让我陷入疯狂 -东百往事,××， nǐ ràng wǒ xiàn rù fēng kuáng - dōng bǎi wǎng shì,××， ni rang wo xian ru feng kuang - dong bai wang shi,00:31,BV1TT4y1B7Wh,【梗百科】××，你让我陷入疯狂 -东百往事,https://www.bilibili.com/video/BV1TT4y1B7Wh
1564,梗百科,2022-05-27,拟态baby辣（你太卑鄙啦） -东百往事,nǐ tài baby là （ nǐ tài bēi bǐ la ） - dōng bǎi wǎng shì,ni tai baby la （ ni tai bei bi la ） - dong bai wang shi,01:09,BV1S54y1d7H5,【梗百科】拟态baby辣（你太卑鄙啦） -东百往事,https://www.bilibili.com/video/BV1S54y1d7H5
1565,梗百科,2022-05-26,外网梗超多的电影？封面这人你觉得面熟吗,wài wǎng gěng chāo duō de diàn yǐng ？ fēng miàn zhè rén nǐ jué de miàn shú ma,wai wang geng chao duo de dian ying ？ feng mian zhe ren ni jue de mian shu ma,04:47,BV1V3411V7DP,【梗百科】外网梗超多的电影？封面这人你觉得面熟吗？,https://www.bilibili.com/video/BV1V3411V7DP
1566,梗指南,2022-05-26,王心凌男孩,wáng xīn líng nán hái,wang xin ling nan hai,01:51,BV1xY411u7X2,王心凌男孩是什么梗【梗指南】,https://www.bilibili.com/video/BV1xY411u7X2
1567,梗百科,2022-05-26,独立宣言 -东百往事,dú lì xuān yán - dōng bǎi wǎng shì,du li xuan yan - dong bai wang shi,00:53,BV1UB4y1Q7T7,[补档] 【梗百科】独立宣言 -东百往事,https://www.bilibili.com/video/BV1UB4y1Q7T7
1568,梗指南,2022-05-25,优雅！实在太优雅了,yōu yǎ ！ shí zài tài yōu yǎ le,you ya ！ shi zai tai you ya le,04:50,BV1bt4y1s7mz,优雅！实在太优雅了！是什么梗【梗指南】,https://www.bilibili.com/video/BV1bt4y1s7mz
1569,梗百科,2022-05-25,这一脚，踢出了整个盛夏 -东百往事,zhè yī jiǎo ， tī chū le zhěng gè shèng xià - dōng bǎi wǎng shì,zhe yi jiao ， ti chu le zheng ge sheng xia - dong bai wang shi,01:15,BV1BY411u7po,【梗百科】这一脚，踢出了整个盛夏 -东百往事,https://www.bilibili.com/video/BV1BY411u7po
1570,梗百科,2022-05-25,东百往事,dōng bǎi wǎng shì,dong bai wang shi,01:35,BV1A94y1S7Ef,【梗百科218】东百往事是啥梗？,https://www.bilibili.com/video/BV1A94y1S7Ef
1571,梗指南,2022-05-24,可达鸭八音盒是什么,kě dá yā bā yīn hé shì shén me,ke da ya ba yin he shi shen me,01:30,BV1o34y1E7NN,可达鸭八音盒是什么【梗指南】,https://www.bilibili.com/video/BV1o34y1E7NN
1572,梗百科,2022-05-23,可达鸭玩具,kě dá yā wán jù,ke da ya wan ju,01:33,BV1d34y1E785,【梗百科】可达鸭玩具是啥？,https://www.bilibili.com/video/BV1d34y1E785
1573,梗指南,2022-05-23,插U盘,chā U pán,cha U pan,01:51,BV1QB4y197uF,插U盘是什么梗【梗指南】,https://www.bilibili.com/video/BV1QB4y197uF
1574,梗指南,2022-05-21,退！退！退,tuì ！ tuì ！ tuì,tui ！ tui ！ tui,01:37,BV17Y4y167A3,退！退！退！是什么梗【梗指南】,https://www.bilibili.com/video/BV17Y4y167A3
1575,梗百科,2022-05-21,退！退！退,tuì ！ tuì ！ tuì,tui ！ tui ！ tui,01:54,BV1uU4y127tC,【梗百科】退！退！退！是啥梗？,https://www.bilibili.com/video/BV1uU4y127tC
1576,梗百科,2022-05-20,阿尼亚为什么叫瓜神？这笑容可真是火遍了全球,ā ní yà wèi shén me jiào guā shén ？ zhè xiào róng kě zhēn shì huǒ biàn le quán qiú,a ni ya wei shen me jiao gua shen ？ zhe xiao rong ke zhen shi huo bian le quan qiu,01:27,BV1S54y1Z7TF,【梗百科】阿尼亚为什么叫瓜神？这笑容可真是火遍了全球！,https://www.bilibili.com/video/BV1S54y1Z7TF
1577,梗指南,2022-05-20,520段子大赏,520 duàn zi dà shǎng,520 duan zi da shang,02:19,BV1pS4y187R8,5 2 0 段 子 大 赏【梗指南】,https://www.bilibili.com/video/BV1pS4y187R8
1578,梗指南,2022-05-18,我能说脏话吗,wǒ néng shuō zāng huà ma,wo neng shuo zang hua ma,01:35,BV1M5411R7ST,【梗指南】我能说脏话吗是什么梗,https://www.bilibili.com/video/BV1M5411R7ST
1579,梗百科,2022-05-18,北通之子,běi tōng zhī zi,bei tong zhi zi,03:09,BV1MY411F75E,【梗百科】北通之子是啥梗？,https://www.bilibili.com/video/BV1MY411F75E
1580,梗指南,2022-05-16,22=35,22=35,22=35,01:37,BV1UY4y1z7ET,22=35是什么意思【梗指南】,https://www.bilibili.com/video/BV1UY4y1z7ET
1581,梗百科,2022-05-16,我是云南的,wǒ shì yún nán de,wo shi yun nan de,02:53,BV1UY411c7b7,【梗百科】我是云南的是啥梗？,https://www.bilibili.com/video/BV1UY411c7b7
1582,梗指南,2022-05-14,釜山图书馆,fǔ shān tú shū guǎn,fu shan tu shu guan,01:50,BV1bA4y1f76h,釜山图书馆是什么梗【梗指南】,https://www.bilibili.com/video/BV1bA4y1f76h
1583,梗指南,2022-05-12,我是云南的,wǒ shì yún nán de,wo shi yun nan de,02:27,BV1sU4y1m7jo,我是云南的是什么梗【梗指南】,https://www.bilibili.com/video/BV1sU4y1m7jo
1584,梗指南,2022-05-11,召唤巨大喷流,zhào huàn jù dà pēn liú,zhao huan ju da pen liu,01:42,BV1g34y1h7Qr,召唤巨大喷流是什么梗【梗指南】,https://www.bilibili.com/video/BV1g34y1h7Qr
1585,梗百科,2022-05-10,巨大喷流,jù dà pēn liú,ju da pen liu,01:32,BV1vv4y1P7nN,【梗百科】巨大喷流是啥梗？,https://www.bilibili.com/video/BV1vv4y1P7nN
1586,梗指南,2022-05-10,知网是什么东西,zhī wǎng shì shén me dōng xī,zhi wang shi shen me dong xi,01:46,BV1mB4y1C7yD,知网是什么东西是什么梗【梗指南】,https://www.bilibili.com/video/BV1mB4y1C7yD
1587,梗百科,2022-05-08,上巴？心巴？×巴,shàng bā ？ xīn bā ？× bā,shang ba ？ xin ba ？× ba,00:53,BV1RU4y127Am,【梗百科】上巴？心巴？×巴是啥梗？,https://www.bilibili.com/video/BV1RU4y127Am
1588,梗指南,2022-05-08,母亲节段子大赏,mǔ qīn jié duàn zi dà shǎng,mu qin jie duan zi da shang,01:35,BV1mU4y127bb,母 亲 节 段 子 大 赏【梗指南】,https://www.bilibili.com/video/BV1mU4y127bb
1589,梗百科,2022-05-08,粥味很冲的角色,zhōu wèi hěn chōng de jué sè,zhou wei hen chong de jue se,01:41,BV1g44y1g7rJ,【梗百科】粥味很冲的角色是啥梗？,https://www.bilibili.com/video/BV1g44y1g7rJ
1590,梗指南,2022-05-07,中小学生禁止饮用纯净水,zhōng xiǎo xué shēng jìn zhǐ yǐn yòng chún jìng shuǐ,zhong xiao xue sheng jin zhi yin yong chun jing shui,02:10,BV1pY411A7GT,中小学生禁止饮用纯净水是什么梗【梗指南】,https://www.bilibili.com/video/BV1pY411A7GT
1591,梗指南,2022-05-06,天冷防韩,tiān lěng fáng hán,tian leng fang han,01:10,BV1a44y1u7Zx,天冷防韩是什么梗【梗指南】,https://www.bilibili.com/video/BV1a44y1u7Zx
1592,梗百科,2022-05-06,中小学生禁止饮用纯净水,zhōng xiǎo xué shēng jìn zhǐ yǐn yòng chún jìng shuǐ,zhong xiao xue sheng jin zhi yin yong chun jing shui,02:33,BV1E44y1u7N9,【梗百科】中小学生禁止饮用纯净水是啥梗？,https://www.bilibili.com/video/BV1E44y1u7N9
1593,梗指南,2022-05-05,优待俘虏,yōu dài fú lǔ,you dai fu lu,02:17,BV1i44y1u76X,优待俘虏是什么梗【梗指南】,https://www.bilibili.com/video/BV1i44y1u76X
1594,梗百科,2022-05-05,没活了可以咬打火机,méi huó le kě yǐ yǎo dǎ huǒ jī,mei huo le ke yi yao da huo ji,01:58,BV1FY4y1C7xu,【梗百科】没活了可以咬打火机是啥梗？,https://www.bilibili.com/video/BV1FY4y1C7xu
1595,梗指南,2022-05-04,娇妻文学,jiāo qī wén xué,jiao qi wen xue,01:40,BV1yr4y187d2,娇妻文学是什么意思【梗指南】,https://www.bilibili.com/video/BV1yr4y187d2
1596,梗指南,2022-05-02,上巴,shàng bā,shang ba,01:57,BV1ui4y1U7a4,上巴是什么梗【梗指南】,https://www.bilibili.com/video/BV1ui4y1U7a4
1597,梗百科,2022-05-02,三合一梗曲？最近外网爆火的手书梗,sān hé yī gěng qū ？ zuì jìn wài wǎng bào huǒ de shǒu shū gěng,san he yi geng qu ？ zui jin wai wang bao huo de shou shu geng,02:51,BV1W44y137ZX,【梗百科】三合一梗曲？最近外网爆火的手书梗！,https://www.bilibili.com/video/BV1W44y137ZX
1598,梗指南,2022-05-01,劳动节段子大赏,láo dòng jié duàn zi dà shǎng,lao dong jie duan zi da shang,01:32,BV14u411C7Cd,劳 动 节 段 子 大 赏【梗指南】,https://www.bilibili.com/video/BV14u411C7Cd
1599,梗指南,2022-04-30,你们不要再打了,nǐ men bú yào zài dǎ le,ni men bu yao zai da le,02:20,BV1BF411T7eW,你们不要再打了是什么梗【梗指南】,https://www.bilibili.com/video/BV1BF411T7eW
1600,梗指南,2022-04-29,都市隶人,dū shì lì rén,du shi li ren,02:44,BV1734y1a7Pn,【梗指南】都市隶人是什么意思,https://www.bilibili.com/video/BV1734y1a7Pn
1601,梗百科,2022-04-27,孔明不扶阿斗扶爱豆！派对浪客诸葛孔明是怎样的作品,kǒng míng bù fú ā dǒu fú ài dòu ！ pài duì làng kè zhū gě kǒng míng shì zěn yàng de zuò pǐn,kong ming bu fu a dou fu ai dou ！ pai dui lang ke zhu ge kong ming shi zen yang de zuo pin,04:56,BV1Tr4y1n7Pa,【梗百科】孔明不扶阿斗扶爱豆！派对浪客诸葛孔明是怎样的作品？,https://www.bilibili.com/video/BV1Tr4y1n7Pa
1602,梗指南,2022-04-27,比烂大作战,bǐ làn dà zuò zhàn,bi lan da zuo zhan,01:31,BV17a411e71Q,比烂大作战是什么意思【梗指南】,https://www.bilibili.com/video/BV17a411e71Q
1603,梗指南,2022-04-25,碧桂园五星上将,bì guì yuán wǔ xīng shàng jiàng,bi gui yuan wu xing shang jiang,01:14,BV1i34y1e7xT,碧桂园五星上将是什么梗【梗指南】,https://www.bilibili.com/video/BV1i34y1e7xT
1604,梗指南,2022-04-23,职业法师刘海柱,zhí yè fǎ shī liú hǎi zhù,zhi ye fa shi liu hai zhu,02:28,BV1uR4y1K7MX,职业法师刘海柱是什么梗【梗指南】,https://www.bilibili.com/video/BV1uR4y1K7MX
1605,梗百科,2022-04-23,让我单挑她,ràng wǒ dān tiāo tā,rang wo dan tiao ta,01:25,BV1zL4y1V7jC,【梗百科】让我单挑她是啥梗？这个人在老头环圈子里出名了！？,https://www.bilibili.com/video/BV1zL4y1V7jC
1606,梗指南,2022-04-21,刘畊宏男孩女孩,liú gēng hóng nán hái nǚ hái,liu geng hong nan hai nv hai,01:40,BV12r4y1J7C8,刘畊宏男孩女孩是什么梗【梗指南】,https://www.bilibili.com/video/BV12r4y1J7C8
1607,梗指南,2022-04-20,燕子没有你我怎么活,yàn zi méi yǒu nǐ wǒ zěn me huó,yan zi mei you ni wo zen me huo,01:41,BV1pY4y1a79N,燕子没有你我怎么活是什么梗【梗指南】,https://www.bilibili.com/video/BV1pY4y1a79N
1608,梗百科,2022-04-20,听我说谢谢你,tīng wǒ shuō xiè xiè nǐ,ting wo shuo xie xie ni,02:41,BV1kA4y1Q7wo,【梗百科】听我说谢谢你是啥梗？,https://www.bilibili.com/video/BV1kA4y1Q7wo
1609,梗指南,2022-04-18,运营不存在的游戏,yùn yíng bù cún zài de yóu xì,yun ying bu cun zai de you xi,01:23,BV1SZ4y1y793,运营不存在的游戏是什么梗【梗指南】,https://www.bilibili.com/video/BV1SZ4y1y793
1610,梗指南,2022-04-16,硬核劝降,yìng hé quàn xiáng,ying he quan xiang,03:06,BV1Lr4y1H78L,硬核劝降是什么梗【梗指南】,https://www.bilibili.com/video/BV1Lr4y1H78L
1611,梗指南,2022-04-15,外卷侠,wài juǎn xiá,wai juan xia,01:20,BV1d44y13739,外卷侠是什么梗【梗指南】,https://www.bilibili.com/video/BV1d44y13739
1612,梗百科,2022-04-15,小鸡恰恰舞,xiǎo jī qià qià wǔ,xiao ji qia qia wu,03:20,BV1NB4y1U7j3,【梗百科】小鸡恰恰舞是啥梗？,https://www.bilibili.com/video/BV1NB4y1U7j3
1613,梗指南,2022-04-14,娱乐圈经典名场面,yú lè quān jīng diǎn míng chǎng miàn,yu le quan jing dian ming chang mian,11:26,BV1Qu411C7pY,娱 乐 圈 经 典 名 场 面【梗指南】,https://www.bilibili.com/video/BV1Qu411C7pY
1614,梗指南,2022-04-12,白刀进绿刀出,bái dāo jìn lǜ dāo chū,bai dao jin lv dao chu,02:26,BV1xS4y1Y7tH,白刀进绿刀出是什么梗【梗指南】,https://www.bilibili.com/video/BV1xS4y1Y7tH
1615,梗百科,2022-04-11,喜剧人余华,xǐ jù rén yú huá,xi ju ren yu hua,03:51,BV1fB4y1m7qH,【梗百科】喜剧人余华是啥梗？中国文坛的泥石流！,https://www.bilibili.com/video/BV1fB4y1m7qH
1616,梗指南,2022-04-10,你是我的神,nǐ shì wǒ de shén,ni shi wo de shen,01:49,BV1ZA4y1X7Ve,你是我的神是什么梗【梗指南】,https://www.bilibili.com/video/BV1ZA4y1X7Ve
1617,梗指南,2022-04-09,Beep Beep I'ma sheep,Beep Beep I'ma sheep,Beep Beep I'ma sheep,02:06,BV1v34y1x7Yo,Beep Beep I'm a sheep是什么梗【梗指南】,https://www.bilibili.com/video/BV1v34y1x7Yo
1618,梗指南,2022-04-07,正确的,zhèng què de,zheng que de,01:30,BV1Br4y1p74e,正确的是什么梗【梗指南】,https://www.bilibili.com/video/BV1Br4y1p74e
1619,梗指南,2022-04-06,甲乙刻唐,jiǎ yǐ kè táng,jia yi ke tang,02:21,BV1iS4y117yD,甲乙刻唐是什么梗【梗指南】,https://www.bilibili.com/video/BV1iS4y117yD
1620,梗指南,2022-04-05,为菈妮,wèi lā nī,wei la ni,01:13,BV1734y1x7W4,为菈妮是什么梗【梗指南】,https://www.bilibili.com/video/BV1734y1x7W4
1621,梗百科,2022-04-05,选我还是PS5,xuǎn wǒ hái shì PS5,xuan wo hai shi PS5,03:37,BV18S4y1K7vR,【梗百科】选我还是PS5是啥梗？,https://www.bilibili.com/video/BV18S4y1K7vR
1622,梗百科,2022-04-04,Diablo 4090ti,Diablo 4090ti,Diablo 4090ti,01:24,BV18q4y1e76s,【梗百科】Diablo 4090ti是啥梗？暴雪出的首款能够连手机的外接显卡？,https://www.bilibili.com/video/BV18q4y1e76s
1623,梗指南,2022-04-03,逼斗的伤害,bī dòu de shāng hài,bi dou de shang hai,02:24,BV1SY411J7Dd,逼斗的伤害是什么梗【梗指南】,https://www.bilibili.com/video/BV1SY411J7Dd
1624,梗指南,2022-04-02,谢谢逆水寒,xiè xiè nì shuǐ hán,xie xie ni shui han,01:20,BV1QY4y1p7tT,【梗指南】谢谢逆水寒是什么梗,https://www.bilibili.com/video/BV1QY4y1p7tT
1625,梗指南,2022-04-01,愚人节段子小赏,yú rén jié duàn zi xiǎo shǎng,yu ren jie duan zi xiao shang,01:46,BV18S4y1m7KU,愚 人 节 段 子 小 赏【梗指南】,https://www.bilibili.com/video/BV18S4y1m7KU
1626,梗指南,2022-03-31,你没事吧,nǐ méi shì ba,ni mei shi ba,01:47,BV1fZ4y1m7Le,你没事吧是什么梗【梗指南】,https://www.bilibili.com/video/BV1fZ4y1m7Le
1627,梗百科,2022-03-30,nice,nice,nice,04:20,BV1CY4y1q76Q,【梗百科】nice是啥梗？没想到居然还有这样的故事！,https://www.bilibili.com/video/BV1CY4y1q76Q
1628,梗指南,2022-03-29,天堂に駆ける,tiān táng に qū ける,tian tang に qu ける,02:21,BV1J34y1471o,天堂に駆ける是什么梗【梗指南】,https://www.bilibili.com/video/BV1J34y1471o
1629,梗指南,2022-03-28,piao旭之争,piao xù zhī zhēng,piao xu zhi zheng,02:55,BV1PY411J7fD,【梗指南】piao旭之争是什么梗,https://www.bilibili.com/video/BV1PY411J7fD
1630,梗百科,2022-03-28,奥斯卡直播事故！威尔史密斯打脸,ào sī kǎ zhí bō shì gù ！ wēi ěr shǐ mì sī dǎ liǎn,ao si ka zhi bo shi gu ！ wei er shi mi si da lian,03:21,BV1c3411W7sc,【梗百科】奥斯卡直播事故！威尔史密斯打脸是咋回事？,https://www.bilibili.com/video/BV1c3411W7sc
1631,梗指南,2022-03-28,奥斯卡搏击之夜,ào sī kǎ bó jī zhī yè,ao si ka bo ji zhi ye,02:07,BV1q34y147Ue,奥斯卡搏击之夜是什么梗【梗指南】,https://www.bilibili.com/video/BV1q34y147Ue
1632,梗指南,2022-03-27,王守真,wáng shǒu zhēn,wang shou zhen,01:22,BV1pT4y1e7KW,王守真是什么梗【梗指南】,https://www.bilibili.com/video/BV1pT4y1e7KW
1633,梗指南,2022-03-26,怎么不算呢,zěn me bù suàn ne,zen me bu suan ne,01:45,BV1rS4y127fJ,怎么不算呢是什么梗【梗指南】,https://www.bilibili.com/video/BV1rS4y127fJ
1634,梗指南,2022-03-25,小时代文学,xiǎo shí dài wén xué,xiao shi dai wen xue,01:55,BV1s3411p74Z,小时代文学是什么梗【梗指南】,https://www.bilibili.com/video/BV1s3411p74Z
1635,梗指南,2022-03-24,四国特工,sì guó tè gōng,si guo te gong,01:42,BV1G34y147ik,四国特工是什么梗【梗指南】,https://www.bilibili.com/video/BV1G34y147ik
1636,梗指南,2022-03-23,发生什么事了,fā shēng shén me shì le,fa sheng shen me shi le,01:52,BV1eY411E7hy,发生什么事了是什么梗【梗指南】,https://www.bilibili.com/video/BV1eY411E7hy
1637,梗百科,2022-03-23,发生什么事了,fā shēng shén me shì le,fa sheng shen me shi le,01:46,BV1YY411E7oi,【梗百科】发生什么事了是啥梗？,https://www.bilibili.com/video/BV1YY411E7oi
1638,梗指南,2022-03-22,互联网掘墓人,hù lián wǎng jué mù rén,hu lian wang jue mu ren,01:16,BV1134y1t7fa,互联网掘墓人是什么梗【梗指南】,https://www.bilibili.com/video/BV1134y1t7fa
1639,梗百科,2022-03-22,月入3200,yuè rù 3200,yue ru 3200,02:10,BV19q4y1e7Cp,【梗百科】月入3200是啥梗？有钱是真的好！,https://www.bilibili.com/video/BV19q4y1e7Cp
1640,梗指南,2022-03-21,半岛铁盒,bàn dǎo tiě hé,ban dao tie he,01:19,BV1pZ4y167Ad,半岛铁盒是什么梗【梗指南】,https://www.bilibili.com/video/BV1pZ4y167Ad
1641,梗指南,2022-03-20,我年纪轻轻月入3200,wǒ nián jì qīng qīng yuè rù 3200,wo nian ji qing qing yue ru 3200,02:13,BV1BL4y1M7rV,我年纪轻轻月入3200是什么梗【梗指南】,https://www.bilibili.com/video/BV1BL4y1M7rV
1642,梗指南,2022-03-19,拼多多式鼓励,pīn duō duō shì gǔ lì,pin duo duo shi gu li,01:59,BV1PR4y1c7Qt,拼多多式鼓励是什么梗【梗指南】,https://www.bilibili.com/video/BV1PR4y1c7Qt
1643,梗百科,2022-03-18,老坛酸菜面咋了,lǎo tán suān cài miàn zǎ le,lao tan suan cai mian za le,01:54,BV14a41187NC,【梗百科】老坛酸菜面咋了？,https://www.bilibili.com/video/BV14a41187NC
1644,梗指南,2022-03-18,国足段子大赏,guó zú duàn zi dà shǎng,guo zu duan zi da shang,01:36,BV1bT4y1U7oJ,国 足 段 子 大 赏【梗指南】,https://www.bilibili.com/video/BV1bT4y1U7oJ
1645,梗指南,2022-03-17,足痰酸菜,zú tán suān cài,zu tan suan cai,01:52,BV1dL4y1T7Kd,足痰酸菜是什么梗【梗指南】,https://www.bilibili.com/video/BV1dL4y1T7Kd
1646,梗指南,2022-03-16,这一脚，踢出了整个盛夏,zhè yī jiǎo ， tī chū le zhěng gè shèng xià,zhe yi jiao ， ti chu le zheng ge sheng xia,01:47,BV1xL4y1T71Z,【补档】这一脚，踢出了整个盛夏是什么梗【梗指南】,https://www.bilibili.com/video/BV1xL4y1T71Z
1647,梗指南,2022-03-16,森死皮挠,sēn sǐ pí náo,sen si pi nao,01:47,BV1Eu411z71J,森死皮挠是什么梗【梗指南】,https://www.bilibili.com/video/BV1Eu411z71J
1648,梗指南,2022-03-15,代言人体验卡,dài yán rén tǐ yàn kǎ,dai yan ren ti yan ka,01:41,BV1kq4y1e7ni,代言人体验卡是什么梗【梗指南】,https://www.bilibili.com/video/BV1kq4y1e7ni
1649,梗百科,2022-03-15,梅琳娜你退群吧,méi lín nà nǐ tuì qún ba,mei lin na ni tui qun ba,01:59,BV1fa41147jJ,【梗百科】梅琳娜你退群吧是啥梗？,https://www.bilibili.com/video/BV1fa41147jJ
1650,梗指南,2022-03-14,690战术核显卡,690 zhàn shù hé xiǎn kǎ,690 zhan shu he xian ka,01:42,BV1sS4y1u72D,690战术核显卡是什么梗【梗指南】,https://www.bilibili.com/video/BV1sS4y1u72D
1651,梗指南,2022-03-13,营销号混合症,yíng xiāo hào hùn hé zhèng,ying xiao hao hun he zheng,01:45,BV1u34y187Vw,营销号混合症是什么意思【梗指南】,https://www.bilibili.com/video/BV1u34y187Vw
1652,梗指南,2022-03-12,植树节段子大赏,zhí shù jié duàn zi dà shǎng,zhi shu jie duan zi da shang,01:51,BV11S4y1S7mH,植 树 节 段 子 大 赏【梗指南】,https://www.bilibili.com/video/BV11S4y1S7mH
1653,梗指南,2022-03-11,B站赌场,B zhàn dǔ chǎng,B zhan du chang,02:15,BV1Tb4y1s7Ps,B站赌场是什么梗【梗指南】,https://www.bilibili.com/video/BV1Tb4y1s7Ps
1654,梗指南,2022-03-10,疯狂星期四文学,fēng kuáng xīng qī sì wén xué,feng kuang xing qi si wen xue,02:08,BV1hF41147N7,疯狂星期四文学是什么梗【梗指南】,https://www.bilibili.com/video/BV1hF41147N7
1655,梗百科,2022-03-10,苹果猫,píng guǒ māo,ping guo mao,02:32,BV13P4y137K3,【梗百科】苹果猫是啥梗？,https://www.bilibili.com/video/BV13P4y137K3
1656,梗百科,2022-03-09,完了，芭比Q了,wán le ， bā bǐ Q le,wan le ， ba bi Q le,00:55,BV14Z4y1r721,【梗百科】完了，芭比Q了是啥梗？,https://www.bilibili.com/video/BV14Z4y1r721
1657,梗指南,2022-03-08,世界上有五种辣,shì jiè shàng yǒu wǔ zhǒng là,shi jie shang you wu zhong la,01:33,BV1aL4y1u7av,世界上有五种辣是什么梗【梗指南】,https://www.bilibili.com/video/BV1aL4y1u7av
1658,梗指南,2022-03-07,讨好型人格,tǎo hǎo xíng rén gé,tao hao xing ren ge,01:59,BV1na411b7qS,讨好型人格是什么意思【梗指南】,https://www.bilibili.com/video/BV1na411b7qS
1659,梗百科,2022-03-07,喜欢萨莉亚的女朋友,xǐ huān sà lì yà de nǚ péng yǒu,xi huan sa li ya de nv peng you,01:22,BV1rL411N7Qr,【梗百科】喜欢萨莉亚的女朋友是啥梗？为何能让漂亮小姐姐都去这里自拍？,https://www.bilibili.com/video/BV1rL411N7Qr
1660,梗指南,2022-03-05,奶奶把我锁在家里,nǎi nǎi bǎ wǒ suǒ zài jiā lǐ,nai nai ba wo suo zai jia li,02:05,BV1a341157d5,奶奶把我锁在家里是什么梗【梗指南】,https://www.bilibili.com/video/BV1a341157d5
1661,梗指南,2022-03-04,卑鄙的外乡人,bēi bǐ de wài xiāng rén,bei bi de wai xiang ren,02:06,BV1tT4y1S7e4,卑鄙的外乡人是什么梗【梗指南】,https://www.bilibili.com/video/BV1tT4y1S7e4
1662,梗指南,2022-03-03,大的要来了,dà de yào lái le,da de yao lai le,01:16,BV1EL4y1371g,大的要来了是什么梗【梗指南】,https://www.bilibili.com/video/BV1EL4y1371g
1663,梗百科,2022-03-03,奶奶把我锁在家里,nǎi nǎi bǎ wǒ suǒ zài jiā lǐ,nai nai ba wo suo zai jia li,01:39,BV1Kq4y14763,【梗百科】奶奶把我锁在家里是啥梗？,https://www.bilibili.com/video/BV1Kq4y14763
1664,梗百科,2022-03-03,Speed大战Ben,Speed dà zhàn Ben,Speed da zhan Ben,03:45,BV1Vq4y1477v,【梗百科】Speed大战Ben是啥梗？这么简单的游戏被黑人小哥玩出花了！,https://www.bilibili.com/video/BV1Vq4y1477v
1665,梗指南,2022-03-02,TES48,TES48,TES48,02:16,BV1M44y1M7SV,TES48是什么梗【梗指南】,https://www.bilibili.com/video/BV1M44y1M7SV
1666,梗指南,2022-03-01,八音盒、嗨害嗨,bā yīn hé 、 hāi hài hāi,ba yin he 、 hai hai hai,01:23,BV1nL4y1372p,八音盒、嗨害嗨是什么梗【梗指南】,https://www.bilibili.com/video/BV1nL4y1372p
1667,梗指南,2022-02-28,乌拉,wū lā,wu la,01:15,BV1VT4y1S7D2,乌拉是什么梗【梗指南】,https://www.bilibili.com/video/BV1VT4y1S7D2
1668,梗指南,2022-02-27,反思怪,fǎn sī guài,fan si guai,01:35,BV1wS4y167TJ,反思怪是什么梗【梗指南】,https://www.bilibili.com/video/BV1wS4y167TJ
1669,梗百科,2022-02-26,宫崎英高跌上/下神坛,gōng qí yīng gāo diē shàng / xià shén tán,gong qi ying gao die shang / xia shen tan,02:03,BV1uS4y1c7cB,【梗百科】宫崎英高跌上/下神坛是啥梗？,https://www.bilibili.com/video/BV1uS4y1c7cB
1670,梗指南,2022-02-26,这是可以说的吗、羊胎素,zhè shì kě yǐ shuō de ma 、 yáng tāi sù,zhe shi ke yi shuo de ma 、 yang tai su,02:06,BV1144y1n7vp,这是可以说的吗、羊胎素是什么梗【梗指南】,https://www.bilibili.com/video/BV1144y1n7vp
1671,梗指南,2022-02-25,二极管,èr jí guǎn,er ji guan,01:12,BV1V3411j7gb,二极管是什么梗【梗指南】,https://www.bilibili.com/video/BV1V3411j7gb
1672,梗指南,2022-02-24,这里是缅甸北部,zhè lǐ shì miǎn diān běi bù,zhe li shi mian dian bei bu,01:17,BV1PP4y1c7z7,这里是缅甸北部是什么梗【梗指南】,https://www.bilibili.com/video/BV1PP4y1c7z7
1673,梗指南,2022-02-23,玉玉症,yù yù zhèng,yu yu zheng,01:13,BV1Eu411D7W2,玉玉症是什么梗【梗指南】,https://www.bilibili.com/video/BV1Eu411D7W2
1674,梗指南,2022-02-22,二次元之日,èr cì yuán zhī rì,er ci yuan zhi ri,01:09,BV1i34y1C7AX,二次元之日是什么梗【梗指南】,https://www.bilibili.com/video/BV1i34y1C7AX
1675,梗百科,2022-02-22,成龙劝游,chéng lóng quàn yóu,cheng long quan you,03:00,BV1qb4y147gQ,【梗百科】成龙劝游是啥梗？游戏里的你再强大，也是假的！,https://www.bilibili.com/video/BV1qb4y147gQ
1676,梗百科,2022-02-22,范马孔子,fàn mǎ kǒng zi,fan ma kong zi,01:27,BV1wR4y1j7u7,【梗百科】范马孔子是啥梗？,https://www.bilibili.com/video/BV1wR4y1j7u7
1677,梗指南,2022-02-21,timing侠,timing xiá,timing xia,01:50,BV1Wr4y1r7P4,timing侠是什么梗【梗指南】,https://www.bilibili.com/video/BV1Wr4y1r7P4
1678,梗指南,2022-02-20,冬奥会段子大赏,dōng ào huì duàn zi dà shǎng,dong ao hui duan zi da shang,01:46,BV1AF411J7KX,冬 奥 会 段 子 大 赏【梗指南】,https://www.bilibili.com/video/BV1AF411J7KX
1679,梗指南,2022-02-19,成龙劝游记,chéng lóng quàn yóu jì,cheng long quan you ji,02:09,BV1Ma411C7JJ,成龙劝游记是什么梗【梗指南】,https://www.bilibili.com/video/BV1Ma411C7JJ
1680,梗百科,2022-02-18,风灵月影宗,fēng líng yuè yǐng zōng,feng ling yue ying zong,01:26,BV1qP4y1F7sB,【梗百科】风灵月影宗是啥梗？,https://www.bilibili.com/video/BV1qP4y1F7sB
1681,梗指南,2022-02-18,XR改的,XR gǎi de,XR gai de,01:18,BV1ui4y127qD,XR改的是什么梗【梗指南】,https://www.bilibili.com/video/BV1ui4y127qD
1682,梗指南,2022-02-17,你充Q币吗,nǐ chōng Q bì ma,ni chong Q bi ma,02:24,BV1KF411E7ro,你充Q币吗是什么梗【梗指南】,https://www.bilibili.com/video/BV1KF411E7ro
1683,梗指南,2022-02-16,†升天†,† shēng tiān †,† sheng tian †,01:13,BV1rr4y167cm,†升天†是什么梗【梗指南】,https://www.bilibili.com/video/BV1rr4y167cm
1684,梗百科,2022-02-16,勇敢勇敢我的朋友！xx跑男,yǒng gǎn yǒng gǎn wǒ de péng yǒu ！xx pǎo nán,yong gan yong gan wo de peng you ！xx pao nan,02:13,BV11m4y1d7PG,【梗百科】勇敢勇敢我的朋友！xx跑男是啥梗？,https://www.bilibili.com/video/BV11m4y1d7PG
1685,梗指南,2022-02-15,颜文字是由什么组成的,yán wén zì shì yóu shén me zǔ chéng de,yan wen zi shi you shen me zu cheng de,01:12,BV1YZ4y1R7x9,颜文字是由什么组成的【梗指南】,https://www.bilibili.com/video/BV1YZ4y1R7x9
1686,梗指南,2022-02-13,麦地教父,mài dì jiào fù,mai di jiao fu,02:25,BV14341177VH,麦地教父是什么梗【梗指南】,https://www.bilibili.com/video/BV14341177VH
1687,梗指南,2022-02-12,宇宙国,yǔ zhòu guó,yu zhou guo,01:34,BV1uF411n79D,宇宙国是什么梗【梗指南】,https://www.bilibili.com/video/BV1uF411n79D
1688,梗指南,2022-02-12,宇宙国,yǔ zhòu guó,yu zhou guo,01:34,BV1Kq4y187RM,宇宙国是什么梗（韩语字幕）【梗指南】,https://www.bilibili.com/video/BV1Kq4y187RM
1689,梗百科,2022-02-11,后室是什么？外网盛传多年的恐怖故事,hòu shì shì shén me ？ wài wǎng shèng chuán duō nián de kǒng bù gù shì,hou shi shi shen me ？ wai wang sheng chuan duo nian de kong bu gu shi,03:18,BV1Bb4y1776a,【梗百科】后室是什么？外网盛传多年的恐怖故事？,https://www.bilibili.com/video/BV1Bb4y1776a
1690,梗指南,2022-02-10,美式霸凌,měi shì bà líng,mei shi ba ling,02:03,BV1eL4y1s7Mh,美式霸凌是什么梗【梗指南】,https://www.bilibili.com/video/BV1eL4y1s7Mh
1691,梗指南,2022-02-09,超能先生逐渐XX,chāo néng xiān shēng zhú jiàn XX,chao neng xian sheng zhu jian XX,01:16,BV1mr4y1h7VT,超能先生逐渐XX是什么梗【梗指南】,https://www.bilibili.com/video/BV1mr4y1h7VT
1692,梗指南,2022-02-08,谢谢猎豹,xiè xiè liè bào,xie xie lie bao,01:08,BV1244y1H7ro,谢谢猎豹是什么梗【梗指南】,https://www.bilibili.com/video/BV1244y1H7ro
1693,梗百科,2022-02-08,冰墩墩,bīng dūn dūn,bing dun dun,02:21,BV1fT4y1Q7Ti,【梗百科】冰墩墩是啥？同一个角色，中日梗图怎么风格差这么多捏？,https://www.bilibili.com/video/BV1fT4y1Q7Ti
1694,梗指南,2022-02-07,葬天帝,zàng tiān dì,zang tian di,01:44,BV1wS4y1G7ob,葬天帝是什么梗【梗指南】,https://www.bilibili.com/video/BV1wS4y1G7ob
1695,梗指南,2022-02-06,我能受这委屈吗,wǒ néng shòu zhè wěi qū ma,wo neng shou zhe wei qu ma,01:36,BV1ZR4y1j7ke,我能受这委屈吗是什么梗【梗指南】,https://www.bilibili.com/video/BV1ZR4y1j7ke
1696,梗指南,2022-02-05,铁憨憨,tiě hān hān,tie han han,01:22,BV1hT4y1C7Tb,铁憨憨是什么梗【梗指南】,https://www.bilibili.com/video/BV1hT4y1C7Tb
1697,梗百科,2022-02-03,谁有赵本山电话,shuí yǒu zhào běn shān diàn huà,shui you zhao ben shan dian hua,01:02,BV1rq4y1h74w,【梗百科】谁有赵本山电话是啥梗？,https://www.bilibili.com/video/BV1rq4y1h74w
1698,梗指南,2022-02-02,脸都不要了,liǎn dōu bú yào le,lian dou bu yao le,01:54,BV1ZR4y1T7nP,脸都不要了是什么梗【梗指南】,https://www.bilibili.com/video/BV1ZR4y1T7nP
1699,梗指南,2022-02-02,芭比Q,bā bǐ Q,ba bi Q,01:24,BV18q4y1F754,芭比Q是什么梗【梗指南】,https://www.bilibili.com/video/BV18q4y1F754
1700,梗指南,2022-01-31,春节段子大赏,chūn jié duàn zi dà shǎng,chun jie duan zi da shang,01:49,BV1C44y1p7G3,春 节 段 子 大 赏【梗指南】,https://www.bilibili.com/video/BV1C44y1p7G3
1701,梗指南,2022-01-30,炫沙糖桔,xuàn shā táng jú,xuan sha tang ju,01:13,BV1FU4y1F7vC,炫沙糖桔是什么梗【梗指南】,https://www.bilibili.com/video/BV1FU4y1F7vC
1702,梗百科,2022-01-30,XX波比,XX bō bǐ,XX bo bi,02:53,BV1MS4y1577M,【梗百科】XX波比是啥梗？英雄联盟里一共有几个波比？,https://www.bilibili.com/video/BV1MS4y1577M
1703,梗指南,2022-01-29,妹说就是零卡,mèi shuō jiù shì líng kǎ,mei shuo jiu shi ling ka,01:39,BV1WF411H7FM,妹说就是零卡是什么梗【梗指南】,https://www.bilibili.com/video/BV1WF411H7FM
1704,梗指南,2022-01-27,摇摆联盟,yáo bǎi lián méng,yao bai lian meng,02:31,BV1DL4y1s7NW,摇摆联盟是什么梗【梗指南】,https://www.bilibili.com/video/BV1DL4y1s7NW
1705,梗百科,2022-01-26,总有一天，全xx的人都要高看我们,zǒng yǒu yī tiān ， quán xx de rén dōu yào gāo kàn wǒ men,zong you yi tian ， quan xx de ren dou yao gao kan wo men,02:12,BV1BF411p7Wh,【梗百科】总有一天，全xx的人都要高看我们是啥梗？,https://www.bilibili.com/video/BV1BF411p7Wh
1706,梗指南,2022-01-25,人类的悲欢并不相通,rén lèi de bēi huān bìng bù xiāng tōng,ren lei de bei huan bing bu xiang tong,01:10,BV1Qm4y1Z7dj,人类的悲欢并不相通是什么梗【梗指南】,https://www.bilibili.com/video/BV1Qm4y1Z7dj
1707,梗指南,2022-01-24,卡农后遗症,kǎ nóng hòu yí zhèng,ka nong hou yi zheng,01:38,BV1LS4y1Z7MR,卡农后遗症是什么梗【梗指南】,https://www.bilibili.com/video/BV1LS4y1Z7MR
1708,梗指南,2022-01-23,fake run！跑男,fake run！ pǎo nán,fake run！ pao nan,01:43,BV11S4y1o7F8,fake run！跑男是什么梗【梗指南】,https://www.bilibili.com/video/BV11S4y1o7F8
1709,梗百科,2022-01-23,金钱豹,jīn qián bào,jin qian bao,01:18,BV18q4y1C7XG,【梗百科】金钱豹是啥梗？怎么好多人头像都变成这个了？,https://www.bilibili.com/video/BV18q4y1C7XG
1710,梗指南,2022-01-22,快住手，这根本就不是二创,kuài zhù shǒu ， zhè gēn běn jiù bú shì èr chuàng,kuai zhu shou ， zhe gen ben jiu bu shi er chuang,01:23,BV1PS4y1o7t3,快住手，这根本就不是二创是什么梗【梗指南】,https://www.bilibili.com/video/BV1PS4y1o7t3
1711,梗百科,2022-01-22,麦乐鸡侠,mài lè jī xiá,mai le ji xia,00:39,BV1Sb4y1J741,【梗百科】麦乐鸡侠是啥梗？,https://www.bilibili.com/video/BV1Sb4y1J741
1712,梗指南,2022-01-21,寄！GG,jì ！GG,ji ！GG,01:45,BV1Gf4y1F711,寄！GG是什么梗【梗指南】,https://www.bilibili.com/video/BV1Gf4y1F711
1713,梗百科,2022-01-20,微软收购动视暴雪,wēi ruǎn shōu gòu dòng shì bào xuě,wei ruan shou gou dong shi bao xue,01:40,BV1Ka411m7Pn,【梗百科】微软收购动视暴雪是咋回事？有钱真的可以为所欲为！,https://www.bilibili.com/video/BV1Ka411m7Pn
1714,梗指南,2022-01-19,emotional damage,emotional damage,emotional damage,01:46,BV1ZZ4y1f7eP,emotional damage是什么梗【梗指南】,https://www.bilibili.com/video/BV1ZZ4y1f7eP
1715,梗百科,2022-01-18,谁才是真正的英雄,shuí cái shì zhēn zhèng de yīng xióng,shui cai shi zhen zheng de ying xiong,01:10,BV1Da41127Pg,【梗百科】谁才是真正的英雄是啥梗？,https://www.bilibili.com/video/BV1Da41127Pg
1716,梗指南,2022-01-18,金钱豹,jīn qián bào,jin qian bao,01:18,BV1bF411p7Lg,金钱豹是什么梗【梗指南】,https://www.bilibili.com/video/BV1bF411p7Lg
1717,梗指南,2022-01-17,麦乐鸡侠,mài lè jī xiá,mai le ji xia,01:50,BV1Kq4y117gN,麦乐鸡侠是什么梗【梗指南】,https://www.bilibili.com/video/BV1Kq4y117gN
1718,梗指南,2022-01-16,弹幕下围棋,dàn mù xià wéi qí,dan mu xia wei qi,02:16,BV1tL411c7hU,弹幕下围棋是什么梗【梗指南】,https://www.bilibili.com/video/BV1tL411c7hU
1719,梗指南,2022-01-15,我在大润发杀了十年的鱼,wǒ zài dà rùn fā shā le shí nián de yú,wo zai da run fa sha le shi nian de yu,01:17,BV13q4y117in,我在大润发杀了十年的鱼是什么梗【梗指南】,https://www.bilibili.com/video/BV13q4y117in
1720,梗百科,2022-01-14,文化拱火,wén huà gǒng huǒ,wen hua gong huo,01:25,BV1Nu411m7TY,【梗百科】文化拱火是啥梗？这是一款只有中国人能做出来的游戏！,https://www.bilibili.com/video/BV1Nu411m7TY
1721,梗指南,2022-01-14,老师，菜菜，捞捞,lǎo shī ， cài cài ， lāo lāo,lao shi ， cai cai ， lao lao,01:20,BV1CR4y1g7Dw,老师，菜菜，捞捞是什么梗【梗指南】,https://www.bilibili.com/video/BV1CR4y1g7Dw
1722,梗指南,2022-01-13,幻塔,huàn tǎ,huan ta,01:41,BV1334y1i7UB,幻塔，。是什么梗【梗指南】,https://www.bilibili.com/video/BV1334y1i7UB
1723,梗百科,2022-01-13,道理哥是谁？莫非这就是2022年的第一个梗,dào lǐ gē shì shuí ？ mò fēi zhè jiù shì 2022 nián de dì yí gè gěng,dao li ge shi shui ？ mo fei zhe jiu shi 2022 nian de di yi ge geng,02:45,BV1cm4y1Q7ZR,【梗百科】道理哥是谁？莫非这就是2022年的第一个梗？！,https://www.bilibili.com/video/BV1cm4y1Q7ZR
1724,梗指南,2022-01-12,道理哥,dào lǐ gē,dao li ge,02:29,BV11Y41187r4,道理哥是什么梗【梗指南】,https://www.bilibili.com/video/BV11Y41187r4
1725,梗指南,2022-01-11,穿山甲联盟,chuān shān jiǎ lián méng,chuan shan jia lian meng,01:43,BV1au41127GU,穿山甲联盟是什么梗【梗指南】,https://www.bilibili.com/video/BV1au41127GU
1726,梗指南,2022-01-10,剑魔区up主,jiàn mó qū up zhǔ,jian mo qu up zhu,01:46,BV1AS4y1j7Ky,剑魔区up主是什么梗【梗指南】,https://www.bilibili.com/video/BV1AS4y1j7Ky
1727,梗百科,2022-01-10,2021年热门梗盘点,2021 nián rè mén gěng pán diǎn,2021 nian re men geng pan dian,04:39,BV1Xb4y1n7iT,【梗百科】2021年热门梗盘点！！！,https://www.bilibili.com/video/BV1Xb4y1n7iT
1728,梗指南,2022-01-09,我与曹贼何异,wǒ yǔ cáo zéi hé yì,wo yu cao zei he yi,01:10,BV16Z4y1S75y,我与曹贼何异是什么梗【梗指南】,https://www.bilibili.com/video/BV16Z4y1S75y
1729,梗指南,2022-01-06,的地得警察,de dì dé jǐng chá,de di de jing cha,01:26,BV19Z4y1U7Mh,的地得警察是什么梗【梗指南】,https://www.bilibili.com/video/BV19Z4y1U7Mh
1730,梗指南,2022-01-05,我用xx摆烂我的AE作业,wǒ yòng xx bǎi làn wǒ de AE zuò yè,wo yong xx bai lan wo de AE zuo ye,03:06,BV1Zq4y1C7aC,我用xx摆烂我的AE作业是什么梗【梗指南】,https://www.bilibili.com/video/BV1Zq4y1C7aC
1731,梗指南,2022-01-04,防止小孩误食,fáng zhǐ xiǎo hái wù shí,fang zhi xiao hai wu shi,01:28,BV1kR4y1u7ER,防止小孩误食是什么梗【梗指南】,https://www.bilibili.com/video/BV1kR4y1u7ER
1732,梗指南,2022-01-03,X女士说得对,X nǚ shì shuō dé duì,X nv shi shuo de dui,01:19,BV1Fi4y197S4,X女士说得对是什么梗【梗指南】,https://www.bilibili.com/video/BV1Fi4y197S4
1733,梗指南,2022-01-02,AEBD,AEBD,AEBD,01:38,BV1BM4y1F7ao,AEBD是什么梗【梗指南】,https://www.bilibili.com/video/BV1BM4y1F7ao
1734,梗百科,2022-01-02,xx咬人事件,xx yǎo rén shì jiàn,xx yao ren shi jian,01:28,BV1w44y1E7r4,【梗百科】xx咬人事件是啥梗？,https://www.bilibili.com/video/BV1w44y1E7r4
1735,梗指南,2021-12-31,跨年段子大赏,kuà nián duàn zi dà shǎng,kua nian duan zi da shang,02:53,BV1jR4y137VU,跨 年 段 子 大 赏【梗指南】,https://www.bilibili.com/video/BV1jR4y137VU
1736,梗指南,2021-12-30,你发癫人家问地你答天,nǐ fā diān rén jiā wèn dì nǐ dá tiān,ni fa dian ren jia wen di ni da tian,01:29,BV1Wm4y1Q7YZ,你发癫人家问地你答天是什么梗【梗指南】,https://www.bilibili.com/video/BV1Wm4y1Q7YZ
1737,梗百科,2021-12-30,救救孩子,jiù jiù hái zi,jiu jiu hai zi,01:11,BV13a411r7Vw,【梗百科】救救孩子是啥梗？,https://www.bilibili.com/video/BV13a411r7Vw
1738,梗指南,2021-12-29,已经在谷底了,yǐ jīng zài gǔ dǐ le,yi jing zai gu di le,01:41,BV1r3411v7an,已经在谷底了是什么梗【梗指南】,https://www.bilibili.com/video/BV1r3411v7an
1739,梗指南,2021-12-28,俺の愛馬が,ǎn の ài mǎ が,an の ai ma が,01:53,BV1Ku411D7Gr,俺の愛馬が是什么梗【梗指南】,https://www.bilibili.com/video/BV1Ku411D7Gr
1740,梗指南,2021-12-27,钝角,dùn jiǎo,dun jiao,01:40,BV1P34y1z7Ft,钝角是什么梗【梗指南】,https://www.bilibili.com/video/BV1P34y1z7Ft
1741,梗指南,2021-12-26,abandon,abandon,abandon,01:11,BV1U34y167vA,abandon是什么梗【梗指南】,https://www.bilibili.com/video/BV1U34y167vA
1742,梗百科,2021-12-26,假面骑士的圣诞节,jiǎ miàn qí shì de shèng dàn jié,jia mian qi shi de sheng dan jie,01:53,BV1XP4y1H7PP,【梗百科】假面骑士的圣诞节是啥梗？,https://www.bilibili.com/video/BV1XP4y1H7PP
1743,梗指南,2021-12-25,padoru,padoru,padoru,02:43,BV1H34y1r7uP,padoru是什么梗【梗指南】,https://www.bilibili.com/video/BV1H34y1r7uP
1744,梗指南,2021-12-23,半场开香槟,bàn chǎng kāi xiāng bīn,ban chang kai xiang bin,01:06,BV1fY411H7yk,半场开香槟是什么梗【梗指南】,https://www.bilibili.com/video/BV1fY411H7yk
1745,梗指南,2021-12-22,一薇,yī wēi,yi wei,01:04,BV1NM4y1w7YT,一薇是什么梗【梗指南】,https://www.bilibili.com/video/BV1NM4y1w7YT
1746,梗指南,2021-12-21,专业配音员,zhuān yè pèi yīn yuán,zhuan ye pei yin yuan,01:40,BV1Tm4y197iK,专业配音员是什么梗【梗指南】,https://www.bilibili.com/video/BV1Tm4y197iK
1747,梗百科,2021-12-21,怀民亦未寝,huái mín yì wèi qǐn,huai min yi wei qin,02:52,BV1K44y1J7Bg,【梗百科】怀民亦未寝是啥梗？,https://www.bilibili.com/video/BV1K44y1J7Bg
1748,梗指南,2021-12-20,我怕E宝误会,wǒ pà E bǎo wù huì,wo pa E bao wu hui,01:36,BV1mY411W7de,我怕E宝误会是什么梗【梗指南】,https://www.bilibili.com/video/BV1mY411W7de
1749,梗指南,2021-12-19,虚空索敌,xū kōng suǒ dí,xu kong suo di,01:04,BV1qS4y1Q78n,虚空索敌是什么梗【梗指南】,https://www.bilibili.com/video/BV1qS4y1Q78n
1750,梗百科,2021-12-19,不可以色色,bù kě yǐ sè sè,bu ke yi se se,01:08,BV173411x7qM,【梗百科】不可以色色是啥梗？,https://www.bilibili.com/video/BV173411x7qM
1751,梗指南,2021-12-18,去码头整点薯条,qù mǎ tóu zhěng diǎn shǔ tiáo,qu ma tou zheng dian shu tiao,01:16,BV1RF411q7gk,去码头整点薯条是什么梗【梗指南】,https://www.bilibili.com/video/BV1RF411q7gk
1752,梗指南,2021-12-17,啊怎么会呢,a zěn me huì ne,a zen me hui ne,01:41,BV1uP4y1H77r,啊怎么会呢是什么梗【梗指南】,https://www.bilibili.com/video/BV1uP4y1H77r
1753,梗指南,2021-12-16,十年老粉,shí nián lǎo fěn,shi nian lao fen,01:29,BV1H34y197bg,十年老粉是什么梗【梗指南】,https://www.bilibili.com/video/BV1H34y197bg
1754,梗指南,2021-12-15,扣1送xx,kòu 1 sòng xx,kou 1 song xx,01:02,BV1vg411w7aT,扣1送xx是什么梗【梗指南】,https://www.bilibili.com/video/BV1vg411w7aT
1755,梗百科,2021-12-15,你爹来啰,nǐ diē lái luō,ni die lai luo,01:02,BV1nS4y1Q7pr,【梗百科】你爹来啰是啥梗？,https://www.bilibili.com/video/BV1nS4y1Q7pr
1756,梗指南,2021-12-11,如果xx的话,rú guǒ xx de huà,ru guo xx de hua,01:14,BV1cM4y1c7WY,如果xx的话是什么梗【梗指南】,https://www.bilibili.com/video/BV1cM4y1c7WY
1757,梗指南,2021-12-10,自罚两杯,zì fá liǎng bēi,zi fa liang bei,01:04,BV1iP4y137Wg,自罚两杯是什么梗【梗指南】,https://www.bilibili.com/video/BV1iP4y137Wg
1758,梗指南,2021-12-09,绿头鱼,lǜ tóu yú,lv tou yu,01:26,BV1QS4y1D7NT,绿头鱼是什么梗【梗指南】,https://www.bilibili.com/video/BV1QS4y1D7NT
1759,梗指南,2021-12-08,群青meme,qún qīng meme,qun qing meme,01:29,BV1Jb4y1i7J9,群青meme是什么梗【梗指南】,https://www.bilibili.com/video/BV1Jb4y1i7J9
1760,梗百科,2021-12-07,空条徐伦的律师,kōng tiáo xú lún de lǜ shī,kong tiao xu lun de lv shi,02:30,BV1wL411E7sW,【梗百科】空条徐伦的律师是啥梗？,https://www.bilibili.com/video/BV1wL411E7sW
1761,梗指南,2021-12-06,Google Ngram,Google Ngram,Google Ngram,01:50,BV1AZ4y197aE,Google Ngram是什么梗【梗指南】,https://www.bilibili.com/video/BV1AZ4y197aE
1762,梗指南,2021-12-05,你叉叉,nǐ chā chā,ni cha cha,02:48,BV1C341147Ca,你叉叉是什么梗【梗指南】,https://www.bilibili.com/video/BV1C341147Ca
1763,梗指南,2021-12-04,你怎么睡得着的,nǐ zěn me shuì dé zhe de,ni zen me shui de zhe de,01:27,BV1GL41177Qz,你怎么睡得着的是什么梗【梗指南】,https://www.bilibili.com/video/BV1GL41177Qz
1764,梗百科,2021-12-03,动物园怪谈,dòng wù yuán guài tán,dong wu yuan guai tan,02:57,BV1iR4y1477q,【梗百科】动物园怪谈是啥梗？这动物园规则看了后你想不想去？,https://www.bilibili.com/video/BV1iR4y1477q
1765,梗指南,2021-12-02,抛开事实不谈,pāo kāi shì shí bù tán,pao kai shi shi bu tan,01:31,BV1Wg411A7k7,抛开事实不谈是什么梗【梗指南】,https://www.bilibili.com/video/BV1Wg411A7k7
1766,梗指南,2021-12-01,我将以高达形态出击,wǒ jiāng yǐ gāo dá xíng tài chū jī,wo jiang yi gao da xing tai chu ji,01:31,BV1tM4y1w74E,我将以高达形态出击是什么梗【梗指南】,https://www.bilibili.com/video/BV1tM4y1w74E
1767,梗百科,2021-12-01,我将以高达形态出击,wǒ jiāng yǐ gāo dá xíng tài chū jī,wo jiang yi gao da xing tai chu ji,00:46,BV1er4y1Q76F,【梗百科】我将以高达形态出击是啥梗？成都导哥就是他？,https://www.bilibili.com/video/BV1er4y1Q76F
1768,梗指南,2021-12-01,2021热梗年度总结,2021 rè gěng nián dù zǒng jié,2021 re geng nian du zong jie,07:03,BV1PL4y1W7DA,2 0 2 1 热 梗 年 度 总 结【梗指南】,https://www.bilibili.com/video/BV1PL4y1W7DA
1769,梗百科,2021-12-01,催逝员,cuī shì yuán,cui shi yuan,04:22,BV1Wg411A7Cz,【梗百科】催逝员是啥梗？鸡汤来咯～,https://www.bilibili.com/video/BV1Wg411A7Cz
1770,梗指南,2021-11-30,一定是XX的阴谋,yí dìng shì XX de yīn móu,yi ding shi XX de yin mou,01:27,BV1Eq4y1z7yt,一定是XX的阴谋是什么梗【梗指南】,https://www.bilibili.com/video/BV1Eq4y1z7yt
1771,梗指南,2021-11-29,破防,pò fáng,po fang,01:36,BV16S4y1X7Lv,破防是什么梗【梗指南】,https://www.bilibili.com/video/BV16S4y1X7Lv
1772,梗指南,2021-11-29,摆烂,bǎi làn,bai lan,01:19,BV1GS4y1X7wH,摆烂是什么梗【梗指南】,https://www.bilibili.com/video/BV1GS4y1X7wH
1773,梗指南,2021-11-26,女强人制造机,nǚ qiáng rén zhì zào jī,nv qiang ren zhi zao ji,02:24,BV1T3411b73Y,女强人制造机是什么梗【梗指南】,https://www.bilibili.com/video/BV1T3411b73Y
1774,梗百科,2021-11-26,乳法,rǔ fǎ,ru fa,02:51,BV17U4y1T7ph,【梗百科】乳法是啥梗？为啥要乳法？,https://www.bilibili.com/video/BV17U4y1T7ph
1775,梗指南,2021-11-25,水母迷因,shuǐ mǔ mí yīn,shui mu mi yin,01:39,BV1w3411b7Fc,水母迷因是什么梗【梗指南】,https://www.bilibili.com/video/BV1w3411b7Fc
1776,梗指南,2021-11-24,狗卡,gǒu kǎ,gou ka,02:12,BV113411t7zL,狗卡是什么梗【梗指南】,https://www.bilibili.com/video/BV113411t7zL
1777,梗百科,2021-11-23,这不比忍术好用,zhè bù bǐ rěn shù hǎo yòng,zhe bu bi ren shu hao yong,02:16,BV1yQ4y1v7GB,【梗百科】这不比忍术好用是啥梗？,https://www.bilibili.com/video/BV1yQ4y1v7GB
1778,梗指南,2021-11-22,火影手游2000,huǒ yǐng shǒu yóu 2000,huo ying shou you 2000,01:16,BV1F44y1Y717,火影手游2000是什么梗【梗指南】,https://www.bilibili.com/video/BV1F44y1Y717
1779,梗指南,2021-11-21,自爆卡车,zì bào kǎ chē,zi bao ka che,01:08,BV1oS4y197FW,自爆卡车是什么梗【梗指南】,https://www.bilibili.com/video/BV1oS4y197FW
1780,梗指南,2021-11-20,炸锅文学,zhà guō wén xué,zha guo wen xue,02:22,BV1iQ4y1U7Af,炸锅文学是什么梗【梗指南】,https://www.bilibili.com/video/BV1iQ4y1U7Af
1781,梗百科,2021-11-20,寄！寄了！GG,jì ！ jì le ！GG,ji ！ ji le ！GG,01:21,BV1Uq4y1673Y,【梗百科】寄！寄了！GG是啥梗？,https://www.bilibili.com/video/BV1Uq4y1673Y
1782,梗指南,2021-11-20,高级特工、催逝员,gāo jí tè gōng 、 cuī shì yuán,gao ji te gong 、 cui shi yuan,02:36,BV16Q4y1v7sW,高级特工、催逝员是什么梗【梗指南】,https://www.bilibili.com/video/BV16Q4y1v7sW
1783,梗指南,2021-11-19,警惕拜登打xx牌,jǐng tì bài dēng dǎ xx pái,jing ti bai deng da xx pai,01:43,BV1fb4y1t7gN,警惕拜登打xx牌是什么梗【梗指南】,https://www.bilibili.com/video/BV1fb4y1t7gN
1784,梗指南,2021-11-17,快进到XX,kuài jìn dào XX,kuai jin dao XX,01:20,BV1qQ4y1v796,快进到XX是什么梗【梗指南】,https://www.bilibili.com/video/BV1qQ4y1v796
1785,梗百科,2021-11-17,年轻人不要太气盛,nián qīng rén bú yào tài qì shèng,nian qing ren bu yao tai qi sheng,03:23,BV1iP4y157kz,【梗百科】年轻人不要太气盛是啥梗？,https://www.bilibili.com/video/BV1iP4y157kz
1786,梗指南,2021-11-15,现代成语大会,xiàn dài chéng yǔ dà huì,xian dai cheng yu da hui,01:24,BV1g44y1v7KJ,现代成语大会是什么梗【梗指南】,https://www.bilibili.com/video/BV1g44y1v7KJ
1787,梗百科,2021-11-15,什么是NFT？资本骗局还是真正的新概念服务,shén me shì NFT？ zī běn piàn jú hái shì zhēn zhèng de xīn gài niàn fú wù,shen me shi NFT？ zi ben pian ju hai shi zhen zheng de xin gai nian fu wu,02:05,BV13q4y167Qr,【梗百科】什么是NFT？资本骗局还是真正的新概念服务？,https://www.bilibili.com/video/BV13q4y167Qr
1788,梗指南,2021-11-14,口口文学,kǒu kǒu wén xué,kou kou wen xue,01:25,BV18R4y1t7b3,口口文学是什么梗【梗指南】,https://www.bilibili.com/video/BV18R4y1t7b3
1789,梗指南,2021-11-13,希望人没事,xī wàng rén méi shì,xi wang ren mei shi,01:09,BV1dQ4y1m7uN,希望人没事是什么梗【梗指南】,https://www.bilibili.com/video/BV1dQ4y1m7uN
1790,梗百科,2021-11-13,万宁棋,wàn níng qí,wan ning qi,02:23,BV1EL411g7DB,【梗百科】万宁棋是啥梗？万宁阵法！攻无不克！,https://www.bilibili.com/video/BV1EL411g7DB
1791,梗指南,2021-11-11,南极贱畜,nán jí jiàn chù,nan ji jian chu,01:38,BV1n44y1e7wr,南极贱畜是什么梗【梗指南】,https://www.bilibili.com/video/BV1n44y1e7wr
1792,梗指南,2021-11-10,她逃他追他们插翅难飞,tā táo tā zhuī tā men chā chì nán fēi,ta tao ta zhui ta men cha chi nan fei,01:24,BV1EP4y1j7zG,她逃他追他们插翅难飞是什么梗【梗指南】,https://www.bilibili.com/video/BV1EP4y1j7zG
1793,梗百科,2021-11-10,Khan定律,Khan dìng lǜ,Khan ding lv,01:47,BV1QR4y1E72a,【梗百科】Khan定律是啥梗？,https://www.bilibili.com/video/BV1QR4y1E72a
1794,梗指南,2021-11-09,阿瑟文学,ā sè wén xué,a se wen xue,01:55,BV1fh411t7WE,阿瑟文学是什么梗【梗指南】,https://www.bilibili.com/video/BV1fh411t7WE
1795,梗指南,2021-11-07,魔怔人,mó zhēng rén,mo zheng ren,01:04,BV1AP4y15718,魔怔人是什么梗【梗指南】,https://www.bilibili.com/video/BV1AP4y15718
1796,梗百科,2021-11-07,EDG夺冠我就xx,EDG duó guàn wǒ jiù xx,EDG duo guan wo jiu xx,01:17,BV1M44y1e7rY,【梗百科】EDG夺冠我就xx是啥梗？夺冠flag开始回收！,https://www.bilibili.com/video/BV1M44y1e7rY
1797,梗百科,2021-11-07,意法战争,yì fǎ zhàn zhēng,yi fa zhan zheng,01:39,BV1ZR4y147KM,【梗百科】意法战争是啥梗？,https://www.bilibili.com/video/BV1ZR4y147KM
1798,梗指南,2021-11-07,世界聚焦于你,shì jiè jù jiāo yú nǐ,shi jie ju jiao yu ni,01:23,BV18F411Y7DU,世界聚焦于你是什么梗【梗指南】,https://www.bilibili.com/video/BV18F411Y7DU
1799,梗指南,2021-11-05,如果EDG夺冠我就xx,rú guǒ EDG duó guàn wǒ jiù xx,ru guo EDG duo guan wo jiu xx,01:41,BV1r34y1o7Ak,如果EDG夺冠我就xx是什么梗【梗指南】,https://www.bilibili.com/video/BV1r34y1o7Ak
1800,梗指南,2021-11-04,"我看不懂,但我大受震撼","wǒ kàn bù dǒng , dàn wǒ dà shòu zhèn hàn","wo kan bu dong , dan wo da shou zhen han",01:43,BV13q4y1V7eE,"我看不懂,但我大受震撼是什么梗【梗指南】",https://www.bilibili.com/video/BV13q4y1V7eE
1801,梗指南,2021-11-03,炮形态波比,pào xíng tài bō bǐ,pao xing tai bo bi,01:12,BV1QP4y1L7u2,炮形态波比是什么梗【梗指南】,https://www.bilibili.com/video/BV1QP4y1L7u2
1802,梗百科,2021-11-03,EMO,EMO,EMO,01:49,BV1u44y1i7yP,【梗百科】EMO是啥梗？,https://www.bilibili.com/video/BV1u44y1i7yP
1803,梗指南,2021-11-01,行走的50万,xíng zǒu de 50 wàn,xing zou de 50 wan,01:17,BV1dq4y1g7b9,行走的50万是什么梗【梗指南】,https://www.bilibili.com/video/BV1dq4y1g7b9
1804,梗百科,2021-11-01,翔磨杵,xiáng mó chǔ,xiang mo chu,01:37,BV1ou411o77b,【梗百科】翔磨杵是啥梗？,https://www.bilibili.com/video/BV1ou411o77b
1805,梗指南,2021-11-01,7777777,7777777,7777777,01:18,BV1VT4y1d7Gz,7777777是什么梗【梗指南】,https://www.bilibili.com/video/BV1VT4y1d7Gz
1806,梗百科,2021-10-31,学霸题,xué bà tí,xue ba ti,01:32,BV1qv411T76R,【梗百科】学霸题是啥梗？,https://www.bilibili.com/video/BV1qv411T76R
1807,梗指南,2021-10-31,优势在我,yōu shì zài wǒ,you shi zai wo,01:21,BV1Nf4y1u72z,优势在我是什么梗【梗指南】,https://www.bilibili.com/video/BV1Nf4y1u72z
1808,梗指南,2021-10-30,Vtuber一问一答,Vtuber yī wèn yī dá,Vtuber yi wen yi da,01:49,BV1iF411a7rQ,Vtuber一问一答是什么梗【梗指南】,https://www.bilibili.com/video/BV1iF411a7rQ
1809,梗百科,2021-10-30,流泪猫猫头,liú lèi māo māo tóu,liu lei mao mao tou,00:50,BV1sU4y1c7BZ,【梗百科】流泪猫猫头是啥梗？,https://www.bilibili.com/video/BV1sU4y1c7BZ
1810,梗指南,2021-10-29,学霸题,xué bà tí,xue ba ti,01:47,BV1Nb4y1a7Qf,学霸题是什么梗【梗指南】,https://www.bilibili.com/video/BV1Nb4y1a7Qf
1811,梗指南,2021-10-29,豆瓣评分,dòu bàn píng fēn,dou ban ping fen,01:37,BV1EQ4y1q757,豆瓣评分是什么梗【梗指南】,https://www.bilibili.com/video/BV1EQ4y1q757
1812,梗百科,2021-10-28,Vtuber一问一答自我介绍,Vtuber yī wèn yī dá zì wǒ jiè shào,Vtuber yi wen yi da zi wo jie shao,01:46,BV1LU4y1c7FP,【梗百科】Vtuber一问一答自我介绍是啥梗？,https://www.bilibili.com/video/BV1LU4y1c7FP
1813,梗指南,2021-10-27,中国人不骗中国人,zhōng guó rén bù piàn zhōng guó rén,zhong guo ren bu pian zhong guo ren,01:31,BV1X3411r7PN,中国人不骗中国人是什么梗【梗指南】,https://www.bilibili.com/video/BV1X3411r7PN
1814,梗指南,2021-10-26,波澜哥,bō lán gē,bo lan ge,02:36,BV1oQ4y1U74v,波澜哥是什么梗【梗指南】,https://www.bilibili.com/video/BV1oQ4y1U74v
1815,梗百科,2021-10-26,恶霸马奎尔,è bà mǎ kuí ěr,e ba ma kui er,03:43,BV1Nb4y1a7uG,【梗百科】恶霸马奎尔是啥梗？,https://www.bilibili.com/video/BV1Nb4y1a7uG
1816,梗指南,2021-10-25,TheShy来了全杀了,TheShy lái le quán shā le,TheShy lai le quan sha le,01:09,BV1LQ4y1S7KC,TheShy来了全杀了是什么梗【梗指南】,https://www.bilibili.com/video/BV1LQ4y1S7KC
1817,梗百科,2021-10-24,菠萝披萨,bō luó pī sà,bo luo pi sa,02:14,BV1zv411u7Bt,【梗百科】菠萝披萨是啥梗？,https://www.bilibili.com/video/BV1zv411u7Bt
1818,梗指南,2021-10-22,朝阳群众,zhāo yáng qún zhòng,zhao yang qun zhong,01:27,BV1Yq4y197zF,朝阳群众是什么梗【梗指南】,https://www.bilibili.com/video/BV1Yq4y197zF
1819,梗百科,2021-10-22,哥谭噩梦,gē tán è mèng,ge tan e meng,01:09,BV1TR4y1J7KJ,【梗百科】哥谭噩梦是啥梗？,https://www.bilibili.com/video/BV1TR4y1J7KJ
1820,梗指南,2021-10-21,演的吧,yǎn de ba,yan de ba,01:28,BV1Ku411f7sd,演的吧是什么梗【梗指南】,https://www.bilibili.com/video/BV1Ku411f7sd
1821,梗指南,2021-10-20,青春疼痛文学,qīng chūn téng tòng wén xué,qing chun teng tong wen xue,01:57,BV1v44y1v7Xa,青春疼痛文学是什么梗【梗指南】,https://www.bilibili.com/video/BV1v44y1v7Xa
1822,梗百科,2021-10-20,不ban猛犸,bù ban měng mà,bu ban meng ma,01:14,BV1Dv411M7BJ,【梗百科】不ban猛犸是啥梗？,https://www.bilibili.com/video/BV1Dv411M7BJ
1823,梗百科,2021-10-19,金坷垃,jīn kē lā,jin ke la,02:22,BV1mr4y1y7CV,【梗百科】金坷垃是啥梗？,https://www.bilibili.com/video/BV1mr4y1y7CV
1824,梗指南,2021-10-18,为什么不ban猛犸,wèi shén me bù ban měng mà,wei shen me bu ban meng ma,01:41,BV1qf4y1g7yA,为什么不ban猛犸是什么梗【梗指南】,https://www.bilibili.com/video/BV1qf4y1g7yA
1825,梗指南,2021-10-17,大数据请记住我,dà shù jù qǐng jì zhù wǒ,da shu ju qing ji zhu wo,01:01,BV1yu411d7P6,大数据请记住我是什么梗【梗指南】,https://www.bilibili.com/video/BV1yu411d7P6
1826,梗指南,2021-10-16,我的护球像亨利,wǒ de hù qiú xiàng hēng lì,wo de hu qiu xiang heng li,01:59,BV1C34y1m7fK,我的护球像亨利是什么梗【梗指南】,https://www.bilibili.com/video/BV1C34y1m7fK
1827,梗百科,2021-10-15,唐可可是谁？日本动漫里可算有了对味的中国人,táng kě kě shì shuí ？ rì běn dòng màn lǐ kě suàn yǒu le duì wèi de zhōng guó rén,tang ke ke shi shui ？ ri ben dong man li ke suan you le dui wei de zhong guo ren,05:31,BV1yf4y1c7ta,【梗百科】唐可可是谁？日本动漫里可算有了对味的中国人？！,https://www.bilibili.com/video/BV1yf4y1c7ta
1828,梗指南,2021-10-14,英雄联盟设计师,yīng xióng lián méng shè jì shī,ying xiong lian meng she ji shi,02:37,BV1q44y1x7HC,英雄联盟设计师是什么梗【梗指南】,https://www.bilibili.com/video/BV1q44y1x7HC
1829,梗指南,2021-10-13,当代语言艺术家,dāng dài yǔ yán yì shù jiā,dang dai yu yan yi shu jia,01:12,BV1wQ4y1z75p,当代语言艺术家是什么梗【梗指南】,https://www.bilibili.com/video/BV1wQ4y1z75p
1830,梗指南,2021-10-12,哥谭再次陷入尴尬,gē tán zài cì xiàn rù gān gà,ge tan zai ci xian ru gan ga,01:26,BV1gR4y1J7S9,哥谭再次陷入尴尬是什么梗【梗指南】,https://www.bilibili.com/video/BV1gR4y1J7S9
1831,梗指南,2021-10-11,助力每一个梦想,zhù lì měi yí gè mèng xiǎng,zhu li mei yi ge meng xiang,01:39,BV1m3411C7mn,助力每一个梦想是什么梗【梗指南】,https://www.bilibili.com/video/BV1m3411C7mn
1832,梗指南,2021-10-10,水洗蛋蛋,shuǐ xǐ dàn dàn,shui xi dan dan,01:09,BV1rF411Y7uW,水洗蛋蛋是什么梗【梗指南】,https://www.bilibili.com/video/BV1rF411Y7uW
1833,梗指南,2021-10-09,x老师退出文坛,x lǎo shī tuì chū wén tán,x lao shi tui chu wen tan,01:30,BV1BL411s7nj,x老师退出文坛是什么梗【梗指南】,https://www.bilibili.com/video/BV1BL411s7nj
1834,梗指南,2021-10-08,"糟了,我成替身了","zāo le , wǒ chéng tì shēn le","zao le , wo cheng ti shen le",01:36,BV1ah411H7dh,"糟了,我成替身了是什么梗【梗指南】",https://www.bilibili.com/video/BV1ah411H7dh
1835,梗指南,2021-10-07,双枪会给出答案,shuāng qiāng huì gěi chū dá àn,shuang qiang hui gei chu da an,01:12,BV1ET4y1f7v3,双枪会给出答案是什么梗【梗指南】,https://www.bilibili.com/video/BV1ET4y1f7v3
1836,梗指南,2021-10-06,双标美羊羊,shuāng biāo měi yáng yáng,shuang biao mei yang yang,02:06,BV17h411J7Rv,双标美羊羊是什么梗【梗指南】,https://www.bilibili.com/video/BV17h411J7Rv
1837,梗指南,2021-10-05,xx诱捕器,xx yòu bǔ qì,xx you bu qi,01:53,BV1Sq4y1R7oT,xx诱捕器是什么梗【梗指南】,https://www.bilibili.com/video/BV1Sq4y1R7oT
1838,梗指南,2021-10-04,老子打的就是精锐,lǎo zi dǎ dī jiù shì jīng ruì,lao zi da di jiu shi jing rui,01:38,BV1zv411g77G,老子打的就是精锐是什么梗【梗指南】,https://www.bilibili.com/video/BV1zv411g77G
1839,梗百科,2021-10-04,凯申物流,kǎi shēn wù liú,kai shen wu liu,01:30,BV1sq4y1V7YM,【梗百科】凯申物流是啥梗？,https://www.bilibili.com/video/BV1sq4y1V7YM
1840,梗指南,2021-10-02,健达奇趣蛋,jiàn dá qí qù dàn,jian da qi qu dan,01:43,BV1rf4y1j7gp,健达奇趣蛋是什么梗【梗指南】,https://www.bilibili.com/video/BV1rf4y1j7gp
1841,梗百科,2021-10-01,东风快递，使命必达,dōng fēng kuài dì ， shǐ mìng bì dá,dong feng kuai di ， shi ming bi da,01:01,BV1D64y1877d,【梗百科】东风快递，使命必达是啥梗？,https://www.bilibili.com/video/BV1D64y1877d
1842,梗指南,2021-09-30,阿姨停电了,ā yí tíng diàn le,a yi ting dian le,01:42,BV1964y187Y9,阿姨停电了是什么梗【梗指南】,https://www.bilibili.com/video/BV1964y187Y9
1843,梗指南,2021-09-29,已婚,yǐ hūn,yi hun,01:19,BV11u411f7RL,已婚是什么梗【梗指南】,https://www.bilibili.com/video/BV11u411f7RL
1844,梗百科,2021-09-29,三角符文梗？马里奥电影配音阵容？外国小孩竟拿盗窃当潮流,sān jiǎo fú wén gěng ？ mǎ lǐ ào diàn yǐng pèi yīn zhèn róng ？ wài guó xiǎo hái jìng ná dào qiè dāng cháo liú,san jiao fu wen geng ？ ma li ao dian ying pei yin zhen rong ？ wai guo xiao hai jing na dao qie dang chao liu,10:18,BV1th411H7ED,【梗百科217】三角符文梗？马里奥电影配音阵容？外国小孩竟拿盗窃当潮流？,https://www.bilibili.com/video/BV1th411H7ED
1845,梗百科,2021-09-29,拜登拉稀,bài dēng lā xī,bai deng la xi,01:15,BV1CR4y1p7EN,【梗百科】拜登拉稀是咋回事？,https://www.bilibili.com/video/BV1CR4y1p7EN
1846,梗指南,2021-09-27,晒足180天,shài zú 180 tiān,shai zu 180 tian,01:12,BV1764y187Mq,晒足180天是什么梗【梗指南】,https://www.bilibili.com/video/BV1764y187Mq
1847,梗百科,2021-09-26,YEE是什么,YEE shì shén me,YEE shi shen me,02:15,BV1AQ4y167D7,【梗百科】YEE是什么？,https://www.bilibili.com/video/BV1AQ4y167D7
1848,梗指南,2021-09-26,佛媛,fú yuàn,fu yuan,01:05,BV1wM4y137Mo,佛媛是什么梗【梗指南】,https://www.bilibili.com/video/BV1wM4y137Mo
1849,梗指南,2021-09-24,922768,922768,922768,02:07,BV1s44y147JD,922768是什么梗【梗指南】,https://www.bilibili.com/video/BV1s44y147JD
1850,梗指南,2021-09-24,穷哈,qióng hā,qiong ha,01:50,BV1uq4y1o7Vp,穷哈是什么梗【梗指南】,https://www.bilibili.com/video/BV1uq4y1o7Vp
1851,梗百科,2021-09-23,RNM退钱,RNM tuì qián,RNM tui qian,00:43,BV1Ch411n7VE,【梗百科】RNM退钱是啥梗？,https://www.bilibili.com/video/BV1Ch411n7VE
1852,梗指南,2021-09-23,干净又卫生,gān jìng yòu wèi shēng,gan jing you wei sheng,02:17,BV1564y187oS,干净又卫生是什么梗【梗指南】,https://www.bilibili.com/video/BV1564y187oS
1853,梗指南,2021-09-22,Ngana Rindu零元购,Ngana Rindu líng yuán gòu,Ngana Rindu ling yuan gou,02:42,BV1VL41147Qf,Ngana Rindu零元购是什么梗【梗指南】,https://www.bilibili.com/video/BV1VL41147Qf
1854,梗百科,2021-09-21,超市0元购？Ngana Rindu是什么,chāo shì 0 yuán gòu ？Ngana Rindu shì shén me,chao shi 0 yuan gou ？Ngana Rindu shi shen me,02:02,BV1hu411f7Kt,【梗百科】超市0元购？Ngana Rindu是什么？,https://www.bilibili.com/video/BV1hu411f7Kt
1855,梗指南,2021-09-21,社交牛杂症,shè jiāo niú zá zhèng,she jiao niu za zheng,01:22,BV1Fv411A7LA,社交牛杂症是什么梗【梗指南】,https://www.bilibili.com/video/BV1Fv411A7LA
1856,梗指南,2021-09-20,身高185,shēn gāo 185,shen gao 185,01:17,BV1jP4y1h7ha,身高185是什么梗【梗指南】,https://www.bilibili.com/video/BV1jP4y1h7ha
1857,梗指南,2021-09-19,青莲地心火,qīng lián dì xīn huǒ,qing lian di xin huo,01:47,BV1sf4y1P7hz,青莲地心火是什么梗【梗指南】,https://www.bilibili.com/video/BV1sf4y1P7hz
1858,梗百科,2021-09-19,互联网北方女仆,hù lián wǎng běi fāng nǚ pú,hu lian wang bei fang nv pu,02:09,BV1K34y1X7qg,【梗百科】互联网北方女仆是啥？,https://www.bilibili.com/video/BV1K34y1X7qg
1859,梗指南,2021-09-17,十三香,shí sān xiāng,shi san xiang,01:01,BV1mQ4y1r7V5,十三香是什么梗【梗指南】,https://www.bilibili.com/video/BV1mQ4y1r7V5
1860,梗百科,2021-09-17,违背祖宗的决定,wéi bèi zǔ zōng de jué dìng,wei bei zu zong de jue ding,01:37,BV1nf4y1w7hy,【梗百科】违背祖宗的决定是啥梗？,https://www.bilibili.com/video/BV1nf4y1w7hy
1861,梗指南,2021-09-16,傻宝,shǎ bǎo,sha bao,01:05,BV15341127EQ,傻宝是什么梗【梗指南】,https://www.bilibili.com/video/BV15341127EQ
1862,梗百科,2021-09-15,青莲地心火,qīng lián dì xīn huǒ,qing lian di xin huo,01:06,BV1QL411x7pZ,【梗百科】青莲地心火是啥梗？,https://www.bilibili.com/video/BV1QL411x7pZ
1863,梗指南,2021-09-15,黑人小哥跳舞,hēi rén xiǎo gē tiào wǔ,hei ren xiao ge tiao wu,02:41,BV1oQ4y1r748,黑人小哥跳舞是什么梗【梗指南】,https://www.bilibili.com/video/BV1oQ4y1r748
1864,梗百科,2021-09-14,甲壳虫汁是谁,jiǎ qiào chóng zhī shì shuí,jia qiao chong zhi shi shui,02:10,BV1NQ4y1r7BW,【梗百科】甲壳虫汁是谁？,https://www.bilibili.com/video/BV1NQ4y1r7BW
1865,梗指南,2021-09-14,xx要开始加速了,xx yào kāi shǐ jiā sù le,xx yao kai shi jia su le,01:35,BV1Ch411H7cx,xx要开始加速了是什么梗【梗指南】,https://www.bilibili.com/video/BV1Ch411H7cx
1866,梗指南,2021-09-13,x分钟,x fēn zhōng,x fen zhong,01:08,BV1GQ4y1y7YS,x分钟是什么梗【梗指南】,https://www.bilibili.com/video/BV1GQ4y1y7YS
1867,梗百科,2021-09-12,专抓粉丝,zhuān zhuā fěn sī,zhuan zhua fen si,01:17,BV1mQ4y167qn,【梗百科】专抓粉丝是啥梗？,https://www.bilibili.com/video/BV1mQ4y167qn
1868,梗指南,2021-09-11,偷吃贡品、啊对对对,tōu chī gòng pǐn 、 a duì duì duì,tou chi gong pin 、 a dui dui dui,01:30,BV1KP4y1Y7WV,偷吃贡品、啊对对对是什么梗【梗指南】,https://www.bilibili.com/video/BV1KP4y1Y7WV
1869,梗指南,2021-09-10,半括号,bàn kuò hào,ban kuo hao,01:07,BV1Lf4y1n724,半括号是什么梗【梗指南】,https://www.bilibili.com/video/BV1Lf4y1n724
1870,梗指南,2021-09-09,早知道还是原道,zǎo zhī dào hái shì yuán dào,zao zhi dao hai shi yuan dao,01:22,BV1864y1h79V,早知道还是原道是什么梗【梗指南】,https://www.bilibili.com/video/BV1864y1h79V
1871,梗百科,2021-09-09,西厂正规军,xī chǎng zhèng guī jūn,xi chang zheng gui jun,01:22,BV1xq4y1N7Ak,【梗百科】西厂正规军是啥梗？你下载国家反诈中心app了吗？,https://www.bilibili.com/video/BV1xq4y1N7Ak
1872,梗指南,2021-09-08,老六,lǎo liù,lao liu,01:14,BV1aM4y1G7Ym,老六是什么梗【梗指南】,https://www.bilibili.com/video/BV1aM4y1G7Ym
1873,梗百科,2021-09-08,既见未来，为何不buy,jì jiàn wèi lái ， wèi hé bù buy,ji jian wei lai ， wei he bu buy,01:02,BV1yQ4y1C7YH,【梗百科】既见未来，为何不buy是啥梗？,https://www.bilibili.com/video/BV1yQ4y1C7YH
1874,梗指南,2021-09-07,人不行，别怪路不平,rén bù xíng ， bié guài lù bù píng,ren bu xing ， bie guai lu bu ping,01:18,BV1yf4y1A7Cj,人不行，别怪路不平是什么梗【梗指南】,https://www.bilibili.com/video/BV1yf4y1A7Cj
1875,梗指南,2021-09-06,810975,810975,810975,02:09,BV1Wf4y1A7MT,810975是什么梗【梗指南】,https://www.bilibili.com/video/BV1Wf4y1A7MT
1876,梗百科,2021-09-06,人生重开模拟器,rén shēng zhòng kāi mó nǐ qì,ren sheng zhong kai mo ni qi,01:09,BV1Hg411V75i,【梗百科】人生重开模拟器是啥？,https://www.bilibili.com/video/BV1Hg411V75i
1877,梗指南,2021-09-05,别再给我发XX了,bié zài gěi wǒ fā XX le,bie zai gei wo fa XX le,01:52,BV1oy4y1G7k4,别再给我发XX了是什么梗【梗指南】,https://www.bilibili.com/video/BV1oy4y1G7k4
1878,梗百科,2021-09-04,社交牛逼症,shè jiāo niú bī zhèng,she jiao niu bi zheng,00:57,BV1Dg411V7p3,【梗百科】社交牛逼症是啥梗？,https://www.bilibili.com/video/BV1Dg411V7p3
1879,梗指南,2021-09-03,几个通辽,jǐ gè tōng liáo,ji ge tong liao,01:17,BV1pf4y1J7Dv,几个通辽是什么梗【梗指南】,https://www.bilibili.com/video/BV1pf4y1J7Dv
1880,梗指南,2021-09-02,学姐好,xué jiě hǎo,xue jie hao,01:29,BV1UL411472N,学姐好是什么梗【梗指南】,https://www.bilibili.com/video/BV1UL411472N
1881,梗百科,2021-09-02,黑龙江军阀张美玉,hēi lóng jiāng jūn fá zhāng měi yù,hei long jiang jun fa zhang mei yu,02:03,BV15Q4y1a7oG,【梗百科】黑龙江军阀张美玉是啥梗？学姐来查寝咯！,https://www.bilibili.com/video/BV15Q4y1a7oG
1882,梗指南,2021-09-01,shot on iphone,shot on iphone,shot on iphone,01:07,BV1iq4y1U73C,shot on iphone是什么梗【梗指南】,https://www.bilibili.com/video/BV1iq4y1U73C
1883,梗百科,2021-09-01,你的牛牛是谁？开学第一天会遇到什么样的新室友,nǐ de niú niú shì shuí ？ kāi xué dì yī tiān huì yù dào shén me yàng de xīn shì yǒu,ni de niu niu shi shui ？ kai xue di yi tian hui yu dao shen me yang de xin shi you,01:35,BV1Sg411G7Cy,【梗百科】你的牛牛是谁？开学第一天会遇到什么样的新室友？,https://www.bilibili.com/video/BV1Sg411G7Cy
1884,梗指南,2021-08-31,近期私信解答第二期,jìn qī sī xìn jiě dá dì èr qī,jin qi si xin jie da di er qi,02:20,BV1cU4y177wy,近期私信解答第二期【梗指南】,https://www.bilibili.com/video/BV1cU4y177wy
1885,梗百科,2021-08-31,亮剑里都有,liàng jiàn lǐ dōu yǒu,liang jian li dou you,10:12,BV1TA411w7XZ,【梗百科216】亮剑里都有什么梗？这才叫好抗战剧！把意大利炮给我拉过来！！,https://www.bilibili.com/video/BV1TA411w7XZ
1886,梗百科,2021-08-31,吃个桃桃,chī gè táo táo,chi ge tao tao,01:32,BV1Wy4y1G7w1,【梗百科】吃个桃桃是啥梗？,https://www.bilibili.com/video/BV1Wy4y1G7w1
1887,梗指南,2021-08-30,空耳梗合集第三期,kōng ěr gěng hé jí dì sān qī,kong er geng he ji di san qi,03:05,BV1ZU4y1j7zx,空耳梗合集第三期【梗指南】,https://www.bilibili.com/video/BV1ZU4y1j7zx
1888,梗指南,2021-08-28,337845818,337845818,337845818,01:41,BV1e3411i74u,337845818是什么梗【梗指南】,https://www.bilibili.com/video/BV1e3411i74u
1889,梗百科,2021-08-28,容嬷嬷扎的对,róng mā mā zhā de duì,rong ma ma zha de dui,01:17,BV1Fq4y1T7hY,【梗百科】容嬷嬷扎的对是啥梗？,https://www.bilibili.com/video/BV1Fq4y1T7hY
1890,梗百科,2021-08-27,带善人真理圣主,dài shàn rén zhēn lǐ shèng zhǔ,dai shan ren zhen li sheng zhu,01:27,BV13U4y177H7,【梗百科】带善人真理圣主是啥梗？,https://www.bilibili.com/video/BV13U4y177H7
1891,梗指南,2021-08-25,空耳梗合集第二期,kōng ěr gěng hé jí dì èr qī,kong er geng he ji di er qi,04:30,BV1Ay4y1G7c3,空耳梗合集第二期【梗指南】,https://www.bilibili.com/video/BV1Ay4y1G7c3
1892,梗百科,2021-08-25,jack-O蹲姿,jack-O dūn zī,jack-O dun zi,01:22,BV1kQ4y1Y7AY,【梗百科】jack-O蹲姿是什么梗？外网正在流行中的俯身劈叉？！！,https://www.bilibili.com/video/BV1kQ4y1Y7AY
1893,梗指南,2021-08-24,吃个桃桃,chī gè táo táo,chi ge tao tao,01:54,BV1K64y1v7AN,吃个桃桃是什么梗【梗指南】,https://www.bilibili.com/video/BV1K64y1v7AN
1894,梗百科,2021-08-24,郑女士,zhèng nǚ shì,zheng nv shi,01:05,BV1z44y1k79Q,【梗百科】郑女士是啥梗？1818黄金眼他又来咯！！！,https://www.bilibili.com/video/BV1z44y1k79Q
1895,梗指南,2021-08-23,原作:石森章太郎,yuán zuò : shí sēn zhāng tài láng,yuan zuo : shi sen zhang tai lang,01:48,BV1zg41157bn,原作:石森章太郎是什么梗【梗指南】,https://www.bilibili.com/video/BV1zg41157bn
1896,梗百科,2021-08-23,Directed by Robert b weide,Directed by Robert b weide,Directed by Robert b weide,03:48,BV1oy4y137z9,【梗百科】Directed by Robert b weide 是啥梗？,https://www.bilibili.com/video/BV1oy4y137z9
1897,梗指南,2021-08-22,我免费了,wǒ miǎn fèi le,wo mian fei le,01:05,BV1sQ4y1Y7bK,我免费了是什么梗【梗指南】,https://www.bilibili.com/video/BV1sQ4y1Y7bK
1898,梗指南,2021-08-21,空耳梗合集第一期,kōng ěr gěng hé jí dì yī qī,kong er geng he ji di yi qi,03:55,BV1Aq4y1D7Fj,空耳梗合集第一期【梗指南】,https://www.bilibili.com/video/BV1Aq4y1D7Fj
1899,梗百科,2021-08-21,大人，时代变了,dà rén ， shí dài biàn le,da ren ， shi dai bian le,01:27,BV1VQ4y1m7gi,【梗百科】大人，时代变了是啥梗？,https://www.bilibili.com/video/BV1VQ4y1m7gi
1900,梗指南,2021-08-20,管理学,guǎn lǐ xué,guan li xue,01:24,BV1VM4y1L73L,管理学是什么梗【梗指南】,https://www.bilibili.com/video/BV1VM4y1L73L
1901,梗百科,2021-08-20,个人感觉没原神好··画质,gè rén gǎn jué méi yuán shén hǎo ·· huà zhì,ge ren gan jue mei yuan shen hao ·· hua zhi,01:04,BV1vh411i7xe,【梗百科】个人感觉没原神好··画质 是啥梗？信了你就上钩了！,https://www.bilibili.com/video/BV1vh411i7xe
1902,梗指南,2021-08-19,Get Down舞,Get Down wǔ,Get Down wu,01:25,BV1T341167AS,Get Down舞是什么梗【梗指南】,https://www.bilibili.com/video/BV1T341167AS
1903,梗指南,2021-08-18,康熙怒斥群臣,kāng xī nù chì qún chén,kang xi nu chi qun chen,03:13,BV1oq4y1S7dQ,康熙怒斥群臣是什么梗【梗指南】,https://www.bilibili.com/video/BV1oq4y1S7dQ
1904,梗百科,2021-08-18,暮光闪闪×摩迪凯组cp,mù guāng shǎn shǎn × mó dí kǎi zǔ cp,mu guang shan shan × mo di kai zu cp,02:27,BV1Kv411N7Pt,【梗百科】暮光闪闪×摩迪凯组cp是啥梗？真就乱搭？,https://www.bilibili.com/video/BV1Kv411N7Pt
1905,梗指南,2021-08-17,yee,yee,yee,01:37,BV13L4y1v7kZ,yee是什么梗【梗指南】,https://www.bilibili.com/video/BV13L4y1v7kZ
1906,梗百科,2021-08-17,康熙怒斥群臣,kāng xī nù chì qún chén,kang xi nu chi qun chen,02:33,BV1Qv411P7MC,【梗百科】康熙怒斥群臣是啥梗？,https://www.bilibili.com/video/BV1Qv411P7MC
1907,梗指南,2021-08-16,你那是馋她的身子,nǐ nà shì chán tā de shēn zi,ni na shi chan ta de shen zi,01:23,BV19L411E7xU,你那是馋她的身子是什么梗【梗指南】,https://www.bilibili.com/video/BV19L411E7xU
1908,梗指南,2021-08-15,社交牛逼症,shè jiāo niú bī zhèng,she jiao niu bi zheng,01:16,BV1Qo4y1m7gX,社交牛逼症是什么梗【梗指南】,https://www.bilibili.com/video/BV1Qo4y1m7gX
1909,梗百科,2021-08-15,蓝蓝路,lán lán lù,lan lan lu,02:00,BV17L411J7ok,【梗百科】蓝蓝路是什么梗？“鬼畜”一词原来是因他而起？,https://www.bilibili.com/video/BV17L411J7ok
1910,梗指南,2021-08-14,苏州科技大学,sū zhōu kē jì dà xué,su zhou ke ji da xue,01:46,BV18Q4y127j3,苏州科技大学是什么梗【梗指南】,https://www.bilibili.com/video/BV18Q4y127j3
1911,梗指南,2021-08-13,这就是青春,zhè jiù shì qīng chūn,zhe jiu shi qing chun,01:50,BV1yh411B79F,这就是青春是什么梗【梗指南】,https://www.bilibili.com/video/BV1yh411B79F
1912,梗指南,2021-08-12,网红体,wǎng hóng tǐ,wang hong ti,01:12,BV1b64y1q7WP,网红体是什么梗【梗指南】,https://www.bilibili.com/video/BV1b64y1q7WP
1913,梗百科,2021-08-12,乒乒乓乓，天下无双,pīng pīng pāng pāng ， tiān xià wú shuāng,ping ping pang pang ， tian xia wu shuang,02:12,BV1eP4y1W7Nc,乒乒乓乓，天下无双是啥梗？国家队唱起歌来原来是这样的！,https://www.bilibili.com/video/BV1eP4y1W7Nc
1914,梗指南,2021-08-11,这位更是重量级,zhè wèi gèng shì zhòng liàng jí,zhe wei geng shi zhong liang ji,01:15,BV1x44y1y7GM,这位更是重量级是什么梗【梗指南】,https://www.bilibili.com/video/BV1x44y1y7GM
1915,梗百科,2021-08-11,多看空我,duō kàn kōng wǒ,duo kan kong wo,01:18,BV1yP4y1W7as,【梗百科】多看空我是啥梗？,https://www.bilibili.com/video/BV1yP4y1W7as
1916,梗指南,2021-08-10,这是一场试炼,zhè shì yī cháng shì liàn,zhe shi yi chang shi lian,01:30,BV1Fo4y1D7J2,这是一场试炼是什么梗【梗指南】,https://www.bilibili.com/video/BV1Fo4y1D7J2
1917,梗百科,2021-08-10,粉红兔子揪粉红兔子,fěn hóng tù zi jiū fěn hóng tù zi,fen hong tu zi jiu fen hong tu zi,01:08,BV1J64y1s7Ca,【梗百科】粉红兔子揪粉红兔子是啥梗？原来是出自这里啊！！？,https://www.bilibili.com/video/BV1J64y1s7Ca
1918,梗指南,2021-08-09,你搁这搁这呢,nǐ gē zhè gē zhè ne,ni ge zhe ge zhe ne,01:06,BV1Zh411q75H,你搁这搁这呢是什么梗【梗指南】,https://www.bilibili.com/video/BV1Zh411q75H
1919,梗百科,2021-08-09,steam掌机？海绵宝宝加入大乱斗？最近舞蹈区竟惨遭外星人入侵,steam zhǎng jī ？ hǎi mián bǎo bǎo jiā rù dà luàn dòu ？ zuì jìn wǔ dǎo qū jìng cǎn zāo wài xīng rén rù qīn,steam zhang ji ？ hai mian bao bao jia ru da luan dou ？ zui jin wu dao qu jing can zao wai xing ren ru qin,11:51,BV12h411q7U9,【梗百科215】steam掌机？海绵宝宝加入大乱斗？最近舞蹈区竟惨遭外星人入侵？,https://www.bilibili.com/video/BV12h411q7U9
1920,梗指南,2021-08-08,emo,emo,emo,01:22,BV1t3411r7Rp,emo是什么梗【梗指南】,https://www.bilibili.com/video/BV1t3411r7Rp
1921,梗百科,2021-08-07,人类高质量男性,rén lèi gāo zhì liàng nán xìng,ren lei gao zhi liang nan xing,02:55,BV1Lh411B78D,【梗百科】人类高质量男性是啥梗？人间油物又是谁？,https://www.bilibili.com/video/BV1Lh411B78D
1922,梗指南,2021-08-06,痛失韩国市场,tòng shī hán guó shì chǎng,tong shi han guo shi chang,01:11,BV16M4y157wk,痛失韩国市场是什么梗【梗指南】,https://www.bilibili.com/video/BV16M4y157wk
1923,梗百科,2021-08-06,Dame Tu Cosita,Dame Tu Cosita,Dame Tu Cosita,02:29,BV1hL411E7xe,【梗百科】Dame Tu Cosita是啥梗？黄皮外星人原来是出自这里！！！,https://www.bilibili.com/video/BV1hL411E7xe
1924,梗指南,2021-08-05,下赛季你防詹姆斯,xià sài jì nǐ fáng zhān mǔ sī,xia sai ji ni fang zhan mu si,01:14,BV1zM4y157C1,下赛季你防詹姆斯是什么梗【梗指南】,https://www.bilibili.com/video/BV1zM4y157C1
1925,梗指南,2021-08-04,可恶被他装到了,kě wù bèi tā zhuāng dào le,ke wu bei ta zhuang dao le,02:19,BV1X64y1W73j,可恶 被他装到了是什么梗【梗指南】,https://www.bilibili.com/video/BV1X64y1W73j
1926,梗指南,2021-08-03,人类高质量油物,rén lèi gāo zhì liàng yóu wù,ren lei gao zhi liang you wu,01:09,BV12A411A7v9,人类高质量油物是什么梗【梗指南】,https://www.bilibili.com/video/BV12A411A7v9
1927,梗百科,2021-08-03,大触,dà chù,da chu,01:03,BV13A411P7Wc,【梗百科】大触是啥梗？为什么可以代表技术高超的意思？,https://www.bilibili.com/video/BV13A411P7Wc
1928,梗百科,2021-08-02,重伤倒地,zhòng shāng dǎo dì,zhong shang dao di,01:16,BV1QA411A7LA,【梗百科】重伤倒地是啥梗？,https://www.bilibili.com/video/BV1QA411A7LA
1929,梗指南,2021-08-01,纯狱风,chún yù fēng,chun yu feng,01:15,BV1aM4y1N7rK,纯狱风是什么梗【梗指南】,https://www.bilibili.com/video/BV1aM4y1N7rK
1930,梗指南,2021-07-31,手撕鬼子,shǒu sī guǐ zi,shou si gui zi,01:15,BV1i64y1W7zw,手撕鬼子是什么梗【梗指南】,https://www.bilibili.com/video/BV1i64y1W7zw
1931,梗百科,2021-07-29,14.7分,14.7 fēn,14.7 fen,01:29,BV1Lh411z7EW,【梗百科】14.7分是怎么回事？,https://www.bilibili.com/video/BV1Lh411z7EW
1932,梗百科,2021-07-29,你们都没有手机吗,nǐ men dōu méi yǒu shǒu jī ma,ni men dou mei you shou ji ma,01:18,BV1yq4y1H7Kc,【梗百科】你们都没有手机吗是啥梗？,https://www.bilibili.com/video/BV1yq4y1H7Kc
1933,梗指南,2021-07-28,你完全不XX是吗,nǐ wán quán bù XX shì ma,ni wan quan bu XX shi ma,01:04,BV1h341167jg,你完全不XX是吗是什么梗【梗指南】,https://www.bilibili.com/video/BV1h341167jg
1934,梗百科,2021-07-27,野性消费,yě xìng xiāo fèi,ye xing xiao fei,02:28,BV1FM4y1N7Yt,【梗百科】野性消费是啥梗？为什么突然大家都在买鸿星尔克？,https://www.bilibili.com/video/BV1FM4y1N7Yt
1935,梗指南,2021-07-26,六公主,liù gōng zhǔ,liu gong zhu,01:29,BV1tv411E75i,六公主是什么梗【梗指南】,https://www.bilibili.com/video/BV1tv411E75i
1936,梗百科,2021-07-26,没有任何事能称之为巧合,méi yǒu rèn hé shì néng chēng zhī wèi qiǎo hé,mei you ren he shi neng cheng zhi wei qiao he,02:53,BV1Dq4y1X7n6,【梗百科】没有任何事能称之为巧合是啥梗？外网前段时间爆火的黑哥？！！！,https://www.bilibili.com/video/BV1Dq4y1X7n6
1937,梗指南,2021-07-25,坚持和努力,jiān chí hé nǔ lì,jian chi he nu li,01:17,BV13U4y1H7TR,坚持和努力是什么梗【梗指南】,https://www.bilibili.com/video/BV13U4y1H7TR
1938,梗指南,2021-07-23,接地府,jiē dì fǔ,jie di fu,01:31,BV1pv411E7vs,接地府是什么梗【梗指南】,https://www.bilibili.com/video/BV1pv411E7vs
1939,梗指南,2021-07-23,传下去,chuán xià qù,chuan xia qu,01:49,BV1iq4y1W78Z,传下去是什么梗【梗指南】,https://www.bilibili.com/video/BV1iq4y1W78Z
1940,梗指南,2021-07-22,以手册之力击碎主播,yǐ shǒu cè zhī lì jī suì zhǔ bō,yi shou ce zhi li ji sui zhu bo,01:44,BV1jU4y1n7tF,以手册之力击碎主播是什么梗【梗指南】,https://www.bilibili.com/video/BV1jU4y1n7tF
1941,梗百科,2021-07-22,我看不懂，但我大受震撼,wǒ kàn bù dǒng ， dàn wǒ dà shòu zhèn hàn,wo kan bu dong ， dan wo da shou zhen han,01:12,BV1Ty4y1j7gZ,【梗百科】我看不懂，但我大受震撼是啥梗？原来是出自这里啊？！,https://www.bilibili.com/video/BV1Ty4y1j7gZ
1942,梗指南,2021-07-21,拖更云的鹰佐教学,tuō gèng yún de yīng zuǒ jiào xué,tuo geng yun de ying zuo jiao xue,01:26,BV1TM4y1T7f9,拖更云的鹰佐教学是什么梗【梗指南】,https://www.bilibili.com/video/BV1TM4y1T7f9
1943,梗百科,2021-07-20,我的很大你忍一下？三句话让男人花18万并不简单？盘点最近网上的哪些梗,wǒ de hěn dà nǐ rěn yī xià ？ sān jù huà ràng nán rén huā 18 wàn bìng bù jiǎn dān ？ pán diǎn zuì jìn wǎng shàng de nǎ xiē gěng,wo de hen da ni ren yi xia ？ san ju hua rang nan ren hua 18 wan bing bu jian dan ？ pan dian zui jin wang shang de na xie geng,07:41,BV1sq4y1H7h5,【梗百科214】我的很大你忍一下？三句话让男人花18万并不简单？盘点最近网上的哪些梗？！！！！,https://www.bilibili.com/video/BV1sq4y1H7h5
1944,梗指南,2021-07-19,我的很大你忍一下,wǒ de hěn dà nǐ rěn yī xià,wo de hen da ni ren yi xia,01:10,BV1844y1m7Zd,我的很大你忍一下是什么梗【梗指南】,https://www.bilibili.com/video/BV1844y1m7Zd
1945,梗百科,2021-07-19,刘华强买瓜,liú huá qiáng mǎi guā,liu hua qiang mai gua,02:24,BV1J64y1t7f7,【梗百科】刘华强买瓜是啥梗？,https://www.bilibili.com/video/BV1J64y1t7f7
1946,梗指南,2021-07-19,捡手机文学,jiǎn shǒu jī wén xué,jian shou ji wen xue,01:01,BV1kb4y167N2,捡手机文学是什么梗【梗指南】,https://www.bilibili.com/video/BV1kb4y167N2
1947,梗指南,2021-07-18,这瓜保熟吗,zhè guā bǎo shú ma,zhe gua bao shu ma,02:12,BV1dB4y1N7vB,这瓜保熟吗是什么梗【梗指南】,https://www.bilibili.com/video/BV1dB4y1N7vB
1948,梗指南,2021-07-17,舰长行为,jiàn zhǎng xíng wéi,jian zhang xing wei,01:16,BV1tw411d7og,舰长行为是什么梗【梗指南】,https://www.bilibili.com/video/BV1tw411d7og
1949,梗百科,2021-07-17,厨,chú,chu,00:41,BV1yg411T7rm,【梗百科】“厨”是啥梗？为什么可以代表热爱的意思？,https://www.bilibili.com/video/BV1yg411T7rm
1950,梗指南,2021-07-16,志豪哥,zhì háo gē,zhi hao ge,01:10,BV1LK4y1u7jC,志豪哥是什么梗【梗指南】,https://www.bilibili.com/video/BV1LK4y1u7jC
1951,梗指南,2021-07-15,红伞伞白杆杆,hóng sǎn sǎn bái gān gān,hong san san bai gan gan,01:20,BV11w411d7V9,红伞伞白杆杆是什么梗【梗指南】,https://www.bilibili.com/video/BV11w411d7V9
1952,梗百科,2021-07-15,淄博冠军王喜顺,zī bó guàn jūn wáng xǐ shùn,zi bo guan jun wang xi shun,03:02,BV1Yw411d7Cd,【梗百科】淄博冠军王喜顺是啥梗？,https://www.bilibili.com/video/BV1Yw411d7Cd
1953,梗指南,2021-07-14,哦哦哦哦哦哦,ó ó ó ó ó ó,o o o o o o,01:39,BV11g411T7NZ,哦哦哦哦哦哦是什么梗【梗指南】,https://www.bilibili.com/video/BV11g411T7NZ
1954,梗百科,2021-07-14,马夫迪激情演说,mǎ fū dí jī qíng yǎn shuō,ma fu di ji qing yan shuo,01:48,BV1xL411H7AZ,【梗百科】马夫迪激情演说是啥梗？,https://www.bilibili.com/video/BV1xL411H7AZ
1955,梗百科,2021-07-14,B站崩了,B zhàn bēng le,B zhan beng le,01:05,BV1J44y127rc,【梗百科】B站崩了是咋回事？,https://www.bilibili.com/video/BV1J44y127rc
1956,梗百科,2021-07-13,志豪哥,zhì háo gē,zhi hao ge,00:48,BV1hL411H7me,【梗百科】志豪哥是啥梗？,https://www.bilibili.com/video/BV1hL411H7me
1957,梗指南,2021-07-13,人类高质量男性求偶,rén lèi gāo zhì liàng nán xìng qiú ǒu,ren lei gao zhi liang nan xing qiu ou,02:56,BV1mg411T7i4,人类高质量男性求偶是什么梗【梗指南】,https://www.bilibili.com/video/BV1mg411T7i4
1958,梗百科,2021-07-12,I'm gay,I'm gay,I'm gay,01:21,BV1x64y1X75y,【梗百科】I'm gay 是啥梗？,https://www.bilibili.com/video/BV1x64y1X75y
1959,梗指南,2021-07-12,你礼貌吗,nǐ lǐ mào ma,ni li mao ma,00:56,BV1L54y1n7uY,你礼貌吗是什么梗【梗指南】,https://www.bilibili.com/video/BV1L54y1n7uY
1960,梗指南,2021-07-11,首先是犯下傲慢之罪,shǒu xiān shì fàn xià ào màn zhī zuì,shou xian shi fan xia ao man zhi zui,01:07,BV1Mo4y1X75r,首先是犯下傲慢之罪是什么梗【梗指南】,https://www.bilibili.com/video/BV1Mo4y1X75r
1961,梗百科,2021-07-11,六道轮回是个棒槌,liù dào lún huí shì gè bàng chuí,liu dao lun hui shi ge bang chui,01:15,BV1p54y1n7Ax,【梗百科】六道轮回是个棒槌是啥梗？,https://www.bilibili.com/video/BV1p54y1n7Ax
1962,梗指南,2021-07-10,拿来吧你,ná lái ba nǐ,na lai ba ni,01:09,BV1CM4y1M77a,拿来吧你是什么梗【梗指南】,https://www.bilibili.com/video/BV1CM4y1M77a
1963,梗指南,2021-07-09,加把劲骑士,jiā bǎ jìn qí shì,jia ba jin qi shi,01:03,BV17L411W7t6,加把劲骑士是什么梗【梗指南】,https://www.bilibili.com/video/BV17L411W7t6
1964,梗百科,2021-07-09,Family,Family,Family,01:52,BV1Zh411h79v,【梗百科】Family是啥梗？ 此时此刻外网爆火中！,https://www.bilibili.com/video/BV1Zh411h79v
1965,梗指南,2021-07-08,KKSK,KKSK,KKSK,01:24,BV1i64y147gS,KKSK是什么梗【梗指南】,https://www.bilibili.com/video/BV1i64y147gS
1966,梗指南,2021-07-06,侏罗纪老头,zhū luó jì lǎo tóu,zhu luo ji lao tou,01:36,BV1R44y1q7zj,侏罗纪老头是什么梗【梗指南】,https://www.bilibili.com/video/BV1R44y1q7zj
1967,梗百科,2021-07-06,oooohhhhhhhhhhh,oooohhhhhhhhhhh,oooohhhhhhhhhhh,01:42,BV1eg411T7zT,【梗百科】oooohhhhhhhhhhh是啥梗？这个素材原来出处是这样的？,https://www.bilibili.com/video/BV1eg411T7zT
1968,梗指南,2021-07-05,心情激动表情包的出处是哪里,xīn qíng jī dòng biǎo qíng bāo de chū chǔ shì nǎ lǐ,xin qing ji dong biao qing bao de chu chu shi na li,01:24,BV1Yf4y1L7mw,心情激动表情包的出处是哪里【梗指南】,https://www.bilibili.com/video/BV1Yf4y1L7mw
1969,梗指南,2021-07-04,绝绝子、xx子,jué jué zi 、xx zi,jue jue zi 、xx zi,01:11,BV1tV411x7fk,绝绝子、xx子是什么梗【梗指南】,https://www.bilibili.com/video/BV1tV411x7fk
1970,梗指南,2021-07-03,葛平是谁,gé píng shì shuí,ge ping shi shui,01:53,BV1Yf4y1b7ax,葛平是谁【梗指南】,https://www.bilibili.com/video/BV1Yf4y1b7ax
1971,梗百科,2021-07-03,Doge,Doge,Doge,02:12,BV1Rb4y1C7Ta,【梗百科】Doge是啥梗？神烦狗是怎么来的？,https://www.bilibili.com/video/BV1Rb4y1C7Ta
1972,梗指南,2021-07-02,京图,jīng tú,jing tu,01:05,BV19v411H7cA,京图是什么梗【梗指南】,https://www.bilibili.com/video/BV19v411H7cA
1973,梗百科,2021-07-02,勇敢牛牛不怕困难,yǒng gǎn niú niú bù pà kùn nán,yong gan niu niu bu pa kun nan,01:11,BV1hh411h7KT,【梗百科】勇敢牛牛 不怕困难！是啥梗？,https://www.bilibili.com/video/BV1hh411h7KT
1974,梗指南,2021-07-01,索尼已经断气了,suǒ ní yǐ jīng duàn qì le,suo ni yi jing duan qi le,01:20,BV15w411Z77n,索尼已经断气了是什么梗【梗指南】,https://www.bilibili.com/video/BV15w411Z77n
1975,梗指南,2021-06-30,321开团,321 kāi tuán,321 kai tuan,01:12,BV18h411h7wt,321开团是什么梗【梗指南】,https://www.bilibili.com/video/BV18h411h7wt
1976,梗百科,2021-06-29,吔屎啦，梁非凡,yě shǐ la ， liáng fēi fán,ye shi la ， liang fei fan,01:11,BV1yq4y1s7Zd,【梗百科】吔屎啦，梁非凡！是啥梗？,https://www.bilibili.com/video/BV1yq4y1s7Zd
1977,梗百科,2021-06-28,阿根廷人,ā gēn tíng rén,a gen ting ren,01:07,BV1r64y1t7NN,【梗百科】阿根廷人是啥梗？,https://www.bilibili.com/video/BV1r64y1t7NN
1978,梗百科,2021-06-27,外网爆火的三星助手？星战四格梗？今年这E3上又有了,wài wǎng bào huǒ de sān xīng zhù shǒu ？ xīng zhàn sì gé gěng ？ jīn nián zhè E3 shàng yòu yǒu le,wai wang bao huo de san xing zhu shou ？ xing zhan si ge geng ？ jin nian zhe E3 shang you you le,08:55,BV1Uy4y1T7eb,【梗百科213】外网爆火的三星助手？星战四格梗？今年这E3上又有了什么梗？,https://www.bilibili.com/video/BV1Uy4y1T7eb
1979,梗指南,2021-06-27,躬匠精神,gōng jiàng jīng shén,gong jiang jing shen,01:03,BV1N44y1z7fk,躬匠精神是什么梗【梗指南】,https://www.bilibili.com/video/BV1N44y1z7fk
1980,梗指南,2021-06-26,爱尔兰酒局笑话,ài ěr lán jiǔ jú xiào huà,ai er lan jiu ju xiao hua,01:21,BV1Qv411n7LL,爱尔兰酒局笑话是什么梗【梗指南】,https://www.bilibili.com/video/BV1Qv411n7LL
1981,梗指南,2021-06-25,考试周破防,kǎo shì zhōu pò fáng,kao shi zhou po fang,01:25,BV1dy4y1T7Tv,考试周破防是什么梗【梗指南】,https://www.bilibili.com/video/BV1dy4y1T7Tv
1982,梗百科,2021-06-25,热爱105℃的你,rè ài 105℃ de nǐ,re ai 105℃ de ni,02:21,BV1V54y1H7CE,【梗百科】热爱105℃的你是啥梗？,https://www.bilibili.com/video/BV1V54y1H7CE
1983,梗指南,2021-06-24,敌羞吾去脱她衣,dí xiū wú qù tuō tā yī,di xiu wu qu tuo ta yi,01:01,BV1k64y1t7PK,敌羞吾去脱她衣是什么梗【梗指南】,https://www.bilibili.com/video/BV1k64y1t7PK
1984,梗百科,2021-06-23,8700万的青眼白龙,8700 wàn de qīng yǎn bái lóng,8700 wan de qing yan bai long,02:13,BV1Rg411M7C5,【梗百科】8700万的青眼白龙是啥？,https://www.bilibili.com/video/BV1Rg411M7C5
1985,梗指南,2021-06-23,S代表着什么,S dài biǎo zhe shén me,S dai biao zhe shen me,01:05,BV1y54y1H74N,S代表着什么是什么梗【梗指南】,https://www.bilibili.com/video/BV1y54y1H74N
1986,梗百科,2021-06-23,美有姬,měi yǒu jī,mei you ji,02:30,BV1bv411W7wU,【梗百科】美有姬是啥梗？,https://www.bilibili.com/video/BV1bv411W7wU
1987,梗指南,2021-06-22,纪昆荣耀,jì kūn róng yào,ji kun rong yao,01:15,BV17V411x7JY,纪昆荣耀是什么梗【梗指南】,https://www.bilibili.com/video/BV17V411x7JY
1988,梗指南,2021-06-21,两老外对骂丢凳子,liǎng lǎo wài duì mà diū dèng zi,liang lao wai dui ma diu deng zi,01:21,BV1cK4y1g7YM,两老外对骂丢凳子是什么梗【梗指南】,https://www.bilibili.com/video/BV1cK4y1g7YM
1989,梗指南,2021-06-20,官方认证汉奸,guān fāng rèn zhèng hàn jiān,guan fang ren zheng han jian,01:07,BV1Uf4y187sp,官方认证汉奸是什么梗【梗指南】,https://www.bilibili.com/video/BV1Uf4y187sp
1990,梗百科,2021-06-20,为了让世界更好对吧,wèi le ràng shì jiè gèng hǎo duì ba,wei le rang shi jie geng hao dui ba,01:21,BV1Rg411g794,【梗百科】为了让世界更好 对吧？ 是啥梗？你们这几天有没有看到过这图？,https://www.bilibili.com/video/BV1Rg411g794
1991,梗百科,2021-06-19,任天堂就是世界的主宰,rèn tiān táng jiù shì shì jiè de zhǔ zǎi,ren tian tang jiu shi shi jie de zhu zai,01:01,BV1fw411d7y2,【梗百科】任天堂就是世界的主宰是啥梗？,https://www.bilibili.com/video/BV1fw411d7y2
1992,梗指南,2021-06-18,热爱105℃的你,rè ài 105℃ de nǐ,re ai 105℃ de ni,01:23,BV1Qf4y187BS,热爱105℃的你是什么梗【梗指南】,https://www.bilibili.com/video/BV1Qf4y187BS
1993,梗指南,2021-06-17,YYDS,YYDS,YYDS,01:27,BV1KK4y1G775,YYDS是什么梗【梗指南】,https://www.bilibili.com/video/BV1KK4y1G775
1994,梗百科,2021-06-17,假面骑士的末日到了,jiǎ miàn qí shì de mò rì dào le,jia mian qi shi de mo ri dao le,01:19,BV1rg411g7dL,【梗百科】假面骑士的末日到了是啥梗？,https://www.bilibili.com/video/BV1rg411g7dL
1995,梗指南,2021-06-17,蜜雪冰城甜蜜蜜,mì xuě bīng chéng tián mì mì,mi xue bing cheng tian mi mi,01:50,BV1vw411f78K,蜜雪冰城甜蜜蜜是什么梗【梗指南】,https://www.bilibili.com/video/BV1vw411f78K
1996,梗百科,2021-06-16,聪油饼,cōng yóu bǐng,cong you bing,01:52,BV1kg411g7SR,【梗百科】聪油饼是啥梗？什么叫我命油我不油天？,https://www.bilibili.com/video/BV1kg411g7SR
1997,梗指南,2021-06-15,聪语,cōng yǔ,cong yu,01:15,BV17o4y1k7cj,聪语是什么梗【梗指南】,https://www.bilibili.com/video/BV17o4y1k7cj
1998,梗指南,2021-06-14,气突苏,qì tū sū,qi tu su,01:08,BV14q4y1L7Qe,气突苏是什么梗【梗指南】,https://www.bilibili.com/video/BV14q4y1L7Qe
1999,梗指南,2021-06-11,美有姬,měi yǒu jī,mei you ji,01:43,BV1264y1R79P,美有姬是什么梗【梗指南】,https://www.bilibili.com/video/BV1264y1R79P
2000,梗百科,2021-06-11,藏狐？背后灵？为什么这个人就和水猴子过不去了,cáng hú ？ bèi hòu líng ？ wèi shén me zhè ge rén jiù hé shuǐ hóu zi guò bù qù le,cang hu ？ bei hou ling ？ wei shen me zhe ge ren jiu he shui hou zi guo bu qu le,08:14,BV1m64y167Qc,【梗百科211】藏狐？背后灵？为什么这个人就和水猴子过不去了？！！！,https://www.bilibili.com/video/BV1m64y167Qc
2001,梗指南,2021-06-11,大清亡了,dà qīng wáng le,da qing wang le,01:22,BV1Pf4y18715,大清亡了是什么梗【梗指南】,https://www.bilibili.com/video/BV1Pf4y18715
2002,梗指南,2021-06-09,一芒、一爽,yī máng 、 yī shuǎng,yi mang 、 yi shuang,01:00,BV1hV41147oD,一芒、一爽是什么梗【梗指南】,https://www.bilibili.com/video/BV1hV41147oD
2003,梗百科,2021-06-09,蜜雪冰城主题曲,mì xuě bīng chéng zhǔ tí qū,mi xue bing cheng zhu ti qu,01:28,BV1ef4y1877B,【梗百科】蜜雪冰城主题曲是啥梗？你学编程天灭你是啥？,https://www.bilibili.com/video/BV1ef4y1877B
2004,梗指南,2021-06-08,钓鱼佬永不空军,diào yú lǎo yǒng bù kōng jūn,diao yu lao yong bu kong jun,01:14,BV1UQ4y1972u,钓鱼佬永不空军是什么梗【梗指南】,https://www.bilibili.com/video/BV1UQ4y1972u
2005,梗百科,2021-06-08,吴京中国,wú jīng zhōng guó,wu jing zhong guo,00:42,BV1V54y1G7Vo,【梗百科】吴京中国是啥梗？这个图原来出自这里！！,https://www.bilibili.com/video/BV1V54y1G7Vo
2006,梗指南,2021-06-07,阿嘿哈,ā hēi hā,a hei ha,01:19,BV1264y1R7kh,阿嘿哈是什么梗【梗指南】,https://www.bilibili.com/video/BV1264y1R7kh
2007,梗指南,2021-06-06,C罗,C luó,C luo,01:09,BV1E5411M75P,C罗是什么梗【梗指南】,https://www.bilibili.com/video/BV1E5411M75P
2008,梗百科,2021-06-06,采访第一个出考场的XX,cǎi fǎng dì yí gè chū kǎo chǎng de XX,cai fang di yi ge chu kao chang de XX,02:29,BV14h411e7jk,【梗百科】采访第一个出考场的XX是啥梗？,https://www.bilibili.com/video/BV14h411e7jk
2009,梗指南,2021-06-05,让子弹飞申遗,ràng zǐ dàn fēi shēn yí,rang zi dan fei shen yi,01:32,BV1dq4y1j7e7,让子弹飞申遗是什么梗【梗指南】,https://www.bilibili.com/video/BV1dq4y1j7e7
2010,梗百科,2021-06-05,索隆十字架,suǒ lóng shí zì jià,suo long shi zi jia,01:28,BV1Kh411e7vw,【梗百科】索隆十字架是啥梗？,https://www.bilibili.com/video/BV1Kh411e7vw
2011,梗指南,2021-06-04,玉玉寡欢、藏狐,yù yù guǎ huān 、 cáng hú,yu yu gua huan 、 cang hu,02:08,BV1vK4y1X7X9,玉玉寡欢、藏狐是什么梗【梗指南】,https://www.bilibili.com/video/BV1vK4y1X7X9
2012,梗百科,2021-06-04,速通阿伟,sù tōng ā wěi,su tong a wei,02:08,BV1KQ4y197L6,【梗百科】速通阿伟是啥梗？,https://www.bilibili.com/video/BV1KQ4y197L6
2013,梗指南,2021-06-02,三句话让男人为我花了18万,sān jù huà ràng nán rén wéi wǒ huā le 18 wàn,san ju hua rang nan ren wei wo hua le 18 wan,01:39,BV1T5411M7pk,三句话让男人为我花了18万是什么梗【梗指南】,https://www.bilibili.com/video/BV1T5411M7pk
2014,梗指南,2021-06-01,以雷霆击碎黑暗,yǐ léi tíng jī suì hēi àn,yi lei ting ji sui hei an,02:03,BV1Zo4y1C7gN,以雷霆击碎黑暗是什么梗【梗指南】,https://www.bilibili.com/video/BV1Zo4y1C7gN
2015,梗百科,2021-06-01,贵州和广西相比,guì zhōu hé guǎng xī xiāng bǐ,gui zhou he guang xi xiang bi,01:30,BV1ph411e7XM,【梗百科】贵州和广西相比是啥梗？,https://www.bilibili.com/video/BV1ph411e7XM
2016,梗指南,2021-05-31,躺平,tǎng píng,tang ping,01:00,BV11h411Y7Ng,躺平是什么梗【梗指南】,https://www.bilibili.com/video/BV11h411Y7Ng
2017,梗百科,2021-05-31,吸血鬼夫人有,xī xuè guǐ fū rén yǒu,xi xue gui fu ren you,01:51,BV1h54y1V79y,【梗百科】吸血鬼夫人有啥梗？,https://www.bilibili.com/video/BV1h54y1V79y
2018,梗指南,2021-05-30,天天鉴刑,tiān tiān jiàn xíng,tian tian jian xing,01:31,BV1Ro4y1178y,天天鉴刑是什么梗【梗指南】,https://www.bilibili.com/video/BV1Ro4y1178y
2019,梗百科,2021-05-30,哈,hā,ha,01:53,BV1gA41137c9,【梗百科】哈！！是啥梗？,https://www.bilibili.com/video/BV1gA41137c9
2020,梗指南,2021-05-29,肌肉金轮,jī ròu jīn lún,ji rou jin lun,01:33,BV1AV41177NE,肌肉金轮是什么梗【梗指南】,https://www.bilibili.com/video/BV1AV41177NE
2021,梗指南,2021-05-28,夹子,jiā zi,jia zi,01:17,BV185411g7w7,夹子是什么梗【梗指南】,https://www.bilibili.com/video/BV185411g7w7
2022,梗百科,2021-05-28,肌肉金轮,jī ròu jīn lún,ji rou jin lun,00:56,BV1NK4y1R7Lc,【梗百科】肌肉金轮是啥梗？,https://www.bilibili.com/video/BV1NK4y1R7Lc
2023,梗百科,2021-05-27,性格主导色,xìng gé zhǔ dǎo sè,xing ge zhu dao se,01:02,BV1tU4y1L74F,【梗百科】性格主导色是啥梗？,https://www.bilibili.com/video/BV1tU4y1L74F
2024,梗指南,2021-05-27,这腿我能玩一年,zhè tuǐ wǒ néng wán yī nián,zhe tui wo neng wan yi nian,01:35,BV1aU4y1L7mw,这腿我能玩一年是什么梗【梗指南】,https://www.bilibili.com/video/BV1aU4y1L7mw
2025,梗指南,2021-05-26,天临时代,tiān lín shí dài,tian lin shi dai,00:56,BV1Qy4y1g7PH,天临时代是什么梗【梗指南】,https://www.bilibili.com/video/BV1Qy4y1g7PH
2026,梗百科,2021-05-26,蓝衣战神,lán yī zhàn shén,lan yi zhan shen,01:00,BV11y4y1g7Cx,【梗百科】蓝衣战神是啥梗？,https://www.bilibili.com/video/BV11y4y1g7Cx
2027,梗指南,2021-05-25,本斥但多,běn chì dàn duō,ben chi dan duo,01:05,BV1Gv411V7FM,本斥但多是什么梗【梗指南】,https://www.bilibili.com/video/BV1Gv411V7FM
2028,梗百科,2021-05-25,233,233,233,00:45,BV1rb4y1o7iy,【梗百科】233是啥梗？为什么它能代表笑的意思？,https://www.bilibili.com/video/BV1rb4y1o7iy
2029,梗指南,2021-05-24,我很不安,wǒ hěn bù ān,wo hen bu an,01:05,BV19o4y1179t,我很不安是什么梗【梗指南】,https://www.bilibili.com/video/BV19o4y1179t
2030,梗百科,2021-05-24,cheems,cheems,cheems,02:09,BV1PA41137Up,【梗百科】cheems是啥梗？,https://www.bilibili.com/video/BV1PA41137Up
2031,梗百科,2021-05-23,让子弹飞申遗,ràng zǐ dàn fēi shēn yí,rang zi dan fei shen yi,02:29,BV1hV411j7D7,【梗百科】让子弹飞申遗是啥梗？,https://www.bilibili.com/video/BV1hV411j7D7
2032,梗百科,2021-05-22,星野源贴头,xīng yě yuán tiē tóu,xing ye yuan tie tou,01:55,BV1A64y1y76C,【梗百科】星野源贴头是啥梗？,https://www.bilibili.com/video/BV1A64y1y76C
2033,梗指南,2021-05-21,汪汪队立大功,wāng wāng duì lì dà gōng,wang wang dui li da gong,01:03,BV15q4y1E7fQ,汪汪队立大功是什么梗【梗指南】,https://www.bilibili.com/video/BV15q4y1E7fQ
2034,梗百科,2021-05-21,反戏精黑人小哥,fǎn xì jīng hēi rén xiǎo gē,fan xi jing hei ren xiao ge,01:45,BV1vN411Z7wF,【梗百科】反戏精黑人小哥是啥梗？,https://www.bilibili.com/video/BV1vN411Z7wF
2035,梗百科,2021-05-21,曹县,cáo xiàn,cao xian,01:18,BV1UK4y197ga,【梗百科】曹县是啥梗？,https://www.bilibili.com/video/BV1UK4y197ga
2036,梗指南,2021-05-20,鹿哥喜提二手车,lù gē xǐ tí èr shǒu chē,lu ge xi ti er shou che,01:06,BV1Sh411v7cA,鹿哥喜提二手车是什么梗【梗指南】,https://www.bilibili.com/video/BV1Sh411v7cA
2037,梗百科,2021-05-20,三点几饮茶,sān diǎn jǐ yǐn chá,san dian ji yin cha,01:14,BV1b64y1y7RT,【梗百科】三点几饮茶是啥梗？真正的出处找到了！,https://www.bilibili.com/video/BV1b64y1y7RT
2038,梗百科,2021-05-20,藏狐耍双节棍,cáng hú shuǎ shuāng jié gùn,cang hu shua shuang jie gun,01:11,BV1Ao4y117ug,【梗百科】藏狐耍双节棍是啥梗？,https://www.bilibili.com/video/BV1Ao4y117ug
2039,梗指南,2021-05-19,既然提到了privilege,jì rán tí dào le privilege,ji ran ti dao le privilege,01:01,BV1Ko4y117LP,既然提到了privilege是什么梗【梗指南】,https://www.bilibili.com/video/BV1Ko4y117LP
2040,梗指南,2021-05-18,我们的游戏正在蒸蒸日上,wǒ men de yóu xì zhèng zài zhēng zhēng rì shàng,wo men de you xi zheng zai zheng zheng ri shang,01:01,BV1xf4y1Y7yE,我们的游戏正在蒸蒸日上是什么梗【梗指南】,https://www.bilibili.com/video/BV1xf4y1Y7yE
2041,梗指南,2021-05-17,你能再表演一下那个吗,nǐ néng zài biǎo yǎn yī xià nà ge ma,ni neng zai biao yan yi xia na ge ma,01:01,BV1eA411g7We,你能再表演一下那个吗是什么梗【梗指南】,https://www.bilibili.com/video/BV1eA411g7We
2042,梗指南,2021-05-16,我来组成头部,wǒ lái zǔ chéng tóu bù,wo lai zu cheng tou bu,01:08,BV1Gp4y1t7Qc,我来组成头部是什么梗【梗指南】,https://www.bilibili.com/video/BV1Gp4y1t7Qc
2043,梗指南,2021-05-15,独步，我的超人,dú bù ， wǒ de chāo rén,du bu ， wo de chao ren,01:05,BV1Wo4y1m7SV,独步，我的超人是什么梗【梗指南】,https://www.bilibili.com/video/BV1Wo4y1m7SV
2044,梗指南,2021-05-13,一旦接受了这种设定,yí dàn jiē shòu le zhè zhǒng shè dìng,yi dan jie shou le zhe zhong she ding,01:01,BV1Ny4y1W7HA,一旦接受了这种设定是什么梗【梗指南】,https://www.bilibili.com/video/BV1Ny4y1W7HA
2045,梗指南,2021-05-12,饮茶先,yǐn chá xiān,yin cha xian,01:03,BV1bo4y1m7a6,饮茶先是什么梗【梗指南】,https://www.bilibili.com/video/BV1bo4y1m7a6
2046,梗指南,2021-05-11,毕竟老夫也不是什么恶魔,bì jìng lǎo fū yě bú shì shén me è mó,bi jing lao fu ye bu shi shen me e mo,01:44,BV1g54y1L7Ua,毕竟老夫也不是什么恶魔是什么梗【梗指南】,https://www.bilibili.com/video/BV1g54y1L7Ua
2047,梗指南,2021-05-10,rerorero,rerorero,rerorero,01:23,BV1464y1C7yD,rerorero是什么梗【梗指南】,https://www.bilibili.com/video/BV1464y1C7yD
2048,梗指南,2021-05-09,其他人做得到吗,qí tā rén zuò dé dào ma,qi ta ren zuo de dao ma,01:19,BV1Fb4y1f7cM,其他人做得到吗是什么梗【梗指南】,https://www.bilibili.com/video/BV1Fb4y1f7cM
2049,梗指南,2021-05-08,两面包夹芝士,liǎng miàn bāo jiā zhī shì,liang mian bao jia zhi shi,05:09,BV1YQ4y1d78A,两面包夹芝士是什么梗【梗指南】,https://www.bilibili.com/video/BV1YQ4y1d78A
2050,梗指南,2021-05-07,变了啊啊啊啊啊,biàn le a a a a a,bian le a a a a a,01:05,BV1BN411f7Ho,变了啊啊啊啊啊是什么梗【梗指南】,https://www.bilibili.com/video/BV1BN411f7Ho
2051,梗指南,2021-05-04,用爱发电,yòng ài fā diàn,yong ai fa dian,00:52,BV1H64y127vR,用爱发电是什么梗【梗指南】,https://www.bilibili.com/video/BV1H64y127vR
2052,梗指南,2021-05-03,厨力放出,chú lì fàng chū,chu li fang chu,00:55,BV14q4y1J7Ms,厨力放出是什么梗【梗指南】,https://www.bilibili.com/video/BV14q4y1J7Ms
2053,梗指南,2021-05-02,逐渐迪化,zhú jiàn dí huà,zhu jian di hua,01:32,BV1Yh411m77v,逐渐迪化是什么梗【梗指南】,https://www.bilibili.com/video/BV1Yh411m77v
2054,梗指南,2021-05-01,元首的愤怒,yuán shǒu de fèn nù,yuan shou de fen nu,01:03,BV1qQ4y1Z7LL,元首的愤怒是什么梗【梗指南】,https://www.bilibili.com/video/BV1qQ4y1Z7LL
2055,梗指南,2021-04-30,Niconiconi,Niconiconi,Niconiconi,01:35,BV1f64y1y7Pg,Niconiconi是什么梗【梗指南】,https://www.bilibili.com/video/BV1f64y1y7Pg
2056,梗指南,2021-04-29,绅士,shēn shì,shen shi,01:09,BV1JU4y187xP,绅士是什么梗【梗指南】,https://www.bilibili.com/video/BV1JU4y187xP
2057,梗指南,2021-04-27,为什么你这么熟练啊,wèi shén me nǐ zhè me shú liàn a,wei shen me ni zhe me shu lian a,01:13,BV1o84y1F7Vv,为什么你这么熟练啊是什么梗【梗指南】,https://www.bilibili.com/video/BV1o84y1F7Vv
2058,梗指南,2021-04-26,xx是一款我的问题,xx shì yī kuǎn wǒ de wèn tí,xx shi yi kuan wo de wen ti,01:12,BV1d64y1y7Tp,xx是一款我的问题是什么梗【梗指南】,https://www.bilibili.com/video/BV1d64y1y7Tp
2059,梗指南,2021-04-25,这使你充满了决心,zhè shǐ nǐ chōng mǎn le jué xīn,zhe shi ni chong man le jue xin,01:00,BV1nK411c7AF,这使你充满了决心是什么梗【梗指南】,https://www.bilibili.com/video/BV1nK411c7AF
2060,梗指南,2021-04-24,你脸红个泡泡茶壶,nǐ liǎn hóng gè pào pào chá hú,ni lian hong ge pao pao cha hu,01:15,BV1A64y1i7bB,你脸红个泡泡茶壶是什么梗【梗指南】,https://www.bilibili.com/video/BV1A64y1i7bB
2061,梗指南,2021-04-22,建议拉去通渠,jiàn yì lā qù tōng qú,jian yi la qu tong qu,01:08,BV1LK4y1P7Ni,建议拉去通渠是什么梗【梗指南】,https://www.bilibili.com/video/BV1LK4y1P7Ni
2062,梗指南,2021-04-21,潘嘎之交,pān gā zhī jiāo,pan ga zhi jiao,01:45,BV1864y1i7c7,潘嘎之交是什么梗【梗指南】,https://www.bilibili.com/video/BV1864y1i7c7
2063,梗指南,2021-04-21,尸体在说话,shī tǐ zài shuō huà,shi ti zai shuo hua,00:43,BV1vA411L7mq,尸体在说话是什么梗【梗指南】,https://www.bilibili.com/video/BV1vA411L7mq
2064,梗指南,2021-04-19,M1917美国制史密斯维森,M1917 měi guó zhì shǐ mì sī wéi sēn,M1917 mei guo zhi shi mi si wei sen,01:05,BV1Jy4y147XZ,M1917美国制史密斯维森是什么梗【梗指南】,https://www.bilibili.com/video/BV1Jy4y147XZ
2065,梗指南,2021-04-18,是洋葱，我加了洋葱,shì yáng cōng ， wǒ jiā le yáng cōng,shi yang cong ， wo jia le yang cong,01:13,BV15K411c7j5,是洋葱，我加了洋葱是什么梗【梗指南】,https://www.bilibili.com/video/BV15K411c7j5
2066,梗指南,2021-04-17,但我的痛苦在你之上,dàn wǒ de tòng kǔ zài nǐ zhī shàng,dan wo de tong ku zai ni zhi shang,01:24,BV1fv41177xC,但我的痛苦在你之上是什么梗【梗指南】,https://www.bilibili.com/video/BV1fv41177xC
2067,梗指南,2021-04-16,真有你们的啊SE,zhēn yǒu nǐ men de a SE,zhen you ni men de a SE,00:54,BV1TK4y1K7MG,真有你们的啊SE是什么梗【梗指南】,https://www.bilibili.com/video/BV1TK4y1K7MG
2068,梗指南,2021-04-15,我就是玩儿体,wǒ jiù shì wán ér tǐ,wo jiu shi wan er ti,00:48,BV1xK4y1K7C1,我就是玩儿体是什么梗【梗指南】,https://www.bilibili.com/video/BV1xK4y1K7C1
2069,梗指南,2021-04-13,亿点点,yì diǎn diǎn,yi dian dian,01:03,BV1th411U77C,亿点点是什么梗【梗指南】,https://www.bilibili.com/video/BV1th411U77C
2070,梗指南,2021-04-12,艺术就是爆炸,yì shù jiù shì bào zhà,yi shu jiu shi bao zha,00:54,BV1UK411w73S,艺术就是爆炸是什么梗【梗指南】,https://www.bilibili.com/video/BV1UK411w73S
2071,梗指南,2021-04-11,如果快乐太难，那我祝你平安,rú guǒ kuài lè tài nán ， nà wǒ zhù nǐ píng ān,ru guo kuai le tai nan ， na wo zhu ni ping an,01:03,BV1EA411L7GV,如果快乐太难，那我祝你平安是什么梗【梗指南】,https://www.bilibili.com/video/BV1EA411L7GV
2072,梗指南,2021-04-09,心疼哥哥,xīn téng gē gē,xin teng ge ge,00:55,BV13v411778M,心疼哥哥是什么梗【梗指南】,https://www.bilibili.com/video/BV13v411778M
2073,梗指南,2021-04-08,什么是快乐星球,shén me shì kuài lè xīng qiú,shen me shi kuai le xing qiu,00:51,BV1Sh411U7Ja,什么是快乐星球是什么梗【梗指南】,https://www.bilibili.com/video/BV1Sh411U7Ja
2074,梗指南,2021-04-07,吾辈楷模,wú bèi kǎi mó,wu bei kai mo,00:58,BV1py4y1b7Kq,吾辈楷模是什么梗【梗指南】,https://www.bilibili.com/video/BV1py4y1b7Kq
2075,梗指南,2021-04-06,山东菏泽曹县牛逼666,shān dōng hé zé cáo xiàn niú bī 666,shan dong he ze cao xian niu bi 666,00:51,BV12V411n7v5,山东菏泽曹县牛逼666是什么梗【梗指南】,https://www.bilibili.com/video/BV12V411n7v5
2076,梗指南,2021-04-05,情比金坚七天锁,qíng bǐ jīn jiān qī tiān suǒ,qing bi jin jian qi tian suo,02:10,BV1TU4y1h7Dd,情比金坚七天锁是什么梗【梗指南】,https://www.bilibili.com/video/BV1TU4y1h7Dd
2077,梗指南,2021-04-03,震撼我妈,zhèn hàn wǒ mā,zhen han wo ma,00:47,BV1sK411w7q1,震撼我妈是什么梗【梗指南】,https://www.bilibili.com/video/BV1sK411w7q1
2078,梗指南,2021-04-02,前列腺刹车,qián liè xiàn shā chē,qian lie xian sha che,01:52,BV1np4y187oe,前列腺刹车是什么梗【梗指南】,https://www.bilibili.com/video/BV1np4y187oe
2079,梗指南,2021-04-01,你是GG还是MM,nǐ shì GG hái shì MM,ni shi GG hai shi MM,01:36,BV1364y1S7k8,你是GG还是MM是什么梗【梗指南】,https://www.bilibili.com/video/BV1364y1S7k8
2080,梗指南,2021-03-31,谷歌生草器,gǔ gē shēng cǎo qì,gu ge sheng cao qi,01:10,BV1eK411w75n,谷歌生草器是什么梗【梗指南】,https://www.bilibili.com/video/BV1eK411w75n
2081,梗指南,2021-03-31,今天的b站就逛到这里吧,jīn tiān de b zhàn jiù guàng dào zhè lǐ ba,jin tian de b zhan jiu guang dao zhe li ba,00:38,BV1jy4y1h7qY,今天的b站就逛到这里吧是什么梗【梗指南】,https://www.bilibili.com/video/BV1jy4y1h7qY
2082,梗指南,2021-03-29,诸君，我好兴奋啊,zhū jūn ， wǒ hǎo xīng fèn a,zhu jun ， wo hao xing fen a,01:46,BV1dy4y1473k,诸君，我好兴奋啊是什么梗【梗指南】,https://www.bilibili.com/video/BV1dy4y1473k
2083,梗指南,2021-03-28,喷射战士,pēn shè zhàn shì,pen she zhan shi,00:41,BV1SK411c78Z,喷射战士是什么梗【梗指南】,https://www.bilibili.com/video/BV1SK411c78Z
2084,梗指南,2021-03-27,无能狂怒,wú néng kuáng nù,wu neng kuang nu,01:18,BV1DA411N7bF,无能狂怒是什么梗【梗指南】,https://www.bilibili.com/video/BV1DA411N7bF
2085,梗指南,2021-03-26,大人时代变了,dà rén shí dài biàn le,da ren shi dai bian le,01:07,BV1T54y1h7EP,大人时代变了是什么梗【梗指南】,https://www.bilibili.com/video/BV1T54y1h7EP
2086,梗指南,2021-03-25,脚只是装饰而已,jiǎo zhǐ shì zhuāng shì ér yǐ,jiao zhi shi zhuang shi er yi,00:55,BV1Ay4y1t7d8,脚只是装饰而已是什么梗【梗指南】,https://www.bilibili.com/video/BV1Ay4y1t7d8
2087,梗指南,2021-03-24,谁也不会受伤的世界完成了,shuí yě bú huì shòu shāng de shì jiè wán chéng le,shui ye bu hui shou shang de shi jie wan cheng le,02:00,BV1RU4y1a7QA,谁也不会受伤的世界完成了是什么梗【梗指南】,https://www.bilibili.com/video/BV1RU4y1a7QA
2088,梗指南,2021-03-23,打开了但是没有完全打开,dǎ kāi le dàn shì méi yǒu wán quán dǎ kāi,da kai le dan shi mei you wan quan da kai,01:45,BV1jK4y1S7Px,打开了但是没有完全打开是什么梗【梗指南】,https://www.bilibili.com/video/BV1jK4y1S7Px
2089,梗指南,2021-03-23,我柜子动了,wǒ guì zi dòng le,wo gui zi dong le,01:11,BV1m5411P7Po,我柜子动了是什么梗【梗指南】,https://www.bilibili.com/video/BV1m5411P7Po
2090,梗指南,2021-03-21,directed by robert b weide,directed by robert b weide,directed by robert b weide,01:54,BV1Dp4y1h7TC,directed by robert b weide是什么梗【梗指南】,https://www.bilibili.com/video/BV1Dp4y1h7TC
2091,梗指南,2021-03-20,吃席,chī xí,chi xi,01:05,BV19Z4y1w7k4,吃席是什么梗【梗指南】,https://www.bilibili.com/video/BV19Z4y1w7k4
2092,梗指南,2021-03-19,猴山,hóu shān,hou shan,01:00,BV1S5411P71E,猴山是什么梗【梗指南】,https://www.bilibili.com/video/BV1S5411P71E
2093,梗指南,2021-03-18,违背祖宗的决定,wéi bèi zǔ zōng de jué dìng,wei bei zu zong de jue ding,01:05,BV1TN411X7z6,违背祖宗的决定是什么梗【梗指南】,https://www.bilibili.com/video/BV1TN411X7z6
2094,梗指南,2021-03-17,连我爸爸都没打过我,lián wǒ bà bà dōu méi dǎ guò wǒ,lian wo ba ba dou mei da guo wo,01:11,BV1Tz4y127at,连我爸爸都没打过我是什么梗【梗指南】,https://www.bilibili.com/video/BV1Tz4y127at
2095,梗指南,2021-03-16,我们三个太强了,wǒ men sān gè tài qiáng le,wo men san ge tai qiang le,01:07,BV12N411Q7UT,我们三个太强了是什么梗【梗指南】,https://www.bilibili.com/video/BV12N411Q7UT
2096,梗指南,2021-03-15,打入四强就算成功,dǎ rù sì qiáng jiù suàn chéng gōng,da ru si qiang jiu suan cheng gong,02:02,BV1v64y1D71t,打入四强就算成功是什么梗【梗指南】,https://www.bilibili.com/video/BV1v64y1D71t
2097,梗指南,2021-03-14,Q宝,Q bǎo,Q bao,01:37,BV1GN411X71E,Q宝是什么梗【梗指南】,https://www.bilibili.com/video/BV1GN411X71E
2098,梗指南,2021-03-13,杰哥不要啊,jié gē bú yào a,jie ge bu yao a,19:48,BV1ny4y1879k,杰哥不要啊是什么梗【梗指南】,https://www.bilibili.com/video/BV1ny4y1879k
2099,梗指南,2021-03-13,纯爱战神,chún ài zhàn shén,chun ai zhan shen,01:44,BV1av411h7vB,纯爱战神是什么梗【梗指南】,https://www.bilibili.com/video/BV1av411h7vB
2100,梗指南,2021-03-11,御三家,yù sān jiā,yu san jia,01:26,BV1Fv411a7vd,御三家是什么梗【梗指南】,https://www.bilibili.com/video/BV1Fv411a7vd
2101,梗指南,2021-03-10,后撤步,hòu chè bù,hou che bu,01:29,BV1h5411K7Vn,后撤步是什么梗【梗指南】,https://www.bilibili.com/video/BV1h5411K7Vn
2102,梗指南,2021-03-09,都是时臣的错,dōu shì shí chén de cuò,dou shi shi chen de cuo,01:15,BV1Pi4y1K7HH,都是时臣的错是什么梗【梗指南】,https://www.bilibili.com/video/BV1Pi4y1K7HH
2103,梗指南,2021-03-08,没有那种世俗的欲望,méi yǒu nà zhǒng shì sú de yù wàng,mei you na zhong shi su de yu wang,01:11,BV1KK4y1U78r,没有那种世俗的欲望是什么梗【梗指南】,https://www.bilibili.com/video/BV1KK4y1U78r
2104,梗指南,2021-03-07,罗老师别这样,luó lǎo shī bié zhè yàng,luo lao shi bie zhe yang,00:52,BV1tp4y1h7cd,罗老师别这样是什么梗【梗指南】,https://www.bilibili.com/video/BV1tp4y1h7cd
2105,梗指南,2021-03-06,XX指导：XX,XX zhǐ dǎo ：XX,XX zhi dao ：XX,01:14,BV1nU4y1p7oN,XX指导：XX是什么梗【梗指南】,https://www.bilibili.com/video/BV1nU4y1p7oN
2106,梗指南,2021-03-04,世界线收束,shì jiè xiàn shōu shù,shi jie xian shou shu,00:48,BV1FU4y1p7fd,世界线收束是什么梗【梗指南】,https://www.bilibili.com/video/BV1FU4y1p7fd
2107,梗指南,2021-03-03,内卷,nèi juǎn,nei juan,00:48,BV19i4y1T78E,内卷是什么梗【梗指南】,https://www.bilibili.com/video/BV19i4y1T78E
2108,梗指南,2021-03-02,种豆得瓜,zhǒng dòu dé guā,zhong dou de gua,01:02,BV1QA411K7Zz,种豆得瓜是什么梗【梗指南】,https://www.bilibili.com/video/BV1QA411K7Zz
2109,梗指南,2021-03-01,prpr呸喽呸喽,prpr pēi lóu pēi lóu,prpr pei lou pei lou,01:01,BV1Nf4y147jW,prpr呸喽呸喽是什么梗【梗指南】,https://www.bilibili.com/video/BV1Nf4y147jW
2110,梗指南,2021-02-27,危,wēi,wei,00:52,BV1R5411N7Pv,危是什么梗【梗指南】,https://www.bilibili.com/video/BV1R5411N7Pv
2111,梗指南,2021-02-26,如果奇迹有颜色，那一定是橙色,rú guǒ qí jì yǒu yán sè ， nà yí dìng shì chéng sè,ru guo qi ji you yan se ， na yi ding shi cheng se,01:15,BV11h411k7Br,如果奇迹有颜色，那一定是橙色是什么梗【梗指南】,https://www.bilibili.com/video/BV11h411k7Br
2112,梗指南,2021-02-25,橘里橘气,jú lǐ jú qì,ju li ju qi,01:17,BV12y4y1J7Yy,橘里橘气是什么梗【梗指南】,https://www.bilibili.com/video/BV12y4y1J7Yy
2113,梗指南,2021-02-24,握着我的抱枕,wò zhe wǒ de bào zhěn,wo zhe wo de bao zhen,01:18,BV1sK4y1S7R2,握着我的抱枕是什么梗【梗指南】,https://www.bilibili.com/video/BV1sK4y1S7R2
2114,梗指南,2021-02-23,梗小鬼,gěng xiǎo guǐ,geng xiao gui,01:04,BV1dK4y1Q72T,梗小鬼是什么梗【梗指南】,https://www.bilibili.com/video/BV1dK4y1Q72T
2115,梗指南,2021-02-22,差不多得了,chà bu duō dé le,cha bu duo de le,00:43,BV1i5411E7eN,差不多得了是什么梗【梗指南】,https://www.bilibili.com/video/BV1i5411E7eN
2116,梗指南,2021-02-21,夺笋呐,duó sǔn nà,duo sun na,00:37,BV1sK4y1H7tp,夺笋呐是什么梗【梗指南】,https://www.bilibili.com/video/BV1sK4y1H7tp
2117,梗指南,2021-02-20,Nice Boat,Nice Boat,Nice Boat,01:27,BV1oV411e75U,Nice Boat是什么梗【梗指南】,https://www.bilibili.com/video/BV1oV411e75U
2118,梗指南,2021-02-18,接头霸王,jiē tóu bà wáng,jie tou ba wang,01:06,BV1Sb4y197LX,接头霸王是什么梗【梗指南】,https://www.bilibili.com/video/BV1Sb4y197LX
2119,梗指南,2021-02-17,DD斩首,DD zhǎn shǒu,DD zhan shou,02:15,BV1Yf4y1z7X7,DD斩首是什么梗【梗指南】,https://www.bilibili.com/video/BV1Yf4y1z7X7
2120,梗指南,2021-02-16,橙色正义,chéng sè zhèng yì,cheng se zheng yi,01:32,BV1Rr4y1P7nm,橙色正义是什么梗【梗指南】,https://www.bilibili.com/video/BV1Rr4y1P7nm
2121,梗指南,2021-02-15,清朝老兵,qīng cháo lǎo bīng,qing chao lao bing,01:35,BV1vK4y1n73A,清朝老兵是什么梗【梗指南】,https://www.bilibili.com/video/BV1vK4y1n73A
2122,梗指南,2021-02-13,星际玩家,xīng jì wán jiā,xing ji wan jia,00:55,BV1Py4y1H74R,星际玩家是什么梗【梗指南】,https://www.bilibili.com/video/BV1Py4y1H74R
2123,梗指南,2021-02-12,贴贴,tiē tiē,tie tie,00:34,BV18y4y1E7dz,贴贴是什么梗【梗指南】,https://www.bilibili.com/video/BV18y4y1E7dz
2124,梗指南,2021-02-11,谢谢你，Cheems,xiè xiè nǐ ，Cheems,xie xie ni ，Cheems,01:08,BV12o4y197BV,谢谢你，Cheems是什么梗【梗指南】,https://www.bilibili.com/video/BV12o4y197BV
2125,梗指南,2021-02-10,Surprise Motherfucker,Surprise Motherfucker,Surprise Motherfucker,01:07,BV1zy4y1E7pY,Surprise Motherfucker是什么梗【梗指南】,https://www.bilibili.com/video/BV1zy4y1E7pY
2126,梗指南,2021-02-09,前方高能,qián fāng gāo néng,qian fang gao neng,01:39,BV1i541177YN,前方高能是什么梗【梗指南】,https://www.bilibili.com/video/BV1i541177YN
2127,梗指南,2021-02-08,天空是蔚蓝色，窗外有千纸鹤,tiān kōng shì wèi lán sè ， chuāng wài yǒu qiān zhǐ hè,tian kong shi wei lan se ， chuang wai you qian zhi he,02:08,BV1ZN41197oj,天空是蔚蓝色，窗外有千纸鹤是什么梗【梗指南】,https://www.bilibili.com/video/BV1ZN41197oj
2128,梗指南,2021-02-07,好耶,hǎo yé,hao ye,00:59,BV1yy4y1n7Yz,好耶是什么梗【梗指南】,https://www.bilibili.com/video/BV1yy4y1n7Yz
2129,梗指南,2021-02-06,乳法,rǔ fǎ,ru fa,01:43,BV1xK4y1n7Sf,乳法是什么梗【梗指南】,https://www.bilibili.com/video/BV1xK4y1n7Sf
2130,梗指南,2021-02-05,逮虾户,dǎi xiā hù,dai xia hu,04:01,BV1a541177p7,逮虾户是什么梗【梗指南】,https://www.bilibili.com/video/BV1a541177p7
2131,梗指南,2021-02-04,考哥.jpg,kǎo gē .jpg,kao ge .jpg,01:09,BV1xN411R7xi,考哥.jpg是什么梗【梗指南】,https://www.bilibili.com/video/BV1xN411R7xi
2132,梗指南,2021-02-03,越共探头,yuè gòng tàn tóu,yue gong tan tou,01:16,BV1Fi4y1F7ZW,越共探头是什么梗【梗指南】,https://www.bilibili.com/video/BV1Fi4y1F7ZW
2133,梗指南,2021-02-01,双厨狂喜,shuāng chú kuáng xǐ,shuang chu kuang xi,01:03,BV1AN411R7K1,双厨狂喜是什么梗【梗指南】,https://www.bilibili.com/video/BV1AN411R7K1
2134,梗指南,2021-01-31,梗警察,gěng jǐng chá,geng jing cha,00:56,BV14T4y1P7kK,梗警察是什么梗【梗指南】,https://www.bilibili.com/video/BV14T4y1P7kK
2135,梗指南,2021-01-30,快按住老虚,kuài àn zhù lǎo xū,kuai an zhu lao xu,01:38,BV1Mr4y1K73r,快按住老虚是什么梗【梗指南】,https://www.bilibili.com/video/BV1Mr4y1K73r
2136,梗指南,2021-01-29,san值,san zhí,san zhi,00:55,BV1Mo4y1d7fy,san值是什么梗【梗指南】,https://www.bilibili.com/video/BV1Mo4y1d7fy
2137,梗指南,2021-01-28,莱纳你坐啊,lái nà nǐ zuò a,lai na ni zuo a,01:02,BV12f4y167XE,莱纳你坐啊是什么梗【梗指南】,https://www.bilibili.com/video/BV12f4y167XE
2138,梗指南,2021-01-27,收手吧xx，外面都是xx,shōu shǒu ba xx， wài miàn dōu shì xx,shou shou ba xx， wai mian dou shi xx,00:55,BV1NV411b7kR,收手吧xx，外面都是xx是什么梗【梗指南】,https://www.bilibili.com/video/BV1NV411b7kR
2139,梗指南,2021-01-26,Swole Doge vs Crying Cheems,Swole Doge vs Crying Cheems,Swole Doge vs Crying Cheems,00:45,BV1KA411p7LM,Swole Doge vs Crying Cheems是什么梗【梗指南】,https://www.bilibili.com/video/BV1KA411p7LM
2140,梗指南,2021-01-25,电脑配件,diàn nǎo pèi jiàn,dian nao pei jian,02:00,BV18y4y1p7TH,电脑配件是什么梗【梗指南】,https://www.bilibili.com/video/BV18y4y1p7TH
2141,梗指南,2021-01-24,鸭子,yā zi,ya zi,01:39,BV17y4y1p7pN,鸭子是什么梗【梗指南】,https://www.bilibili.com/video/BV17y4y1p7pN
2142,梗指南,2021-01-23,吔屎啦梁非凡,yě shǐ la liáng fēi fán,ye shi la liang fei fan,01:51,BV1gy4y117dq,吔屎啦梁非凡是什么梗【梗指南】,https://www.bilibili.com/video/BV1gy4y117dq
2143,梗指南,2021-01-22,卡其脱离太,kǎ qí tuō lí tài,ka qi tuo li tai,01:09,BV1wv4y1f7jW,卡其脱离太是什么梗【梗指南】,https://www.bilibili.com/video/BV1wv4y1f7jW
2144,梗指南,2021-01-21,冬冠赛场上那些“一诺行为”到底,dōng guān sài chǎng shàng nà xiē “ yī nuò xíng wéi ” dào dǐ,dong guan sai chang shang na xie “ yi nuo xing wei ” dao di,02:10,BV1AK4y1s7es,冬冠赛场上那些“一诺行为”到底是什么梗【梗指南】,https://www.bilibili.com/video/BV1AK4y1s7es
2145,梗指南,2021-01-20,印尼电信广告IndiHome Paket Phoenix,yìn ní diàn xìn guǎng gào IndiHome Paket Phoenix,yin ni dian xin guang gao IndiHome Paket Phoenix,01:03,BV1iK4y1H7RX,印尼电信广告 IndiHome Paket Phoenix是什么梗【梗指南】,https://www.bilibili.com/video/BV1iK4y1H7RX
2146,梗指南,2021-01-19,rick roll,rick roll,rick roll,01:16,BV1iz4y167yL,rick roll是什么梗【梗指南】,https://www.bilibili.com/video/BV1iz4y167yL
2147,梗指南,2021-01-18,钓鱼,diào yú,diao yu,00:35,BV1c5411H71W,钓鱼是什么梗【梗指南】,https://www.bilibili.com/video/BV1c5411H71W
2148,梗指南,2021-01-17,山本我日你仙人,shān běn wǒ rì nǐ xiān rén,shan ben wo ri ni xian ren,01:26,BV1qz4y167Uq,山本我日你仙人是什么梗【梗指南】,https://www.bilibili.com/video/BV1qz4y167Uq
2149,梗指南,2021-01-16,危险发型,wēi xiǎn fà xíng,wei xian fa xing,01:22,BV1qA411H7yS,危险发型是什么梗【梗指南】,https://www.bilibili.com/video/BV1qA411H7yS
2150,梗指南,2021-01-15,摇头三人组,yáo tóu sān rén zǔ,yao tou san ren zu,01:05,BV1uv41147xC,摇头三人组是什么梗【梗指南】,https://www.bilibili.com/video/BV1uv41147xC
2151,梗指南,2021-01-09,摇摆羊,yáo bǎi yáng,yao bai yang,01:10,BV1Q54y1W7tx,摇摆羊是什么梗【梗指南】,https://www.bilibili.com/video/BV1Q54y1W7tx
2152,梗指南,2021-01-08,嗨~老婆,hāi ~ lǎo pó,hai ~ lao po,00:27,BV1Eh41127v2,嗨~老婆！是什么梗【梗指南】,https://www.bilibili.com/video/BV1Eh41127v2
2153,梗指南,2021-01-07,creeper,creeper,creeper,01:31,BV1Gf4y1y7dy,creeper是什么梗【梗指南】,https://www.bilibili.com/video/BV1Gf4y1y7dy
2154,梗指南,2021-01-06,抓鸭子,zhuā yā zi,zhua ya zi,00:46,BV1n54y147ay,抓鸭子是什么梗【梗指南】,https://www.bilibili.com/video/BV1n54y147ay
2155,梗指南,2021-01-05,黄毛,huáng máo,huang mao,00:44,BV1ca4y1H7n3,黄毛是什么梗【梗指南】,https://www.bilibili.com/video/BV1ca4y1H7n3
2156,梗指南,2021-01-03,听懂掌声,tīng dǒng zhǎng shēng,ting dong zhang sheng,00:42,BV1Gp4y1x7bt,听懂掌声是什么梗【梗指南】,https://www.bilibili.com/video/BV1Gp4y1x7bt
2157,梗指南,2021-01-01,竹节虫get stick bugged lol,zhú jié chóng get stick bugged lol,zhu jie chong get stick bugged lol,00:43,BV1Lf4y1C76c,竹节虫 get stick bugged lol 是什么梗【梗指南】,https://www.bilibili.com/video/BV1Lf4y1C76c
2158,梗指南,2020-12-30,懂得都懂,dǒng de dōu dǒng,dong de dou dong,01:34,BV1jv411t7Mg,懂得都懂是什么梗【梗指南】,https://www.bilibili.com/video/BV1jv411t7Mg
2159,梗指南,2020-12-29,吃个快餐,chī gè kuài cān,chi ge kuai can,01:10,BV1DA411s7KL,吃个快餐是什么梗【梗指南】,https://www.bilibili.com/video/BV1DA411s7KL
2160,梗指南,2020-12-27,坎油踹,kǎn yóu chuài,kan you chuai,01:58,BV1Ty4y1U7RR,坎油踹是什么梗？六秒八句英文？【梗指南】,https://www.bilibili.com/video/BV1Ty4y1U7RR
2161,梗指南,2020-12-26,ohhhhh,ohhhhh,ohhhhh,00:51,BV1MT4y1T7Px,ohhhhh是什么梗【梗指南】,https://www.bilibili.com/video/BV1MT4y1T7Px
2162,梗指南,2020-12-25,到二仙桥走成华大道,dào èr xiān qiáo zǒu chéng huá dà dào,dao er xian qiao zou cheng hua da dao,01:01,BV1iT4y1K7s7,【梗指南】到二仙桥走成华大道是什么梗,https://www.bilibili.com/video/BV1iT4y1K7s7
2163,梗指南,2020-12-23,"高情商,低情商","gāo qíng shāng , dī qíng shāng","gao qing shang , di qing shang",00:32,BV1Va4y1p7qD,"【梗指南】高情商,低情商是什么梗",https://www.bilibili.com/video/BV1Va4y1p7qD
2164,梗指南,2020-12-22,小丑竟是我自己,xiǎo chǒu jìng shì wǒ zì jǐ,xiao chou jing shi wo zi ji,01:17,BV1hv41147Rf,【梗指南】小丑竟是我自己是什么梗,https://www.bilibili.com/video/BV1hv41147Rf
2165,梗指南,2020-12-21,大鸟转转转,dà niǎo zhuǎn zhuǎn zhuǎn,da niao zhuan zhuan zhuan,00:35,BV1vv41147Gb,【梗指南】大鸟转转转是什么梗,https://www.bilibili.com/video/BV1vv41147Gb
2166,梗指南,2020-12-19,卧龙凤雏,wò lóng fèng chú,wo long feng chu,01:14,BV12z4y16797,【梗指南】卧龙凤雏是什么梗,https://www.bilibili.com/video/BV12z4y16797
2167,梗指南,2020-12-17,要啥自行车,yào shá zì xíng chē,yao sha zi xing che,01:49,BV1tV411h7Dc,【梗指南】要啥自行车是什么梗,https://www.bilibili.com/video/BV1tV411h7Dc
2168,梗指南,2020-12-16,这不比博人传燃吗,zhè bù bǐ bó rén chuán rán ma,zhe bu bi bo ren chuan ran ma,00:48,BV1wf4y1e7ij,【梗指南】这不比博人传燃吗是什么梗,https://www.bilibili.com/video/BV1wf4y1e7ij
2169,梗指南,2020-12-14,教练我想学XX,jiào liàn wǒ xiǎng xué XX,jiao lian wo xiang xue XX,01:02,BV1Dy4y1m7TL,【梗指南】教练我想学XX是什么梗？打手机？把妹？开飞机？,https://www.bilibili.com/video/BV1Dy4y1m7TL
2170,梗指南,2020-12-13,popo猫,popo māo,popo mao,01:02,BV1fp4y1z73d,【梗指南】popo猫是什么梗,https://www.bilibili.com/video/BV1fp4y1z73d
2171,梗指南,2020-12-12,赛博朋克,sài bó péng kè,sai bo peng ke,01:02,BV1xZ4y1g789,【梗指南】赛博朋克是什么梗,https://www.bilibili.com/video/BV1xZ4y1g789
2172,梗指南,2020-12-08,猪肝酱,zhū gān jiàng,zhu gan jiang,01:36,BV1Dp4y1z7yu,【梗指南】猪肝酱是什么梗？,https://www.bilibili.com/video/BV1Dp4y1z7yu
2173,梗指南,2020-12-07,捡肥皂,jiǎn féi zào,jian fei zao,01:15,BV15v411b7dc,【梗指南】捡肥皂是什么梗,https://www.bilibili.com/video/BV15v411b7dc
2174,梗指南,2020-12-04,你kin你擦,nǐ kin nǐ cā,ni kin ni ca,00:55,BV1Ry4y1q7Wq,【梗指南】你kin你擦是什么梗,https://www.bilibili.com/video/BV1Ry4y1q7Wq
2175,梗指南,2020-12-02,草,cǎo,cao,01:20,BV1iz4y1k7Gq,【梗指南】草是什么梗,https://www.bilibili.com/video/BV1iz4y1k7Gq
2176,梗指南,2020-11-30,向你敬礼啊salute,xiàng nǐ jìng lǐ a salute,xiang ni jing li a salute,00:45,BV19y4y1q7Ng,【梗指南】向你敬礼啊 salute是什么梗,https://www.bilibili.com/video/BV19y4y1q7Ng
2177,梗指南,2020-11-27,梁志超他奶奶,liáng zhì chāo tā nǎi nǎi,liang zhi chao ta nai nai,00:43,BV18a4y1W79D,【梗指南】梁志超他奶奶是什么梗,https://www.bilibili.com/video/BV18a4y1W79D
2178,梗指南,2020-11-25,战术后仰,zhàn shù hòu yǎng,zhan shu hou yang,00:52,BV13y4y1q7GQ,【梗指南】战术后仰是什么梗,https://www.bilibili.com/video/BV13y4y1q7GQ
2179,梗指南,2020-11-21,233,233,233,00:42,BV1vv411r73F,【梗指南】233是什么梗,https://www.bilibili.com/video/BV1vv411r73F
2180,梗指南,2020-11-19,我们都有光明的前途,wǒ men dōu yǒu guāng míng de qián tú,wo men dou you guang ming de qian tu,00:53,BV1Di4y1L7kx,【梗指南】我们都有光明的前途是什么梗,https://www.bilibili.com/video/BV1Di4y1L7kx
2181,梗指南,2020-11-18,反复横跳,fǎn fù héng tiào,fan fu heng tiao,03:47,BV1UD4y1Q7qb,【梗指南】反复横跳是什么梗,https://www.bilibili.com/video/BV1UD4y1Q7qb
2182,梗指南,2020-11-15,芜湖,wú hú,wu hu,00:28,BV15V411a7zV,【梗指南】芜湖是什么梗,https://www.bilibili.com/video/BV15V411a7zV
2183,梗指南,2020-11-13,KY,KY,KY,00:59,BV1kt4y1e7rs,【梗指南】KY是什么梗？,https://www.bilibili.com/video/BV1kt4y1e7rs
2184,梗指南,2020-11-12,人类还有希望吗,rén lèi hái yǒu xī wàng ma,ren lei hai you xi wang ma,00:43,BV1JA411x7Nm,【梗指南】人类还有希望吗是什么梗,https://www.bilibili.com/video/BV1JA411x7Nm
2185,梗指南,2020-11-10,马自达会堵路上,mǎ zì dá huì dǔ lù shàng,ma zi da hui du lu shang,01:07,BV1Li4y1L7Vg,【梗指南】马自达会堵路上是什么梗,https://www.bilibili.com/video/BV1Li4y1L7Vg
2186,梗指南,2020-11-09,凡尔赛文学,fán ěr sài wén xué,fan er sai wen xue,00:38,BV1Sa4y1s7q8,【梗指南】凡尔赛文学是什么梗？,https://www.bilibili.com/video/BV1Sa4y1s7q8
2187,梗指南,2020-11-08,这是在干什么,zhè shì zài gàn shén me,zhe shi zai gan shen me,01:04,BV12p4y1k7yk,【梗指南】这是在干什么是什么梗,https://www.bilibili.com/video/BV12p4y1k7yk
2188,梗指南,2020-11-07,那一刻他变成了光,nà yī kè tā biàn chéng le guāng,na yi ke ta bian cheng le guang,02:10,BV17t4y1e7FU,【梗指南】那一刻他变成了光是什么梗,https://www.bilibili.com/video/BV17t4y1e7FU
2189,梗指南,2020-11-05,退票姐,tuì piào jiě,tui piao jie,01:57,BV1aK411G7Dx,【梗指南】退票姐是什么梗,https://www.bilibili.com/video/BV1aK411G7Dx
2190,梗指南,2020-11-03,标准结局,biāo zhǔn jié jú,biao zhun jie ju,03:50,BV1eK4y1Z7zB,【梗指南】标准结局是什么梗,https://www.bilibili.com/video/BV1eK4y1Z7zB
2191,梗指南,2020-11-02,街头法则,jiē tóu fǎ zé,jie tou fa ze,01:39,BV1Qf4y1i72a,【梗指南】街头法则是什么梗,https://www.bilibili.com/video/BV1Qf4y1i72a
2192,梗指南,2020-11-01,年轻人不讲武德,nián qīng rén bù jiǎng wǔ dé,nian qing ren bu jiang wu de,02:42,BV1i5411L7QV,【梗指南】年轻人不讲武德是什么梗，浑元形意太极门掌门人马保国控诉两小伙!,https://www.bilibili.com/video/BV1i5411L7QV
2193,梗指南,2020-10-30,蕾某人用爱发电,lěi mǒu rén yòng ài fā diàn,lei mou ren yong ai fa dian,01:20,BV1Ny4y187cb,【梗指南】蕾某人用爱发电是什么梗,https://www.bilibili.com/video/BV1Ny4y187cb
2194,梗指南,2020-10-29,阿巴阿巴,ā bā ā bā,a ba a ba,01:26,BV1tt4y1i7cx,【梗指南】阿巴阿巴是什么梗,https://www.bilibili.com/video/BV1tt4y1i7cx
2195,梗指南,2020-10-28,三个打一个被反杀会不会玩,sān gè dǎ yí gè bèi fǎn shā huì bú huì wán,san ge da yi ge bei fan sha hui bu hui wan,01:47,BV1aD4y1973N,【梗指南】三个打一个被反杀会不会玩是什么梗,https://www.bilibili.com/video/BV1aD4y1973N
2196,梗指南,2020-10-27,网上流传的v3表情包“你妈的为什么”究竟是真是假,wǎng shàng liú chuán de v3 biǎo qíng bāo “ nǐ mā de wèi shén me ” jiū jìng shì zhēn shì jiǎ,wang shang liu chuan de v3 biao qing bao “ ni ma de wei shen me ” jiu jing shi zhen shi jia,01:15,BV1Ha411A7gf,【梗指南】网上流传的v3表情包“你妈的为什么”究竟是真是假？,https://www.bilibili.com/video/BV1Ha411A7gf
2197,梗指南,2020-10-26,"说谎的人要吞一千根针,姿态的一首《说谎》直接让耳朵怀孕","shuō huǎng de rén yào tūn yī qiān gēn zhēn , zī tài de yī shǒu 《 shuō huǎng 》 zhí jiē ràng ěr duǒ huái yùn","shuo huang de ren yao tun yi qian gen zhen , zi tai de yi shou 《 shuo huang 》 zhi jie rang er duo huai yun",01:30,BV1ff4y1B7Qv,"【梗指南】说谎的人要吞一千根针,姿态的一首《说谎》直接让耳朵怀孕！",https://www.bilibili.com/video/BV1ff4y1B7Qv
2198,梗指南,2020-10-25,杰克奥特曼为什么会对着赛文说“谢谢你泰罗,jié kè ào tè màn wèi shén me huì duì zhe sài wén shuō “ xiè xiè nǐ tài luó,jie ke ao te man wei shen me hui dui zhe sai wen shuo “ xie xie ni tai luo,00:56,BV1ra411A7Xf,【梗指南】杰克奥特曼为什么会对着赛文说“谢谢你泰罗”？,https://www.bilibili.com/video/BV1ra411A7Xf
2199,梗指南,2020-10-24,你这个挺好看的，我是学生能送我吗,nǐ zhè ge tǐng hǎo kàn de ， wǒ shì xué shēng néng sòng wǒ ma,ni zhe ge ting hao kan de ， wo shi xue sheng neng song wo ma,00:21,BV1zD4y197LP,【梗指南】你这个挺好看的，我是学生能送我吗？,https://www.bilibili.com/video/BV1zD4y197LP
2200,梗指南,2020-10-23,近期私信解答，百梗交集，你想知道的梗都在这,jìn qī sī xìn jiě dá ， bǎi gěng jiāo jí ， nǐ xiǎng zhī dào de gěng dōu zài zhè,jin qi si xin jie da ， bai geng jiao ji ， ni xiang zhi dao de geng dou zai zhe,05:12,BV1ui4y177Uo,【梗指南】近期私信解答，百梗交集，你想知道的梗都在这！,https://www.bilibili.com/video/BV1ui4y177Uo
2201,梗指南,2020-10-22,刻在NDA里的东西？别刻了DNA都满了,kè zài NDA lǐ de dōng xī ？ bié kè le DNA dōu mǎn le,ke zai NDA li de dong xi ？ bie ke le DNA dou man le,01:00,BV1Si4y1j7Ht,【梗指南】刻在NDA里的东西？别刻了DNA都满了！,https://www.bilibili.com/video/BV1Si4y1j7Ht
2202,梗指南,2020-10-22,梗字是从哪来的，梗为什么被叫做梗,gěng zì shì cóng nǎ lái de ， gěng wèi shén me bèi jiào zuò gěng,geng zi shi cong na lai de ， geng wei shen me bei jiao zuo geng,03:03,BV1Qf4y1B7hW,【梗指南】梗字是从哪来的，梗为什么被叫做梗？,https://www.bilibili.com/video/BV1Qf4y1B7hW
2203,梗指南,2020-10-21,打工人，打工魂，打工都是人上人,dǎ gōng rén ， dǎ gōng hún ， dǎ gōng dōu shì rén shàng rén,da gong ren ， da gong hun ， da gong dou shi ren shang ren,01:10,BV1Tr4y1w7q1,【梗指南】打工人，打工魂，打工都是人上人！,https://www.bilibili.com/video/BV1Tr4y1w7q1
2204,梗指南,2020-10-20,快了快了！等鸡吃完了米，狗舔了面，火烧断了锁up主就女装了,kuài le kuài le ！ děng jī chī wán le mǐ ， gǒu tiǎn le miàn ， huǒ shāo duàn le suǒ up zhǔ jiù nǚ zhuāng le,kuai le kuai le ！ deng ji chi wan le mi ， gou tian le mian ， huo shao duan le suo up zhu jiu nv zhuang le,00:41,BV1rK4y177tV,【梗指南】快了快了！等鸡吃完了米，狗舔了面，火烧断了锁up主就女装了,https://www.bilibili.com/video/BV1rK4y177tV
2205,梗指南,2020-10-20,滔博赢下比赛为什么要谢谢小杨生煎,tāo bó yíng xià bǐ sài wèi shén me yào xiè xiè xiǎo yáng shēng jiān,tao bo ying xia bi sai wei shen me yao xie xie xiao yang sheng jian,01:47,BV1h5411L7dM,【梗指南】滔博赢下比赛为什么要谢谢小杨生煎？,https://www.bilibili.com/video/BV1h5411L7dM
2206,梗指南,2020-10-19,淦字怎么念？是脏话还,gàn zì zěn me niàn ？ shì zāng huà hái,gan zi zen me nian ？ shi zang hua hai,00:28,BV1Ga4y1L7hU,【梗指南】淦字怎么念？是脏话还是什么意思？,https://www.bilibili.com/video/BV1Ga4y1L7hU
2207,梗指南,2020-10-18,您吃了嘛？没吃姐姐给你点外卖,nín chī le ma ？ méi chī jiě jiě gěi nǐ diǎn wài mài,nin chi le ma ？ mei chi jie jie gei ni dian wai mai,00:40,BV13v411k7kU,【梗指南】您吃了嘛？没吃姐姐给你点外卖！,https://www.bilibili.com/video/BV13v411k7kU
2208,梗指南,2020-10-17,谁不想当假面骑士呢？我只是一个路过的假面骑士,shuí bù xiǎng dāng jiǎ miàn qí shì ne ？ wǒ zhǐ shì yí gè lù guò de jiǎ miàn qí shì,shui bu xiang dang jia mian qi shi ne ？ wo zhi shi yi ge lu guo de jia mian qi shi,01:10,BV1Uz4y1d7Ef,【梗指南】谁不想当假面骑士呢？我只是一个路过的假面骑士,https://www.bilibili.com/video/BV1Uz4y1d7Ef
2209,梗指南,2020-10-16,这就是名媛？一群女孩竟然为了那种东西拼单,zhè jiù shì míng yuàn ？ yī qún nǚ hái jìng rán wèi le nà zhǒng dōng xī pīn dān,zhe jiu shi ming yuan ？ yi qun nv hai jing ran wei le na zhong dong xi pin dan,01:21,BV1ot4y1v7Nj,【梗指南】这就是名媛？一群女孩竟然为了那种东西拼单！,https://www.bilibili.com/video/BV1ot4y1v7Nj
2210,梗指南,2020-10-16,金色传说是什么？难道非酋就抽不出金色传说吗,jīn sè chuán shuō shì shén me ？ nán dào fēi qiú jiù chōu bù chū jīn sè chuán shuō ma,jin se chuan shuo shi shen me ？ nan dao fei qiu jiu chou bu chu jin se chuan shuo ma,01:02,BV11A41177Gv,【梗指南】金色传说是什么？难道非酋就抽不出金色传说吗？,https://www.bilibili.com/video/BV11A41177Gv
2211,梗指南,2020-10-15,花少北喊你来玩水！快来玩水啊姐妹们,huā shǎo běi hǎn nǐ lái wán shuǐ ！ kuài lái wán shuǐ a jiě mèi men,hua shao bei han ni lai wan shui ！ kuai lai wan shui a jie mei men,00:58,BV1Sa411w7VG,【梗指南】花少北喊你来玩水！快来玩水啊姐妹们~,https://www.bilibili.com/video/BV1Sa411w7VG
2212,梗指南,2020-10-15,这合理吗？居然和Mr_Quin有关,zhè hé lǐ ma ？ jū rán hé Mr_Quin yǒu guān,zhe he li ma ？ ju ran he Mr_Quin you guan,00:29,BV1A541177KA,【梗指南】这合理吗？居然和Mr_Quin有关!,https://www.bilibili.com/video/BV1A541177KA
2213,梗指南,2020-10-15,o泡果奶为何席卷各大学校的食堂和教室,o pào guǒ nǎi wèi hé xí juǎn gè dà xué xiào de shí táng hé jiào shì,o pao guo nai wei he xi juan ge da xue xiao de shi tang he jiao shi,00:55,BV1Fa4y1L7kC,【梗指南】o泡果奶为何席卷各大学校的食堂和教室？,https://www.bilibili.com/video/BV1Fa4y1L7kC
2214,梗指南,2020-10-14,我爸爸在夏威夷教我的,wǒ bà bà zài xià wēi yí jiào wǒ de,wo ba ba zai xia wei yi jiao wo de,00:42,BV13Z4y1L7dy,【梗指南】我爸爸在夏威夷教我的是什么梗,https://www.bilibili.com/video/BV13Z4y1L7dy
2215,梗指南,2020-10-12,好！很有精神,hǎo ！ hěn yǒu jīng shén,hao ！ hen you jing shen,00:52,BV1M54y1C7FG,【梗指南】好！很有精神是什么梗,https://www.bilibili.com/video/BV1M54y1C7FG
2216,梗指南,2020-10-11,你在教我做事啊,nǐ zài jiào wǒ zuò shì a,ni zai jiao wo zuo shi a,01:03,BV1YV41127JS,【梗指南】你在教我做事啊是什么梗,https://www.bilibili.com/video/BV1YV41127JS
2217,梗指南,2020-10-10,被绑架了就眨眨眼睛,bèi bǎng jià le jiù zhǎ zhǎ yǎn jīng,bei bang jia le jiu zha zha yan jing,00:46,BV1av411k7V7,【梗指南】被绑架了就眨眨眼睛是什么梗,https://www.bilibili.com/video/BV1av411k7V7
2218,梗指南,2020-10-09,你懂金木的痛吗,nǐ dǒng jīn mù de tòng ma,ni dong jin mu de tong ma,01:30,BV1eK4y1h7Lx,【梗指南】你懂金木的痛吗是什么梗,https://www.bilibili.com/video/BV1eK4y1h7Lx
2219,梗指南,2020-10-09,你不对劲,nǐ bú duì jìn,ni bu dui jin,00:34,BV1BK4y1h7pF,【梗指南】你不对劲是什么梗,https://www.bilibili.com/video/BV1BK4y1h7pF
2220,梗指南,2020-10-08,集美,jí měi,ji mei,01:21,BV1wa411A7Np,【梗指南】集美是什么梗,https://www.bilibili.com/video/BV1wa411A7Np
2221,梗指南,2020-10-08,住在山里真不错,zhù zài shān lǐ zhēn bù cuò,zhu zai shan li zhen bu cuo,00:32,BV1xv411y7io,【梗指南】住在山里真不错是什么梗,https://www.bilibili.com/video/BV1xv411y7io
2222,梗指南,2020-10-07,平角裤,píng jiǎo kù,ping jiao ku,00:35,BV19f4y1q7XX,【梗指南】平角裤是什么梗,https://www.bilibili.com/video/BV19f4y1q7XX
2223,梗指南,2020-10-06,FBI open the door,FBI open the door,FBI open the door,00:49,BV1VA41177eF,【梗指南】FBI open the door是什么梗,https://www.bilibili.com/video/BV1VA41177eF
2224,梗指南,2020-10-05,耶斯莫拉,yé sī mò lā,ye si mo la,00:48,BV1pA41177fc,【梗指南】耶斯莫拉是什么梗,https://www.bilibili.com/video/BV1pA41177fc
2225,梗指南,2020-10-05,中二病,zhōng èr bìng,zhong er bing,00:36,BV14Z4y157sB,【梗指南】中二病是什么梗,https://www.bilibili.com/video/BV14Z4y157sB
2226,梗指南,2020-10-04,声微饭否,shēng wēi fàn fǒu,sheng wei fan fou,00:45,BV1Pf4y1Q7p1,【梗指南】声微饭否是什么梗,https://www.bilibili.com/video/BV1Pf4y1Q7p1
2227,梗指南,2020-10-02,痛苦面具,tòng kǔ miàn jù,tong ku mian ju,00:50,BV1op4y1a7XZ,【梗指南】痛苦面具是什么梗,https://www.bilibili.com/video/BV1op4y1a7XZ
2228,梗指南,2020-10-01,NTR,NTR,NTR,00:56,BV1Zy4y1k7WZ,【梗指南】NTR是什么梗,https://www.bilibili.com/video/BV1Zy4y1k7WZ
2229,梗指南,2020-09-30,阿珍爱上了阿强,ā zhēn ài shàng le ā qiáng,a zhen ai shang le a qiang,01:12,BV1Qf4y1q7Yk,【梗指南】阿珍爱上了阿强是什么梗,https://www.bilibili.com/video/BV1Qf4y1q7Yk
2230,梗指南,2020-09-29,那可挺令人恶心的,nà kě tǐng lìng rén ě xīn de,na ke ting ling ren e xin de,01:17,BV19y4y1k7wh,【梗指南】那可挺令人恶心的是什么梗,https://www.bilibili.com/video/BV19y4y1k7wh
2231,梗指南,2020-09-28,哔哔安慕希,bì bì ān mù xī,bi bi an mu xi,00:57,BV1sh411X7au,【梗指南】哔哔安慕希是什么梗,https://www.bilibili.com/video/BV1sh411X7au
2232,梗指南,2020-09-27,书币,shū bì,shu bi,01:13,BV1yZ4y1N7n9,【梗指南】书币是什么梗,https://www.bilibili.com/video/BV1yZ4y1N7n9
2233,梗指南,2020-09-26,五虎上将,wǔ hǔ shàng jiàng,wu hu shang jiang,00:54,BV14D4y1o7yD,【梗指南】五虎上将是什么梗,https://www.bilibili.com/video/BV14D4y1o7yD
2234,梗指南,2020-09-24,妙啊,miào a,miao a,00:59,BV1Cy4y1y7k6,【梗指南】妙啊是什么梗,https://www.bilibili.com/video/BV1Cy4y1y7k6
2235,梗指南,2020-09-22,滑铲,huá chǎn,hua chan,00:28,BV1aZ4y1N73T,【梗指南】滑铲是什么梗,https://www.bilibili.com/video/BV1aZ4y1N73T
2236,梗指南,2020-09-21,上海zoo,shàng hǎi zoo,shang hai zoo,01:40,BV1Yh411X7Nc,【梗指南】上海zoo是什么梗,https://www.bilibili.com/video/BV1Yh411X7Nc
2237,梗指南,2020-09-19,可,kě,ke,00:31,BV1Lk4y11736,【梗指南】可是什么梗？,https://www.bilibili.com/video/BV1Lk4y11736
2238,梗指南,2020-09-17,WDNMD,WDNMD,WDNMD,00:41,BV1af4y1X7or,【梗指南】WDNMD是什么梗,https://www.bilibili.com/video/BV1af4y1X7or
2239,梗指南,2020-09-16,当明星玩自己的梗，你会因此增加好感嘛,dāng míng xīng wán zì jǐ de gěng ， nǐ huì yīn cǐ zēng jiā hǎo gǎn ma,dang ming xing wan zi ji de geng ， ni hui yin ci zeng jia hao gan ma,02:59,BV1wZ4y1N7yc,【梗指南】当明星玩自己的梗，你会因此增加好感嘛？,https://www.bilibili.com/video/BV1wZ4y1N7yc
2240,梗指南,2020-09-14,阴阳怪气男团老番茄为何深夜喊出财大NB,yīn yáng guài qì nán tuán lǎo fān qié wèi hé shēn yè hǎn chū cái dà NB,yin yang guai qi nan tuan lao fan qie wei he shen ye han chu cai da NB,00:52,BV1ui4y1u7JJ,【梗指南】阴阳怪气男团老番茄为何深夜喊出财大NB？,https://www.bilibili.com/video/BV1ui4y1u7JJ
2241,梗指南,2020-09-09,【狗皮giao药】两大地下rapper的世纪爱情,【 gǒu pí giao yào 】 liǎng dà dì xià rapper de shì jì ài qíng,【 gou pi giao yao 】 liang da di xia rapper de shi ji ai qing,04:57,BV1Ef4y1X7nM,【狗皮giao药】两大地下rapper的世纪爱情,https://www.bilibili.com/video/BV1Ef4y1X7nM
